{
    "start": [
        [
            6.131092473225324,
            93.16596697432134
        ],
        4.0
    ],
    "goal": [
        [
            486.3625840910562,
            371.0557828784448
        ],
        4.0
    ],
    "obstacles": [
        [
            [
                154.39806906961414,
                369.22601968536713
            ],
            5.561271046708646
        ],
        [
            [
                316.46545710746665,
                375.3806175371253
            ],
            5.067338411184483
        ],
        [
            [
                171.02968799898792,
                29.59541981508248
            ],
            3.695916139909815
        ],
        [
            [
                360.36656358194745,
                386.5129771910741
            ],
            3.629331668561881
        ],
        [
            [
                448.02707497456544,
                144.58222200869392
            ],
            5.170124392852092
        ],
        [
            [
                130.1862193248144,
                91.52627616476829
            ],
            4.2075529952523905
        ],
        [
            [
                472.8827221292218,
                297.168157277181
            ],
            3.061853675644861
        ],
        [
            [
                366.0820207628438,
                16.846279488911712
            ],
            5.004772603278399
        ],
        [
            [
                261.628643642376,
                258.4407937889714
            ],
            5.3745115070981075
        ],
        [
            [
                505.32824195480487,
                505.3295892503058
            ],
            3.1650061603020054
        ],
        [
            [
                351.3797408155669,
                278.08290324448575
            ],
            3.1021147662639503
        ],
        [
            [
                351.90289675433644,
                114.76892690670563
            ],
            3.485784142821712
        ],
        [
            [
                314.9432326528056,
                327.50174396874354
            ],
            4.004314219944075
        ],
        [
            [
                83.97483781874402,
                35.062017654419265
            ],
            4.315977561591939
        ],
        [
            [
                235.10499653800065,
                319.4825116448212
            ],
            5.835184541955671
        ],
        [
            [
                259.05176513133443,
                99.63271145107709
            ],
            3.547684620454906
        ],
        [
            [
                100.00531377058964,
                153.43795395829326
            ],
            5.917382281140094
        ],
        [
            [
                204.099922334769,
                46.20780263806661
            ],
            5.998275943250421
        ],
        [
            [
                185.1858850165806,
                152.50199467118975
            ],
            3.3451225508134224
        ],
        [
            [
                384.20046880914566,
                392.73598544752497
            ],
            4.296389642540496
        ],
        [
            [
                192.0195948786222,
                430.6928040685585
            ],
            3.9258884979203557
        ],
        [
            [
                132.19037686495312,
                107.38602024200381
            ],
            4.620090787606275
        ],
        [
            [
                478.1518986854693,
                42.75643114325465
            ],
            5.696694823754911
        ],
        [
            [
                25.492204206771852,
                107.03968310127144
            ],
            3.5240585238491833
        ],
        [
            [
                55.61549513250644,
                74.70135364697545
            ],
            3.9263028803514963
        ],
        [
            [
                404.96163741099633,
                259.22763811232164
            ],
            5.415246320212767
        ],
        [
            [
                165.41534029521824,
                144.40532798516426
            ],
            3.1050283857809173
        ],
        [
            [
                244.86766345309576,
                171.8906357348985
            ],
            4.525735872940154
        ],
        [
            [
                412.35738451385794,
                22.715979946125998
            ],
            3.981145432867854
        ],
        [
            [
                107.32640647751776,
                218.022161356661
            ],
            5.316728286015196
        ],
        [
            [
                64.98367903324738,
                172.3824550076938
            ],
            3.2181569219215334
        ],
        [
            [
                460.68741845021987,
                62.581202650920005
            ],
            4.061553239502613
        ],
        [
            [
                357.29162088577016,
                208.47725944339436
            ],
            4.760584679698816
        ],
        [
            [
                191.6434333083161,
                293.96440532604663
            ],
            5.340850132808297
        ],
        [
            [
                352.1231153433582,
                187.1940522348398
            ],
            5.719595635332322
        ],
        [
            [
                29.482166601327005,
                80.79437557454949
            ],
            3.0537526526758194
        ],
        [
            [
                7.088404917346081,
                253.76799732262933
            ],
            5.609257168525021
        ],
        [
            [
                487.44232583024865,
                217.5033228246684
            ],
            4.963306433835516
        ],
        [
            [
                231.39156799253584,
                118.49307081121144
            ],
            5.330633302183044
        ],
        [
            [
                305.93932950813814,
                264.99244578969484
            ],
            5.35798323130577
        ],
        [
            [
                398.48139928224947,
                473.6081144108845
            ],
            3.213282667558317
        ],
        [
            [
                397.00763023941465,
                217.0254216382311
            ],
            5.385369056298756
        ],
        [
            [
                318.51878634090144,
                489.3882230194742
            ],
            3.866106286326446
        ],
        [
            [
                13.895560706042009,
                218.0654338110023
            ],
            4.167343936159266
        ],
        [
            [
                434.8428312588484,
                108.70470343324705
            ],
            3.242556507203815
        ],
        [
            [
                7.263112493167119,
                492.543382205884
            ],
            4.764400437226867
        ],
        [
            [
                209.01960497291876,
                333.61628370382215
            ],
            5.753904453537876
        ],
        [
            [
                348.4773842702676,
                359.4106692873604
            ],
            3.3094573662289766
        ],
        [
            [
                213.20095538376452,
                497.5029486958138
            ],
            4.578311827682967
        ],
        [
            [
                313.71595116563344,
                285.58789349482856
            ],
            4.416282530979846
        ],
        [
            [
                42.310523158771254,
                450.74193413749776
            ],
            3.6794105547178617
        ],
        [
            [
                445.69697614782,
