{
    "start": [
        [
            16.60927170812262,
            15.573041213153846
        ],
        4.0
    ],
    "goal": [
        [
            501.30585648410965,
            243.98013435474945
        ],
        4.0
    ],
    "obstacles": [
        [
            [
                325.93434683042597,
                483.2310527353904
            ],
            4.4967056588843795
        ],
        [
            [
                10.513424846253256,
                76.16446344746078
            ],
            5.477451803309869
        ],
        [
            [
                423.64801531364446,
                64.71030603079878
            ],
            5.664719791109507
        ],
        [
            [
                353.1968680196202,
                198.21410184725949
            ],
            4.336799187610362
        ],
        [
            [
                41.56593953857104,
                95.52410440480038
            ],
            4.911199653046309
        ],
        [
            [
                64.08110499156668,
                434.78184380048174
            ],
            3.0550720820947044
        ],
        [
            [
                167.6860397124201,
                10.56847966557095
            ],
            5.1042819770815
        ],
        [
            [
                101.72658488376507,
                298.2047107020911
            ],
            5.511316037385662
        ],
        [
            [
                408.1976131775281,
                163.15510436716858
            ],
            4.068876478391898
        ],
        [
            [
                147.8381343166555,
                213.16081166385206
            ],
            5.311955350798969
        ],
        [
            [
                53.9833410015287,
                393.8855354600036
            ],
            5.364702177426462
        ],
        [
            [
                290.75805144741923,
                318.114893490205
            ],
            5.689993893885807
        ],
        [
            [
                158.13211721333278,
                419.96590056345684
            ],
            4.753349560917575
        ],
        [
            [
                117.2018130234198,
                423.61824791699814
            ],
            3.9256136494668263
        ],
        [
            [
                121.21200553254361,
                308.3235923609179
            ],
            4.17318666661488
        ],
        [
            [
                144.80901881135014,
                133.941541024949
            ],
            4.104501924968606
        ],
        [
            [
                346.84706899945036,
                120.98169302695123
            ],
            5.391768055232093
        ],
        [
            [
                433.9975330007309,
                237.89872151579905
            ],
            5.727679437655477
        ],
        [
            [
                331.8469680057986,
                348.6111247314448
            ],
            4.519740136315095
        ],
        [
            [
                213.00421118179264,
                125.327147364584
            ],
            4.497043451421701
        ],
        [
            [
                321.4779689722767,
                433.23926478470844
            ],
            5.576336771312813
        ],
        [
            [
                202.9908459731256,
                120.75491063584707
            ],
            5.383529886459543
        ],
        [
            [
                39.461397545707996,
                378.5756809692531
            ],
            4.5449037868604325
        ],
        [
            [
                422.881173031848,
                83.56884086553745
            ],
            3.0538498104288636
        ],
        [
            [
                286.3948868198894,
                248.79134372729825
            ],
            3.2542366013108373
        ],
        [
            [
                415.4658413302313,
                368.37936031478716
            ],
            3.059940815218552
        ],
        [
            [
                356.58276228506486,
                272.2391352966828
            ],
            3.030300585513629
        ],
        [
            [
                80.31072311127369,
                360.08997288198526
            ],
            3.74041548094835
        ],
        [
            [
                227.09754955998204,
                24.938182431933384
            ],
            5.631306440725403
        ],
        [
            [
                15.279559560477937,
                390.67562046327146
            ],
            5.025223460858653
        ],
        [
            [
                483.9913771195629,
                273.37266521730515
            ],
            4.485605963305617
        ],
        [
            [
                38.78037503562817,
                208.3445318269205
            ],
            5.342367003081828
        ],
        [
            [
                285.83676885291453,
                440.96514730943716
            ],
            3.5270391314957577
        ],
        [
            [
                7.11326458615329,
                281.56819540411897
            ],
            5.599167227485052
        ],
        [
            [
                76.21383712887192,
                269.76244915383484
            ],
            5.376000532692232
        ],
        [
            [
                438.35615291343424,
                333.1279585842709
            ],
            4.463591024233676
        ],
        [
            [
                82.16640041360935,
                306.11439942168505
            ],
            5.64186867483881
        ],
        [
            [
                441.3117625946114,
                310.03715366305113
            ],
            5.923969285685228
        ],
        [
            [
                451.1194043020702,
                44.10312350521289
            ],
            3.274354207794288
        ],
        [
            [
                421.628806662567,
                257.9113078601091
            ],
            4.30088383322935
        ],
        [
            [
                139.3022302087641,
                8.439393904681573
            ],
            4.128698994756113
        ],
        [
            [
                402.29118583059045,
                250.60643087421886
            ],
            4.314543464192072
        ],
        [
            [
                329.1531413872173,
                417.6741446787517
            ],
            5.927750014350757
        ],
        [
            [
                285.6376411791561,
                188.5459201909004
            ],
            3.5852045471367404
        ],
        [
            [
                274.6104370581013,
                116.84852016322058
            ],
            5.172320921304532
        ],
        [
            [
                413.68350623515755,
                14.012059250476126
            ],
            3.4317310497510523
        ],
        [
            [
                18.101304773146218,
                477.06593174650556
            ],
            5.762781222758082
        ],
        [
            [
                20.45572921582145,
                379.04257466956057
            ],
            5.7523192829132626
        ],
        [
            [
                343.9283322437075,
                292.0910159405832
            ],
            3.400658173867854
        ],
        [
            [
                169.58873974118586,
                238.58282822361696
            ],
            4.36073091752141
        ],
        [
            [
                354.37994066459487,
                466.3557019924638
            ],
            4.082488134859409
        ],
        [
            [
                241.4774884414621,
                179.0934532227194
