{
    "start": [
        [
            8.444872338674962,
            229.32341512791533
        ],
        4.0
    ],
    "goal": [
        [
            494.9395308988253,
            436.6527860459362
        ],
        4.0
    ],
    "obstacles": [
        [
            [
                171.71878042391148,
                242.9809588988366
            ],
            3.1203202032645407
        ],
        [
            [
                85.83970813312499,
                450.6432239901614
            ],
            3.8057397183916124
        ],
        [
            [
                269.08755705951006,
                34.555221293662534
            ],
            5.014855030681031
        ],
        [
            [
                358.01159501823054,
                166.49407902717414
            ],
            4.33607649184153
        ],
        [
            [
                432.5610928482097,
                426.64512720616483
            ],
            3.0320485644661908
        ],
        [
            [
                410.93542894222276,
                238.4392108432017
            ],
            4.819675959530342
        ],
        [
            [
                144.76141419988042,
                414.9484498708238
            ],
            5.0827076601193735
        ],
        [
            [
                96.6631926555288,
                129.34495870419158
            ],
            3.2366480622623834
        ],
        [
            [
                146.0025403993019,
                237.44230854027893
            ],
            3.388129605967411
        ],
        [
            [
                370.59060070364706,
                63.63964077536461
            ],
            4.6689055362094365
        ],
        [
            [
                92.11759224066097,
                117.83338193236303
            ],
            4.1382888653264756
        ],
        [
            [
                246.4664646707948,
                200.1256741801566
            ],
            5.002153343074996
        ],
        [
            [
                199.1266262917426,
                390.28987853037324
            ],
            4.589723642783558
        ],
        [
            [
                313.71523466028856,
                432.05534904448825
            ],
            3.859982320910187
        ],
        [
            [
                127.21447819012536,
                203.4725052258519
            ],
            4.729733445837114
        ],
        [
            [
                50.94168460286865,
                134.72331871220467
            ],
            5.941134667569851
        ],
        [
            [
                24.92681241965314,
                39.68383216272238
            ],
            3.7050718583211575
        ],
        [
            [
                438.19727271268346,
                17.374335949387394
            ],
            4.496288280295893
        ],
        [
            [
                506.66478496828853,
                111.21422722470436
            ],
            4.705379280784809
        ],
        [
            [
                414.71517291913756,
                248.5913736563211
            ],
            3.1657754744648123
        ],
        [
            [
                272.9046810859886,
                217.59634635010215
            ],
            3.8244466738574348
        ],
        [
            [
                373.7464869449337,
                439.4355440127393
            ],
            5.475886107477959
        ],
        [
            [
                204.48198057575976,
                85.94754259882323
            ],
            5.4258473256918425
        ],
        [
            [
                344.08752019178365,
                21.644857426846123
            ],
            3.2080889998952915
        ],
        [
            [
                36.98221983004979,
                142.73986507463775
            ],
            5.580646801389498
        ],
        [
            [
                206.26818812497658,
                481.97765469030884
            ],
            3.0459919173734495
        ],
        [
            [
                129.0500128236543,
                150.2866964427189
            ],
            5.520026317884933
        ],
        [
            [
                324.32933685974524,
                437.66651672686623
            ],
            4.170992426106604
        ],
        [
            [
                384.18664130039656,
                278.68122462526463
            ],
            5.744921468604553
        ],
        [
            [
                352.6999106213297,
                108.14715838947508
            ],
            3.4783338038409357
        ],
        [
            [
                419.4127822444241,
                153.64689067532944
            ],
            5.265356125409819
        ],
        [
            [
                414.01511528137775,
                73.72728211342393
            ],
            3.324625160304079
        ],
        [
            [
                4.925788460708006,
                209.8598890116529
            ],
            4.381761025915843
        ],
        [
            [
                461.6905777866225,
                334.7961093743306
            ],
            4.4516959753300265
        ],
        [
            [
                181.67294798141683,
                218.81265208623142
            ],
            5.000552819437195
        ],
        [
            [
                434.76586403992553,
                239.0606196639217
            ],
            4.325202222314125
        ],
        [
            [
                420.6802600777004,
                215.71376887367555
            ],
            4.465423659518632
        ],
        [
            [
                73.03486747142622,
                145.49807282521581
            ],
            4.535918339583145
        ],
        [
            [
                176.74746321965097,
                375.7511639963539
            ],
            5.39227033705474
        ],
        [
            [
                393.25818559267475,
                244.71839795982214
            ],
            5.139900659787531
        ],
        [
            [
                43.9505912560367,
                162.84656022241927
            ],
            5.441207811631138
        ],
        [
            [
                240.03563227309812,
                353.0061813163299
            ],
            5.694479118060181
        ],
        [
            [
                89.7261592757662,
                85.63689814681321
            ],
            5.7142072862504385
        ],
        [
            [
                410.12077209793006,
                34.97382089328413
            ],
            5.118728493213867
        ],
        [
            [
                135.6523829270949,
                298.37106702633116
            ],
            3.80531371419763
        ],
        [
            [
                278.2750250908917,
                449.68688146756864
            ],
            3.800087175933574
        ],
        [
            [
                63.413709365309415,
                446.60829243204955
            ],
            3.376048024454331
        ],
        [
            [
                157.80111360783545,
                243.67200783794422
            ],
            4.833638343664329
        ],
        [
            [
                493.38643005396386,
                365.1677042048058
            ],
            4.777239464553498
        ],
        [
            [
                277.09625696324025,
                471.248347500515
            ],
            4.920487757325989
        ],
        [
            [
                131.69116273829954,
                448.64030934254276
            ],
            3.54260879700824
        ],
        [
            [
                333.451575752224,
