{
    "start": [
        [
            16.97147925719026,
            197.81022402743997
        ],
        4.0
    ],
    "goal": [
        [
            497.71753208891613,
            299.56535267059746
        ],
        4.0
    ],
    "obstacles": [
        [
            [
                186.98839657630165,
                411.1215801389876
            ],
            5.408867503529585
        ],
        [
            [
                398.02806680196113,
                164.53613028525834
            ],
            3.7797568523588034
        ],
        [
            [
                375.09032497278787,
                461.58164449956536
            ],
            4.098320980825509
        ],
        [
            [
                389.46694419908107,
                215.73391702845885
            ],
            3.5486360371826997
        ],
        [
            [
                250.3248761879705,
                201.58399371762863
            ],
            4.762783894455223
        ],
        [
            [
                237.68634378256738,
                214.10694330558738
            ],
            4.142525645169112
        ],
        [
            [
                270.4824721810485,
                72.69693937279222
            ],
            5.277196800168744
        ],
        [
            [
                100.42902955793998,
                31.637312749644014
            ],
            5.3501936926078235
        ],
        [
            [
                204.12414917405025,
                21.133413228963356
            ],
            4.216008883629437
        ],
        [
            [
                41.828220245805305,
                376.73422165361353
            ],
            4.545830086720181
        ],
        [
            [
                34.98684404470606,
                238.24879398438003
            ],
            4.544944037318511
        ],
        [
            [
                464.289986800813,
                422.1514652704808
            ],
            5.430631764403676
        ],
        [
            [
                252.25673709393837,
                44.417889495341626
            ],
            3.698665127055375
        ],
        [
            [
                107.97207200896615,
                439.33479004462254
            ],
            3.8155640712156007
        ],
        [
            [
                157.37373043934357,
                221.83151192371497
            ],
            3.476884359594469
        ],
        [
            [
                326.6162554973635,
                54.10506529475203
            ],
            4.72094773701726
        ],
        [
            [
                388.73306160892133,
                425.2990943438113
            ],
            4.408423859022166
        ],
        [
            [
                437.55288399182535,
                269.49937368059926
            ],
            5.615083616062984
        ],
        [
            [
                116.56517519592614,
                82.67652911303406
            ],
            3.6190489506563557
        ],
        [
            [
                451.24538334480025,
                370.8502174754929
            ],
            4.350686767645659
        ],
        [
            [
                401.3349204900503,
                252.0662590827884
            ],
            5.603870223634479
        ],
        [
            [
                400.36022991728225,
                314.65321410797594
            ],
            4.681562454327908
        ],
        [
            [
                502.5105358101388,
                219.69147336509664
            ],
            3.6843981532600627
        ],
        [
            [
                333.1936793812086,
                21.644992942387674
            ],
            3.139199038497585
        ],
        [
            [
                20.087187893831462,
                292.32828939389657
            ],
            4.413456478469492
        ],
        [
            [
                98.89660410908238,
                377.4384985816063
            ],
            5.826135799789784
        ],
        [
            [
                202.5799792113592,
                174.26118327999376
            ],
            5.006437392335038
        ],
        [
            [
                427.41035006230567,
                208.56241156965967
            ],
            3.4309645614648945
        ],
        [
            [
                84.9932523576992,
                475.38238401070475
            ],
            3.709772223858223
        ],
        [
            [
                10.207858347135831,
                445.34485280876453
            ],
            4.359935090273304
        ],
        [
            [
                42.99185743306622,
                323.4736787385782
            ],
            4.540337451998903
        ],
        [
            [
                36.82339097910712,
                297.9998237840894
            ],
            4.600332316188637
        ],
        [
            [
                262.6345011408178,
                315.72204178206556
            ],
            5.148678864209106
        ],
        [
            [
                312.8806949801979,
                339.36919504894115
            ],
            5.825644331156525
        ],
        [
            [
                94.35808434860942,
                253.26385955003624
            ],
            3.906169550321997
        ],
        [
            [
                467.2077052832593,
                489.98579605548724
            ],
            3.553182680804233
        ],
        [
            [
                305.2165167087598,
                216.0396616164524
            ],
            3.5810018420823164
        ],
        [
            [
                438.32542695231956,
                39.660635361094876
            ],
            3.8010121650496855
        ],
        [
            [
                154.2067779408751,
                79.48125412800475
            ],
            4.1869620983112315
        ],
        [
            [
                15.408393253406118,
                142.07897789609788
            ],
            5.919515048675761
        ],
        [
            [
                136.20730963403702,
                339.48938304194223
            ],
            4.793425112553722
        ],
        [
            [
                151.34445026481887,
                287.7210714100243
            ],
            5.235517107111088
        ],
        [
            [
                226.01513410056978,
                318.43022538198085
            ],
            4.119717187547177
        ],
        [
            [
                269.31452758622265,
                394.0736017013369
            ],
            5.1488384557085976
        ],
        [
            [
                196.83321360057403,
                102.03299997143004
            ],
            4.546107011529055
        ],
        [
            [
                163.13141740036247,
                362.4935062440596
            ],
            4.9771586172039965
        ],
        [
            [
                257.09963085179464,
                370.5953195279489
            ],
            3.3187458088385875
        ],
        [
            [
                341.48115824684396,
                45.43788398031992
            ],
            3.498327147771887
        ],
        [
            [
                397.55359696813787,
                287.8834370284198
            ],
            3.039651013115649
        ],
        [
            [
                114.87776333844722,
                476.70474851968993
            ],
            4.294011380789815
        ],
        [
            [
                107.12764810475679,
                336.0044559493907
            ],
            5.620852068016697
        ],
        [
            [
                127.18961578429732,
