{
    "start": [
        [
            11.225400518204168,
            199.25495640493907
        ],
        4.0
    ],
    "goal": [
        [
            495.0232320965336,
            167.43096128318462
        ],
        4.0
    ],
    "obstacles": [
        [
            [
                268.3759110712324,
                503.99887423236305
            ],
            4.654637786944727
        ],
        [
            [
                277.67473399813355,
                235.66209376025677
            ],
            3.656011316249246
        ],
        [
            [
                280.95144558196006,
                501.61250040249905
            ],
            4.5779593482103005
        ],
        [
            [
                338.28642491411046,
                405.45848669069863
            ],
            4.104408177370145
        ],
        [
            [
                305.6664318951798,
                389.65676199528247
            ],
            4.405676923001716
        ],
        [
            [
                77.74255342217849,
                219.38905252347166
            ],
            5.764924029621295
        ],
        [
            [
                497.12603706181403,
                119.22750429838909
            ],
            4.577440408792427
        ],
        [
            [
                19.556174972384177,
                486.1145544163032
            ],
            3.2398889281723537
        ],
        [
            [
                98.74841048391282,
                295.7323956042649
            ],
            4.781766438374827
        ],
        [
            [
                429.962125795495,
                137.07939535243838
            ],
            5.362337371001192
        ],
        [
            [
                446.95299712690473,
                317.28903629252864
            ],
            4.439867188508148
        ],
        [
            [
                393.6286027352092,
                208.05710556624354
            ],
            5.461759556725122
        ],
        [
            [
                454.74794028434536,
                111.8273002017266
            ],
            4.2134088095370466
        ],
        [
            [
                276.43532874132285,
                472.6554752732462
            ],
            5.945548301893931
        ],
        [
            [
                299.8924653760334,
                95.49561895653495
            ],
            3.9406039372599078
        ],
        [
            [
                319.7799943635251,
                494.1574925427836
            ],
            3.7428116299801086
        ],
        [
            [
                207.7281994167366,
                27.594415212280893
            ],
            3.472279998485601
        ],
        [
            [
                87.10968379898982,
                194.57464540706465
            ],
            3.62643804704551
        ],
        [
            [
                94.44586493230639,
                163.2066911692138
            ],
            4.738135410975368
        ],
        [
            [
                301.8557178325413,
                286.3526841807558
            ],
            4.134476765423635
        ],
        [
            [
                327.1413585515886,
                75.40848396207781
            ],
            5.702419437420265
        ],
        [
            [
                15.002092150886057,
                240.11309516352006
            ],
            4.614632917675523
        ],
        [
            [
                508.4731798903427,
                391.86138753148805
            ],
            3.0573045571791013
        ],
        [
            [
                33.482369397704936,
                63.22105457691339
            ],
            3.1098787943659243
        ],
        [
            [
                399.29653872927463,
                394.291429248006
            ],
            3.1814607718463477
        ],
        [
            [
                55.88005825085955,
                118.48905834863571
            ],
            4.29360647084609
        ],
        [
            [
                183.4769063593766,
                288.3556997184171
            ],
            3.3549255298308487
        ],
        [
            [
                123.79066308756967,
                35.79545156239061
            ],
            4.716252975779234
        ],
        [
            [
                233.8969054555789,
                211.28617713219478
            ],
            4.8962030494626685
        ],
        [
            [
                152.4659292979057,
                475.4237253430893
            ],
            4.105301280971661
        ],
        [
            [
                286.89005564854375,
                138.2492822485574
            ],
            5.80990890588212
        ],
        [
            [
                406.6753368552018,
                105.59737438870204
            ],
            3.4548199706996634
        ],
        [
            [
                84.37586316003107,
                66.2914776594646
            ],
            5.035808322950521
        ],
        [
            [
                197.6546988071968,
                57.87452118997591
            ],
            3.817195375862148
        ],
        [
            [
                483.29470090838186,
                493.13272006464086
            ],
            4.1837065130902085
        ],
        [
            [
                60.43391891087921,
                288.9660796049986
            ],
            5.798675685570872
        ],
        [
            [
                302.5821481601271,
                327.2093682645161
            ],
            5.127219161889559
        ],
        [
            [
                21.770094342095845,
                278.89152955806424
            ],
            4.886631315747982
        ],
        [
            [
                129.4135024708926,
                74.9655526521747
            ],
            4.004434903958367
        ],
        [
            [
                233.45474595897272,
                92.10641382221627
            ],
            3.8069271698080787
        ],
        [
            [
                134.33233382874184,
                491.0234736296246
            ],
            3.351946122820939
        ],
        [
            [
                349.93564501910447,
                157.7577990265997
            ],
            3.701766491634337
        ],
        [
            [
                463.9266241787451,
                310.4225061374865
            ],
            3.7945792473332127
        ],
        [
            [
                335.8492240742186,
                269.43917697516
            ],
            4.665465319256218
        ],
        [
            [
                473.1658143761237,
                159.00834024411887
            ],
            5.311807113657139
        ],
        [
            [
                327.7265176040595,
                360.73251564428523
            ],
            5.308671787553127
        ],
        [
            [
                184.8451214103378,
                205.4576581783113
            ],
            3.2213432997955387
        ],
        [
            [
                308.3238405121749,
                178.76756106279802
            ],
            4.9999028545570425
        ],
        [
            [
                255.92025035130985,
                483.6357692343427
            ],
            3.2818028596121316
        ],
        [
            [
                153.124732534479,
                219.70256765093495
            ],
            4.786448830188778
        ],
        [
            [
                40.16520297937649,
                318.5151362151086
            ],
            4.5422962992556
        ],
        [
            [
                255.74424930166725,
                502.7050298753949
