{
    "start": [
        [
            15.07054075338974,
            62.22592022158317
        ],
        4.0
    ],
    "goal": [
        [
            488.4013109169466,
            149.4559428799828
        ],
        4.0
    ],
    "obstacles": [
        [
            [
                355.97006132104144,
                152.62890298167218
            ],
            3.311320981487273
        ],
        [
            [
                289.4773069958166,
                450.83605566029934
            ],
            4.837874124616366
        ],
        [
            [
                144.22303668622905,
                172.77828856300695
            ],
            5.288516572260772
        ],
        [
            [
                481.04383541336534,
                350.95276947286607
            ],
            4.110896417606156
        ],
        [
            [
                61.8436522087212,
                408.0887377820649
            ],
            5.407578130969098
        ],
        [
            [
                236.26392002142975,
                204.3132727816075
            ],
            4.572436570153656
        ],
        [
            [
                154.269960459304,
                80.01388198390619
            ],
            5.348477966852824
        ],
        [
            [
                46.222354565761506,
                240.91896025712919
            ],
            5.550681563801131
        ],
        [
            [
                488.6041085509067,
                362.0856700085372
            ],
            4.568491751988182
        ],
        [
            [
                344.68958469375195,
                157.92408633026625
            ],
            3.7941628654978574
        ],
        [
            [
                90.18308763133449,
                483.67127144783444
            ],
            4.8819928824163075
        ],
        [
            [
                109.48339879768477,
                277.426223544784
            ],
            4.934474729505588
        ],
        [
            [
                347.0233128017042,
                393.2288218513126
            ],
            3.2190894012475098
        ],
        [
            [
                385.0166624198824,
                310.2410727941821
            ],
            4.419067910612437
        ],
        [
            [
                223.67806220088107,
                144.5042154387906
            ],
            5.760181465482722
        ],
        [
            [
                109.93450526108863,
                217.13894407408975
            ],
            3.0995819671592812
        ],
        [
            [
                406.4114822263799,
                393.59360226230365
            ],
            4.951339238460851
        ],
        [
            [
                417.2072771021382,
                397.28006381301174
            ],
            4.673727390684182
        ],
        [
            [
                236.71410315449629,
                500.84342560790765
            ],
            5.444986137933218
        ],
        [
            [
                361.76334623520654,
                407.72099467557223
            ],
            5.897509785661544
        ],
        [
            [
                480.0821516528991,
                287.1973608886424
            ],
            3.5642902771475033
        ],
        [
            [
                302.2525163449816,
                160.42182360482533
            ],
            3.845788613919975
        ],
        [
            [
                131.0757337181884,
                216.26163650868162
            ],
            5.1498864374690525
        ],
        [
            [
                192.42781662183643,
                270.6179379658151
            ],
            3.5580510860913868
        ],
        [
            [
                68.8077511081839,
                294.80308869189565
            ],
            5.528206177312766
        ],
        [
            [
                141.53773504343832,
                468.03489603275165
            ],
            4.848584723375493
        ],
        [
            [
                96.01458957820336,
                224.21170102770728
            ],
            4.1728519245031706
        ],
        [
            [
                7.320715770275058,
                416.2621246043873
            ],
            3.569024639751715
        ],
        [
            [
                397.728490755023,
                72.02600024541967
            ],
            5.270341644490755
        ],
        [
            [
                109.26766392664078,
                427.3523246026571
            ],
            4.833279486867745
        ],
        [
            [
                407.39094447142145,
                409.63256472251777
            ],
            4.381504151901372
        ],
        [
            [
                286.35994542968984,
                106.92607586031365
            ],
            5.033207994272663
        ],
        [
            [
                305.1539381937216,
                117.80546017295516
            ],
            5.7785984127047145
        ],
        [
            [
                227.15289406924882,
                17.88656129403958
            ],
            3.7537516160739597
        ],
        [
            [
                467.8970968463656,
                66.39592631260962
            ],
            3.8377211225948704
        ],
        [
            [
                220.82343842714795,
                497.68878323275527
            ],
            3.5907823439250754
        ],
        [
            [
                303.4669725602616,
                293.915008414395
            ],
            3.7927819276929244
        ],
        [
            [
                355.51980647676135,
                354.8367337665458
            ],
            4.7415934230043755
        ],
        [
            [
                119.30440185499131,
                215.08242642116522
            ],
            4.974744052077295
        ],
        [
            [
                233.60882734609865,
                306.18201048732107
            ],
            5.34520570028359
        ],
        [
            [
                225.53875755533318,
                326.2281469534843
            ],
            3.5929909978689922
        ],
        [
            [
                70.72631780037023,
                422.1216544612542
            ],
            3.3498759021174878
        ],
        [
            [
                177.38460137215927,
                165.1942920893196
            ],
            5.840613430539336
        ],
        [
            [
                228.60270295027883,
                55.10615902840686
            ],
            3.5863311309400467
        ],
        [
            [
                312.5726272867999,
                419.5438651903084
            ],
            4.846797334134237
        ],
        [
            [
                174.32716194611592,
                136.84808769971315
            ],
            4.411644462959357
        ],
        [
            [
                216.71312658284148,
                295.7968106293289
            ],
            4.7236261729063145
        ],
        [
            [
                116.36955564938334,
                153.01691276330345
            ],
            4.875803580997959
        ],
        [
            [
                327.61434224455826,
                371.08860641702495
            ],
            3.006220383949101
        ],
        [
            [
                329.35672088835395,
                12.772074341801545
            ],
            4.232083856412951
        ],
        [
            [
                65.28739696703686,
                72.02192519510741
            ],
            5.591786373641921
        ],
        [
            [
                371.8130794408687,
