{
    "start": [
        [
            25.056798869690763,
            226.37834039940205
        ],
        4.0
    ],
    "goal": [
        [
            493.52112531195655,
            496.19093586895417
        ],
        4.0
    ],
    "obstacles": [
        [
            [
                237.04368764843113,
                366.9655065240728
            ],
            3.4200608782712023
        ],
        [
            [
                436.3473804278708,
                327.71750729278864
            ],
            5.583417300207462
        ],
        [
            [
                491.7024330635935,
                248.1564396059038
            ],
            5.833490853737803
        ],
        [
            [
                231.1396796574178,
                398.447885888482
            ],
            4.359773582184593
        ],
        [
            [
                401.0740476184711,
                89.20812934135472
            ],
            3.5379497104599533
        ],
        [
            [
                453.4022610661704,
                57.24817244395988
            ],
            5.466492729077772
        ],
        [
            [
                163.56045995918424,
                137.4543395694265
            ],
            5.93181400413367
        ],
        [
            [
                349.6143665532956,
                96.92035884428891
            ],
            3.907461988653555
        ],
        [
            [
                199.0006192624687,
                307.5634250018778
            ],
            5.078907079281984
        ],
        [
            [
                80.36508071598287,
                150.14504183810533
            ],
            5.585791643139225
        ],
        [
            [
                418.1560603801514,
                196.12077414462624
            ],
            3.9109146336457
        ],
        [
            [
                53.514090545771346,
                472.0096506344295
            ],
            3.5457159515215437
        ],
        [
            [
                442.5224612373243,
                242.68264307852527
            ],
            4.128988162432016
        ],
        [
            [
                236.64403096254443,
                24.72246060072302
            ],
            4.9957432502857655
        ],
        [
            [
                163.84048667612166,
                498.9871518325708
            ],
            5.396848268852075
        ],
        [
            [
                404.92803033937986,
                504.84908513526756
            ],
            3.720978100113207
        ],
        [
            [
                372.1081569377721,
                432.2965883699911
            ],
            4.002782750116939
        ],
        [
            [
                252.37606723017436,
                364.85673844227347
            ],
            5.632571768286628
        ],
        [
            [
                113.80953623360996,
                107.99432086231336
            ],
            3.0074141870939752
        ],
        [
            [
                11.077025701401602,
                74.847337866223
            ],
            5.723545161092038
        ],
        [
            [
                61.38165908484984,
                315.93929544919195
            ],
            4.1536122078792
        ],
        [
            [
                182.32698012445888,
                395.0695129718859
            ],
            4.86816578969121
        ],
        [
            [
                333.04108653750063,
                489.356657852834
            ],
            3.8856252283820227
        ],
        [
            [
                297.60383218231937,
                335.49871973757297
            ],
            3.553531736347676
        ],
        [
            [
                229.62530810733008,
                139.02973198109018
            ],
            4.719513793874398
        ],
        [
            [
                359.1286437055074,
                48.57262542587674
            ],
            4.971081883818581
        ],
        [
            [
                265.28596903492064,
                27.88538599535661
            ],
            4.4840473910399155
        ],
        [
            [
                410.02147680970444,
                470.86670096580343
            ],
            3.0288100436279697
        ],
        [
            [
                115.00846948304941,
                153.43271397163994
            ],
            3.881808228950301
        ],
        [
            [
                411.14529855256546,
                55.539475247677615
            ],
            3.639247704781755
        ],
        [
            [
                159.19682154284538,
                5.678834243102212
            ],
            4.076396895098927
        ],
        [
            [
                64.40533277209248,
                36.33636816436829
            ],
            3.8713340863335493
        ],
        [
            [
                285.5124751182303,
                212.33794658396485
            ],
            4.188250955003465
        ],
        [
            [
                319.7738512876067,
                390.2057313719568
            ],
            5.120165883467051
        ],
        [
            [
                13.653349417747595,
                311.8940528745691
            ],
            4.908824598781866
        ],
        [
            [
                445.8453208132305,
                494.0128949623076
            ],
            4.9434076539754335
        ],
        [
            [
                126.763065216503,
                293.27160048024757
            ],
            5.807054549198371
        ],
        [
            [
                432.020908320583,
                504.10939092814965
            ],
            5.574197758021986
        ],
        [
            [
                195.82444268291482,
                361.01275889119086
            ],
            3.149296175609221
        ],
        [
            [
                458.4887324877991,
                110.74847436611947
            ],
            5.648216587290362
        ],
        [
            [
                340.77970761559953,
                7.238344142431563
            ],
            3.3053185382183012
        ],
        [
            [
                33.918376162738475,
                249.39207204716544
            ],
            3.4347934097625403
        ],
        [
            [
                490.47503359194644,
                412.78456355692504
            ],
            3.7547103327544273
        ],
        [
            [
                54.93051227248924,
                463.580900011644
            ],
            4.766438154267027
        ],
        [
            [
                265.6012824474965,
                372.32389093819023
            ],
            3.0362093475747494
        ],
        [
            [
                326.1892323149014,
                35.815691470105605
            ],
            3.124897089940746
        ],
        [
            [
                92.30695485848271,
                107.92637941271938
            ],
            4.400681396853191
        ],
        [
            [
                335.7350536972068,
                359.10941449183815
            ],
            5.225764221563825
        ],
        [
            [
                303.58313257113156,
                11.096234785505995
            ],
            5.862894835271822
        ],
        [
            [
                100.11268577238657,
                400.85370028753545
            ],
            5.237600833831154
        ],
        [
            [
                440.34008985777683,
                86.67266207426128
            ],
            3.1178891267068036
        ],
        [
            [
                116.44144442407446,
