{
    "start": [
        [
            22.324328940349623,
            208.3756986757426
        ],
        4.0
    ],
    "goal": [
        [
            488.83755829420886,
            253.59783831288925
        ],
        4.0
    ],
    "obstacles": [
        [
            [
                452.37719041599564,
                372.1529589665719
            ],
            4.15002893073315
        ],
        [
            [
                208.3318987607277,
                246.6964810731017
            ],
            4.835266405358838
        ],
        [
            [
                26.6193919206045,
                380.36837353389456
            ],
            3.6276273749747663
        ],
        [
            [
                223.12924177829711,
                109.65234114332588
            ],
            3.55954545324046
        ],
        [
            [
                250.91473077429512,
                37.80137413305867
            ],
            5.715129396559328
        ],
        [
            [
                445.0640766408449,
                452.48822870438596
            ],
            5.04510979592643
        ],
        [
            [
                48.623880396907424,
                277.8677804368201
            ],
            4.982209944739159
        ],
        [
            [
                406.82553906775763,
                304.48664161359534
            ],
            3.992491853355694
        ],
        [
            [
                326.06988541358913,
                45.222574570616324
            ],
            3.3322858255050467
        ],
        [
            [
                393.3516181716195,
                128.3266002173761
            ],
            4.006280469040258
        ],
        [
            [
                397.49992531899903,
                93.63468247178533
            ],
            4.867387685035938
        ],
        [
            [
                384.0665169021144,
                502.2714246409261
            ],
            4.658356250855902
        ],
        [
            [
                244.27565568324297,
                98.35175638272767
            ],
            5.831148484203025
        ],
        [
            [
                424.2758636298464,
                310.67291293424034
            ],
            3.5791171315643813
        ],
        [
            [
                479.86231339991645,
                234.58295381936455
            ],
            3.707626122853407
        ],
        [
            [
                464.21357240162047,
                269.33113756254994
            ],
            5.8275677999009705
        ],
        [
            [
                364.82556775007123,
                162.25125613863344
            ],
            3.167383515509428
        ],
        [
            [
                157.56744990226244,
                195.95325196803108
            ],
            4.942506285565685
        ],
        [
            [
                18.043382036870987,
                449.7958912097409
            ],
            5.762513166061101
        ],
        [
            [
                134.73581202962512,
                357.7283044792315
            ],
            3.6959180011230397
        ],
        [
            [
                377.8769537659735,
                111.63986272116567
            ],
            4.537892025433774
        ],
        [
            [
                94.80415604354452,
                420.02731245774424
            ],
            4.939794962315411
        ],
        [
            [
                500.5833831068974,
                466.00487910337273
            ],
            3.493060319094716
        ],
        [
            [
                482.9206219518663,
                459.3667325021612
            ],
            4.655282593795421
        ],
        [
            [
                274.43144353770424,
                151.23537686602185
            ],
            3.932880534127664
        ],
        [
            [
                180.82764557723684,
                401.56483240219376
            ],
            5.725804817663941
        ],
        [
            [
                351.56837335687476,
                7.515352574038529
            ],
            4.682801042294466
        ],
        [
            [
                228.0778950792697,
                458.36306978319607
            ],
            5.015298255002886
        ],
        [
            [
                59.09879127582324,
                259.04283916386765
            ],
            5.8255485459835015
        ],
        [
            [
                176.7499980695971,
                502.4896017687307
            ],
            5.239140141113364
        ],
        [
            [
                362.690235663225,
                405.2368530429104
            ],
            4.057055825634539
        ],
        [
            [
                258.9134215347579,
                199.87273946163833
            ],
            5.0781085601412785
        ],
        [
            [
                182.02180103100875,
                88.4685373345045
            ],
            4.803428316332647
        ],
        [
            [
                53.32138367249384,
                40.517114611922004
            ],
            3.4904341295200885
        ],
        [
            [
                253.85735096193594,
                421.445608743347
            ],
            3.557166091951646
        ],
        [
            [
                39.07821769233869,
                455.2315116871585
            ],
            4.161770988040802
        ],
        [
            [
                45.257623975882815,
                44.334671789241554
            ],
            4.367637209973904
        ],
        [
            [
                343.66477498983807,
                270.72766928483617
            ],
            3.899481605595984
        ],
        [
            [
                191.60533876757358,
                220.23786421999742
            ],
            5.862671492610369
        ],
        [
            [
                271.87977776690576,
                108.53523066513343
            ],
            3.218213860790681
        ],
        [
            [
                265.0018020991796,
                147.51921210274514
            ],
            4.451082085090382
        ],
        [
            [
                165.74646206781108,
                292.69007192736456
            ],
            4.117701775089235
        ],
        [
            [
                303.51752927650205,
                508.2202970817954
            ],
            3.140029687285924
        ],
        [
            [
                387.6776307693321,
                260.5834126478963
            ],
            4.205959979995724
        ],
        [
            [
                245.7150610180134,
                24.81002713254428
            ],
            5.828796783957163
        ],
        [
            [
                53.75726737949948,
                336.067202662995
            ],
            4.626823126896543
        ],
        [
            [
                363.75226597866055,
                329.7360168207795
            ],
            4.418709160095444
        ],
        [
            [
                247.14468704032564,
                69.7070200230226
            ],
            5.647521648560517
        ],
        [
            [
                263.38181211840384,
                500.43279511930535
            ],
            5.863565959918183
        ],
        [
            [
                139.39234328586295,
                160.53519978045665
            ],
            3.538660019362595
        ],
        [
            [
                287.7433289869644,
                270.4112769078594
            ],
            4.140934705908163
        ],
        [
            [
                309.25933923002754,
