{
    "start": [
        [
            4.318367547946704,
            12.140912957647938
        ],
        4.0
    ],
    "goal": [
        [
            505.5693187016096,
            251.77855852056646
        ],
        4.0
    ],
    "obstacles": [
        [
            [
                7.192591741386833,
                482.6744851492375
            ],
            4.013628505806528
        ],
        [
            [
                405.77354128712295,
                165.78156521771035
            ],
            4.369184549011976
        ],
        [
            [
                72.09180160298314,
                320.4730064239077
            ],
            5.73347155247809
        ],
        [
            [
                96.50176244096991,
                262.3495371188856
            ],
            5.400894984247362
        ],
        [
            [
                414.4575126157619,
                147.45735441650294
            ],
            3.6448810024287828
        ],
        [
            [
                49.771993472734664,
                465.8915154258198
            ],
            4.674019527034104
        ],
        [
            [
                446.63664642035974,
                481.84053259938884
            ],
            4.582940775382985
        ],
        [
            [
                96.936743010497,
                328.00942453338587
            ],
            5.237528390678631
        ],
        [
            [
                118.38971977902428,
                213.86713058388793
            ],
            5.873049617590281
        ],
        [
            [
                106.1706355555578,
                425.9988072892641
            ],
            4.445303896814269
        ],
        [
            [
                464.58751446407155,
                52.96641448825373
            ],
            3.894244743003869
        ],
        [
            [
                233.64697026818106,
                9.839257650717986
            ],
            3.7538718449715054
        ],
        [
            [
                20.658455983545444,
                471.03925320802443
            ],
            3.830921261656128
        ],
        [
            [
                439.3020720859373,
                436.46862345166363
            ],
            3.761823047198908
        ],
        [
            [
                248.91325114195752,
                431.87202612098486
            ],
            5.78676134566323
        ],
        [
            [
                466.1172002586584,
                372.8284698083046
            ],
            4.539134452547955
        ],
        [
            [
                279.15989497059365,
                237.590300511013
            ],
            5.156129687973937
        ],
        [
            [
                213.20712052842043,
                423.1275994237019
            ],
            3.2765618112299633
        ],
        [
            [
                220.49779935906227,
                102.18248058290327
            ],
            3.060553958473567
        ],
        [
            [
                384.22331157654287,
                34.53040699569805
            ],
            4.083981686466521
        ],
        [
            [
                190.6064616779398,
                122.47466811301821
            ],
            3.9885034050078323
        ],
        [
            [
                92.88661728686895,
                467.67437271451894
            ],
            4.478538070255929
        ],
        [
            [
                505.1438780191165,
                18.020003515436088
            ],
            3.7364890434274773
        ],
        [
            [
                96.45454910451517,
                345.7144042519694
            ],
            4.2498713106817085
        ],
        [
            [
                261.0394279048002,
                436.55106281940226
            ],
            3.04251558003208
        ],
        [
            [
                62.49701181854156,
                456.33388920898796
            ],
            5.185385289641609
        ],
        [
            [
                68.77465436390035,
                183.8615584150866
            ],
            3.0172597268913046
        ],
        [
            [
                311.0321922822765,
                36.125939819481985
            ],
            3.882865310539696
        ],
        [
            [
                373.11451055791605,
                115.14297577095857
            ],
            4.429839583615506
        ],
        [
            [
                64.27313231614275,
                434.5110614699939
            ],
            3.492488156454527
        ],
        [
            [
                410.5252440334639,
                437.21799481356857
            ],
            4.987338431477381
        ],
        [
            [
                226.8076066256357,
                236.25112375908216
            ],
            3.457698580984336
        ],
        [
            [
                46.58176478769739,
                323.2383766409974
            ],
            3.378123828241944
        ],
        [
            [
                396.9356183066615,
                497.9965621979129
            ],
            3.7578150716817302
        ],
        [
            [
                426.5665469766214,
                100.45985772243462
            ],
            3.9480381043120616
        ],
        [
            [
                440.2854670921754,
                397.8705212360095
            ],
            4.710204715236881
        ],
        [
            [
                253.46835046010108,
                365.65945231997085
            ],
            5.561717149160055
        ],
        [
            [
                378.66866206496115,
                468.60719852161407
            ],
            5.8156475664391
        ],
        [
            [
                340.55386801192515,
                247.00981121640538
            ],
            4.188064669282887
        ],
        [
            [
                320.7228843721613,
                165.25567575975077
            ],
            4.4181292842162065
        ],
        [
            [
                251.7887637028628,
                32.99063435537363
            ],
            3.623568577945278
        ],
        [
            [
                9.115456588766147,
                325.54717975646827
            ],
            3.60533543579448
        ],
        [
            [
                34.18208578760882,
                132.1142816530977
            ],
            5.9328758499090934
        ],
        [
            [
                189.03466684162206,
                200.7198857593982
            ],
            4.331387172293907
        ],
        [
            [
                330.0035339085206,
                179.05367838413724
            ],
            5.33580790617818
        ],
        [
            [
                484.9635361794759,
                107.20480702518658
            ],
            4.21139800556397
        ],
        [
            [
                259.8351375309071,
                243.68329449398135
            ],
            3.1754946450334014
        ],
        [
            [
                138.63192392303466,
                479.41402347653053
            ],
            4.561598646114624
        ],
        [
            [
                399.4362168932661,
                73.96795045572671
            ],
            4.478600014532109
        ],
        [
            [
                188.07635728130762,
                335.6528215649734
            ],
            4.423125841383095
        ],
        [
            [
                308.40236263940375,
                383.592636517486
            ],
            4.783345243154288
        ],
        [
            [
                350.2020118042501,
                12.0990655022743
