{
    "start": [
        [
            22.658242203028497,
            480.1456610218304
        ],
        4.0
    ],
    "goal": [
        [
            507.7429994542806,
            211.0864325945453
        ],
        4.0
    ],
    "obstacles": [
        [
            [
                382.70106305194776,
                14.570954716709355
            ],
            4.9337905671346185
        ],
        [
            [
                314.2563550651949,
                50.26431154103436
            ],
            4.492801971931613
        ],
        [
            [
                456.5575599747687,
                120.29024282474947
            ],
            4.065062013820085
        ],
        [
            [
                104.79324402836046,
                225.86976557308583
            ],
            5.139538788855541
        ],
        [
            [
                299.7449360681755,
                56.18214217479796
            ],
            5.846632885101993
        ],
        [
            [
                289.97861113299757,
                29.925899255257946
            ],
            5.323024094380868
        ],
        [
            [
                38.488683831880266,
                124.71214712773889
            ],
            5.634976023402384
        ],
        [
            [
                390.15845353412885,
                158.861966517072
            ],
            3.9720635455773623
        ],
        [
            [
                14.992716114018771,
                341.26622231894737
            ],
            3.1119660767172967
        ],
        [
            [
                316.0800126798737,
                485.4951076502563
            ],
            4.148169672011637
        ],
        [
            [
                471.3184913487698,
                192.1874380253591
            ],
            4.259862866779643
        ],
        [
            [
                8.049886266561602,
                444.80053625976086
            ],
            3.685570751930846
        ],
        [
            [
                41.30679462249691,
                448.9660613866208
            ],
            5.41535458048415
        ],
        [
            [
                195.81198516170755,
                111.71940301502696
            ],
            5.363531993602677
        ],
        [
            [
                281.9569116766252,
                149.67998289301158
            ],
            3.8245345419320116
        ],
        [
            [
                83.70849248390462,
                77.26499080026632
            ],
            3.4928830775112227
        ],
        [
            [
                224.07747781859493,
                327.21920133844304
            ],
            3.3841256344984956
        ],
        [
            [
                455.46021069608344,
                386.12033680557954
            ],
            4.986727528426227
        ],
        [
            [
                409.38415695894867,
                458.2218763361584
            ],
            4.705793163477626
        ],
        [
            [
                473.5237902026503,
                76.6241184420351
            ],
            4.920223791829733
        ],
        [
            [
                95.1714583206385,
                16.256546004706806
            ],
            5.7973796981907455
        ],
        [
            [
                11.45306826047385,
                48.121497430866334
            ],
            3.450896544830878
        ],
        [
            [
                386.06932194643025,
                424.2340922065089
            ],
            4.240482583049413
        ],
        [
            [
                212.180455695928,
                228.30284674059274
            ],
            4.387609935684281
        ],
        [
            [
                298.5790215477856,
                216.60259150109974
            ],
            5.332249633565164
        ],
        [
            [
                179.97132618238751,
                77.15087676466841
            ],
            4.847646848428132
        ],
        [
            [
                426.1626007652294,
                64.25355126623387
            ],
            4.888918847417873
        ],
        [
            [
                154.84221091038845,
                227.53101196251356
            ],
            4.0795799719489185
        ],
        [
            [
                90.09831479216768,
                141.0480779738568
            ],
            4.683373184434606
        ],
        [
            [
                334.09405864006084,
                398.9262250351224
            ],
            3.1998222760622896
        ],
        [
            [
                158.4830502622176,
                273.98224797566826
            ],
            5.908144330028417
        ],
        [
            [
                42.94968949337218,
                103.49675401252975
            ],
            3.0652495186428097
        ],
        [
            [
                470.60140576379297,
                417.99404931589237
            ],
            3.702440719130394
        ],
        [
            [
                25.656385661643085,
                279.8207670120013
            ],
            4.629424034108196
        ],
        [
            [
                459.4798583213132,
                96.23615523266439
            ],
            4.100493777847987
        ],
        [
            [
                348.36362578815226,
                193.55328780972195
            ],
            4.640407039245772
        ],
        [
            [
                417.86638344774514,
                419.2205564651168
            ],
            4.9432029563355515
        ],
        [
            [
                77.84938816015435,
                427.25158577827887
            ],
            5.144863068060164
        ],
        [
            [
                44.45083798412172,
                271.2024720185597
            ],
            3.2521983702376365
        ],
        [
            [
                142.73638933268705,
                7.688990878781659
            ],
            5.432849209240565
        ],
        [
            [
                292.89728930069674,
                188.2234647400103
            ],
            3.185476551981705
        ],
        [
            [
                377.2468698810962,
                216.53008519359304
            ],
            5.918437840158877
        ],
        [
            [
                251.57465955780216,
                489.21980956975057
            ],
            4.75538060466301
        ],
        [
            [
                65.82294726687414,
                253.00663685074565
            ],
            5.968215399865968
        ],
        [
            [
                174.2428624198609,
                112.60810029503565
            ],
            4.798415730971219
        ],
        [
            [
                498.1911330628165,
                27.23943064731149
            ],
            5.736817060009468
        ],
        [
            [
                406.14197953199226,
                262.75357786467333
            ],
            5.388441097152119
        ],
        [
            [
                448.6263768131337,
                37.2165613557588
            ],
            4.14001500465775
        ],
        [
            [
                422.1812236615581,
                272.9984659642507
            ],
            3.4191511321387082
        ],
        [
            [
                115.25070380227214,
                368.5283332221581
            ],
            3.2933910934494848
        ],
        [
            [
                432.21573375946184,
                332.10051119810623
            ],
            3.0705182461352747
        ],
        [
            [
                430.0439737031597,
