{
    "start": [
        [
            16.93778490803528,
            248.24270670330807
        ],
        4.0
    ],
    "goal": [
        [
            503.06449706119264,
            25.4440612286032
        ],
        4.0
    ],
    "obstacles": [
        [
            [
                322.7424675668844,
                155.71633132209192
            ],
            5.079602291735882
        ],
        [
            [
                252.94942816634122,
                411.9229282171429
            ],
            5.801200760831831
        ],
        [
            [
                235.70903269770906,
                17.076371624271182
            ],
            4.83486236806964
        ],
        [
            [
                6.235420514004142,
                371.31207964296175
            ],
            3.846319308375944
        ],
        [
            [
                153.35460793164307,
                96.5927181444585
            ],
            5.23477956357371
        ],
        [
            [
                7.041036797789879,
                182.00118136895549
            ],
            4.241520658180151
        ],
        [
            [
                20.14429389805793,
                479.63205332097846
            ],
            3.9714768588864917
        ],
        [
            [
                14.17046175069349,
                462.49950050463707
            ],
            4.933777716170166
        ],
        [
            [
                460.41581406201476,
                356.36870614152184
            ],
            4.526202530352373
        ],
        [
            [
                336.31289408467495,
                213.34491224120885
            ],
            5.9044340515860565
        ],
        [
            [
                34.37124544259772,
                444.33106033677575
            ],
            3.790170511801477
        ],
        [
            [
                71.3855904187145,
                192.839838472513
            ],
            4.533260420835863
        ],
        [
            [
                37.816778954809024,
                94.53661279687789
            ],
            3.9929897996945725
        ],
        [
            [
                403.302296560727,
                363.32666632467266
            ],
            4.880973767002372
        ],
        [
            [
                29.77282649305339,
                64.37593347952401
            ],
            4.2004382396489754
        ],
        [
            [
                482.19436113286343,
                77.11764700348593
            ],
            4.1463144590315135
        ],
        [
            [
                85.66971402111385,
                97.16210664255449
            ],
            5.908831235079827
        ],
        [
            [
                382.62416781403687,
                494.016596183484
            ],
            3.569237192376093
        ],
        [
            [
                214.7982906718375,
                144.29083993342172
            ],
            5.664012195402197
        ],
        [
            [
                382.1659706709424,
                381.90339675404607
            ],
            5.796762892670902
        ],
        [
            [
                338.3345642651129,
                327.7424258725751
            ],
            5.1112771162884645
        ],
        [
            [
                117.11903908814494,
                255.6425915347407
            ],
            3.484392154058931
        ],
        [
            [
                206.8980527715184,
                288.7741726237742
            ],
            3.15343996089954
        ],
        [
            [
                267.5092072554114,
                212.58284580998063
            ],
            3.8781302341276325
        ],
        [
            [
                397.46529417055433,
                129.21560638428102
            ],
            4.061280571251624
        ],
        [
            [
                318.18655689576383,
                82.74674186272966
            ],
            3.119986780921668
        ],
        [
            [
                199.80720570412757,
                351.3048067285733
            ],
            4.829993589778219
        ],
        [
            [
                286.8158672152669,
                29.10097004062744
            ],
            3.028511624758606
        ],
        [
            [
                75.41274701257153,
                216.528501836336
            ],
            3.6977150234635046
        ],
        [
            [
                101.56924500257324,
                473.25315689255217
            ],
            4.839888473400475
        ],
        [
            [
                227.38052223482885,
                318.32823614554303
            ],
            5.786208665454497
        ],
        [
            [
                54.55196205810001,
                190.19957287455065
            ],
            5.373452659764732
        ],
        [
            [
                321.8121772954061,
                471.5387334950483
            ],
            3.057191533134352
        ],
        [
            [
                465.118628827718,
                169.4322387996207
            ],
            4.827525309568354
        ],
        [
            [
                429.65478080241866,
                476.4841215863107
            ],
            3.624987350306151
        ],
        [
            [
                255.54883451376125,
                148.43141117202222
            ],
            4.677650284508883
        ],
        [
            [
                307.3713980838606,
                9.06305351346396
            ],
            3.9507006660132316
        ],
        [
            [
                213.69624317535258,
                335.36158354246794
            ],
            3.886566290532194
        ],
        [
            [
                109.58452056978464,
                310.201758754432
            ],
            5.568291674623876
        ],
        [
            [
                175.21483037431327,
                494.39559596761995
            ],
            3.684964849353546
        ],
        [
            [
                307.09344288987063,
                73.46088691032308
            ],
            3.20971140253938
        ],
        [
            [
                135.54065511367315,
                150.51006049142717
            ],
            3.0589144383967075
        ],
        [
            [
                114.23382937339866,
                372.0192456102419
            ],
            3.933294737825192
        ],
        [
            [
                394.59886567796934,
                479.6279408490651
            ],
            3.2834783849539675
        ],
        [
            [
                90.70456660715324,
                381.5550218490459
            ],
            4.468885051663433
        ],
        [
            [
                134.75105354041193,
                355.7446732688521
            ],
            5.656254420408999
        ],
        [
            [
                235.669598799443,
                5.585235076838771
            ],
            4.539600802594759
        ],
        [
            [
                168.74276554808185,
                254.04465050404974
            ],
            3.8135962596437043
        ],
        [
            [
                318.7989226367478,
                363.5205140379402
            ],
            4.587411678438335
        ],
        [
            [
                163.38412999679534,
                271.17799933177423
            ],
            3.5656556729513325
        ],
        [
            [
                395.1919649054361,
                50.20411690018679
            ],
            5.934975057815572
        ],
        [
            [
                165.25594278544935,
                469.578129289721
