{
    "start": [
        [
            15.272157864754377,
            229.61827027118977
        ],
        4.0
    ],
    "goal": [
        [
            486.9773633463917,
            384.44439066395927
        ],
        4.0
    ],
    "obstacles": [
        [
            [
                47.442318942324036,
                158.12238092820115
            ],
            5.918965364308745
        ],
        [
            [
                206.4243554310819,
                497.88803408175306
            ],
            5.388158049909853
        ],
        [
            [
                284.9439627617367,
                269.39347722574684
            ],
            3.710155371754971
        ],
        [
            [
                126.02428404681321,
                279.94054941164745
            ],
            3.9581725626038997
        ],
        [
            [
                410.91938448305217,
                187.64818189884548
            ],
            4.014873827242104
        ],
        [
            [
                396.22264290840855,
                347.90507226092166
            ],
            3.529051987519445
        ],
        [
            [
                8.476390201311709,
                472.40400297999065
            ],
            3.8694853893677505
        ],
        [
            [
                259.43035460775565,
                260.6235645476905
            ],
            4.9001608031825254
        ],
        [
            [
                252.59017928766818,
                329.70205334300647
            ],
            4.127792327037726
        ],
        [
            [
                183.27035296264387,
                389.8559260093036
            ],
            5.907154957658673
        ],
        [
            [
                197.41804814430358,
                361.86325666737366
            ],
            5.214155901756715
        ],
        [
            [
                135.33882189272674,
                231.57262513489104
            ],
            3.06950966081418
        ],
        [
            [
                142.98315473391793,
                204.41643685575826
            ],
            4.962526797968556
        ],
        [
            [
                338.2778545259048,
                265.49900696688974
            ],
            5.215211844541068
        ],
        [
            [
                78.81402788041885,
                324.7446837433346
            ],
            3.8086520305065505
        ],
        [
            [
                144.09568809553784,
                68.82215340585233
            ],
            5.647437683983968
        ],
        [
            [
                358.56061406451505,
                352.4948423614414
            ],
            3.649480930603695
        ],
        [
            [
                66.28505429151427,
                479.69571992874086
            ],
            3.7585228191930913
        ],
        [
            [
                487.9731225595669,
                457.1750959716875
            ],
            3.360899785200843
        ],
        [
            [
                252.1694592952265,
                35.250240080070014
            ],
            5.790968894942083
        ],
        [
            [
                409.98843780500704,
                167.87576772722002
            ],
            3.450950496310117
        ],
        [
            [
                206.60805638096176,
                136.16173926290344
            ],
            5.345126879916658
        ],
        [
            [
                360.8263824065164,
                448.59712575130277
            ],
            5.217110387119052
        ],
        [
            [
                204.59137613595092,
                60.67780011316283
            ],
            5.0259933718643515
        ],
        [
            [
                120.73710798679326,
                297.7949320385493
            ],
            3.1714681280900137
        ],
        [
            [
                106.66180596718581,
                497.73708947044275
            ],
            5.658086549088424
        ],
        [
            [
                211.63849502434311,
                100.41388085633434
            ],
            4.331507531021461
        ],
        [
            [
                335.68026811623963,
                62.05949876922323
            ],
            5.688883486338341
        ],
        [
            [
                64.33757415313566,
                82.59424586780901
            ],
            3.6977241068488897
        ],
        [
            [
                197.31833120039485,
                111.75322807585121
            ],
            3.6043021102827604
        ],
        [
            [
                385.62795895056695,
                471.51303816967817
            ],
            5.7515828899957
        ],
        [
            [
                413.46857942369655,
                216.26966842380412
            ],
            3.599589285774007
        ],
        [
            [
                140.99556809436785,
                313.4259677353985
            ],
            5.793749887517723
        ],
        [
            [
                13.831617064251766,
                264.75928735455204
            ],
            3.543452838711932
        ],
        [
            [
                198.12370313492482,
                262.5373471739093
            ],
            3.305207511994695
        ],
        [
            [
                303.69850635810457,
                485.39015873386796
            ],
            5.085654468460953
        ],
        [
            [
                232.42042357101835,
                95.17009034078063
            ],
            5.137708497107097
        ],
        [
            [
                117.42903704510869,
                260.73097153413767
            ],
            3.8685018338388386
        ],
        [
            [
                227.2026003242587,
                114.02515754069422
            ],
            5.862133805199036
        ],
        [
            [
                243.0151696674183,
                119.1367181783271
            ],
            4.170448860891229
        ],
        [
            [
                43.3595857735586,
                133.3906487332692
            ],
            3.6619347140151928
        ],
        [
            [
                56.062835777448484,
                348.2914716311619
            ],
            4.610825553614763
        ],
        [
            [
                85.80118340691406,
                272.4375228465693
            ],
            4.995922496307931
        ],
        [
            [
                227.39065423055402,
                146.01905232000414
            ],
            3.0485317660161586
        ],
        [
            [
                38.30040906058933,
                429.7227581349785
            ],
            3.3339240257700395
        ],
        [
            [
                82.91471634237793,
                186.127117911187
            ],
            4.713263252056769
        ],
        [
            [
                159.8636633538291,
                371.70953480331383
            ],
            5.570168556880914
        ],
        [
            [
                293.5736237848465,
                103.97085162265573
            ],
            4.243569696708341
        ],
        [
            [
                210.76407895560982,
                125.56662103093544
            ],
            3.5069005669547386
        ],
        [
            [
                177.8696533642115,
                72.93930149617327
            ],
            3.122246037876216
        ],
        [
            [
                378.6677638619097,
                269.65429250624356
            ],
            3.836099062597453
        ],
        [
            [
                262.5923430348732,
