{
    "start": [
        [
            16.12182033995287,
            494.42104508644667
        ],
        4.0
    ],
    "goal": [
        [
            489.35803275205484,
            117.94790789169481
        ],
        4.0
    ],
    "obstacles": [
        [
            [
                208.65706118585885,
                467.31650956547645
            ],
            4.996201633174295
        ],
        [
            [
                99.09459923624654,
                76.6415358736427
            ],
            4.498281254700872
        ],
        [
            [
                51.61223492613239,
                452.7500342697595
            ],
            4.361994451613034
        ],
        [
            [
                174.7740189993585,
                232.17307608399668
            ],
            4.767349598368697
        ],
        [
            [
                327.4739050054491,
                166.88522680881252
            ],
            4.505777347300408
        ],
        [
            [
                241.1094892620217,
                393.55731968071655
            ],
            5.367949765391291
        ],
        [
            [
                157.27198774215793,
                438.1431791026587
            ],
            5.388572302887743
        ],
        [
            [
                148.2540614015623,
                329.3977859679468
            ],
            4.608553590301552
        ],
        [
            [
                403.4853294495034,
                298.2771562628159
            ],
            3.0232810353085475
        ],
        [
            [
                63.771780282261766,
                468.4907837235296
            ],
            4.584170225766665
        ],
        [
            [
                299.1477277480686,
                478.50942909151166
            ],
            4.842630689067658
        ],
        [
            [
                460.1479205466526,
                243.36060995673105
            ],
            4.309714264682879
        ],
        [
            [
                232.03656332199515,
                231.96513404316184
            ],
            3.09642945906187
        ],
        [
            [
                353.9962159046968,
                323.3947646510946
            ],
            5.868563146224651
        ],
        [
            [
                147.488874269595,
                319.32509860305925
            ],
            3.976514635558398
        ],
        [
            [
                401.24274989620415,
                416.7939928204439
            ],
            3.7114850625998805
        ],
        [
            [
                426.17420259814554,
                33.80761230514876
            ],
            4.805979974153744
        ],
        [
            [
                36.58782507885292,
                379.46912708758276
            ],
            5.445825508713828
        ],
        [
            [
                428.24012467345847,
                324.238966147553
            ],
            4.329696162093294
        ],
        [
            [
                300.92660406068137,
                324.09975707895376
            ],
            4.337923569728236
        ],
        [
            [
                294.4819972889809,
                220.55982523567093
            ],
            4.706794335498584
        ],
        [
            [
                499.8608958458373,
                207.1864121325229
            ],
            4.2024259623404205
        ],
        [
            [
                407.11295361774296,
                262.7598887086116
            ],
            5.571559663129324
        ],
        [
            [
                166.17774689928737,
                80.0775042095049
            ],
            4.393099005083286
        ],
        [
            [
                47.604136489936785,
                393.1758878902649
            ],
            3.9647517053555936
        ],
        [
            [
                186.84413293509434,
                231.22005223132945
            ],
            3.2424446630459274
        ],
        [
            [
                199.2620950617804,
                89.8949009541485
            ],
            3.528881078083892
        ],
        [
            [
                402.8112332068961,
                27.042483596470234
            ],
            5.767177566998432
        ],
        [
            [
                24.657818120796048,
                223.15818316911387
            ],
            5.136069345300121
        ],
        [
            [
                233.3278848959948,
                328.3817272385444
            ],
            5.351100518049052
        ],
        [
            [
                366.1779885101528,
                293.15988426842387
            ],
            5.629232552464572
        ],
        [
            [
                273.89620998925096,
                457.0385344021502
            ],
            3.91632888293137
        ],
        [
            [
                269.7025457714544,
                176.9763751301059
            ],
            4.840825187408002
        ],
        [
            [
                290.0312266090722,
                434.33533923969975
            ],
            3.2212893817064407
        ],
        [
            [
                240.2360917076188,
                78.2015794406177
            ],
            4.458355010579727
        ],
        [
            [
                363.86819084767853,
                414.1856112820924
            ],
            4.107222299949641
        ],
        [
            [
                217.54743807383818,
                473.7968978704721
            ],
            4.407606675687623
        ],
        [
            [
                177.76466102059427,
                153.73651195850096
            ],
            4.02853215644994
        ],
        [
            [
                489.3324525758972,
                417.9852636532579
            ],
            4.119490238484916
        ],
        [
            [
                58.225546505041706,
                404.1664055112278
            ],
            3.7332479988221605
        ],
        [
            [
                158.3658481546509,
                462.60875018892426
            ],
            4.594231480615837
        ],
        [
            [
                212.24294038624396,
                81.84019234711259
            ],
            4.0896911270555645
        ],
        [
            [
                271.4589887761624,
                436.81105721601466
            ],
            4.3255727077375905
        ],
        [
            [
                37.11867800123019,
                204.05877352291898
            ],
            3.939514949549652
        ],
        [
            [
                418.19834454620405,
                232.95198912814004
            ],
            3.298446856753553
        ],
        [
            [
                284.52030872947057,
                397.77029567135645
            ],
            4.160309381231758
        ],
        [
            [
                315.7653330306903,
                479.06102712065905
            ],
            3.1789865270894833
        ],
        [
            [
                290.0018959538129,
                201.10333297823
            ],
            4.518674126486108
        ],
        [
            [
                101.03701926056866,
                398.6839640811981
            ],
            4.238397469928068
        ],
        [
            [
                352.0540925061418,
                356.3057426872783
            ],
            4.211463915495456
        ],
        [
            [
                444.9214103200886,
                431.935462815429
            ],
            4.1792931416671255
        ],
        [
            [
                199.49557111095427,
                246.23189843067505
