{
    "start": [
        [
            18.852745033366386,
            350.5305174200679
        ],
        4.0
    ],
    "goal": [
        [
            493.9780668167782,
            126.33543370359172
        ],
        4.0
    ],
    "obstacles": [
        [
            [
                276.7631034657634,
                54.93537740473506
            ],
            3.4741260884872407
        ],
        [
            [
                388.27820464777886,
                467.180646765923
            ],
            5.324517213139007
        ],
        [
            [
                492.72139066303106,
                410.4915224178055
            ],
            5.401253389586374
        ],
        [
            [
                264.89291498972307,
                479.8485232275697
            ],
            4.3756990416922665
        ],
        [
            [
                377.351104935298,
                31.97254072617481
            ],
            3.2514755657472807
        ],
        [
            [
                502.04901158796247,
                379.80551884981196
            ],
            3.652082234013932
        ],
        [
            [
                263.68942234563366,
                351.6743603324766
            ],
            3.886403471492647
        ],
        [
            [
                252.9166543406277,
                230.9214797889261
            ],
            3.756575552328125
        ],
        [
            [
                418.4060104555432,
                170.8838972594961
            ],
            5.118104774873128
        ],
        [
            [
                459.6239048069473,
                380.18540941308385
            ],
            4.412362657390722
        ],
        [
            [
                138.66367210900975,
                206.18158919433495
            ],
            5.100670744467953
        ],
        [
            [
                153.07899685954717,
                309.2794083831862
            ],
            5.96127550440523
        ],
        [
            [
                446.51982253014825,
                244.1605158187736
            ],
            5.269503652990318
        ],
        [
            [
                78.74650706060392,
                199.74725721677058
            ],
            4.9099988494809885
        ],
        [
            [
                256.37602919438353,
                76.56767714556366
            ],
            3.2612963033586126
        ],
        [
            [
                424.19036944103766,
                135.74577138372285
            ],
            3.9130460197881898
        ],
        [
            [
                336.15719196520024,
                450.4623516522281
            ],
            5.142450088750319
        ],
        [
            [
                81.5419501483838,
                341.1953465328053
            ],
            4.4447118643732555
        ],
        [
            [
                395.36486873879096,
                126.94165264185648
            ],
            4.323205885376913
        ],
        [
            [
                114.67339261186467,
                83.56882009619169
            ],
            5.011595485636676
        ],
        [
            [
                151.486720121962,
                415.14781753838747
            ],
            5.495208808292359
        ],
        [
            [
                217.0968970833092,
                73.62932707874783
            ],
            4.61097420085159
        ],
        [
            [
                441.686899059519,
                315.0140837714354
            ],
            5.900867517695358
        ],
        [
            [
                220.7912229909447,
                33.24570236255475
            ],
            3.9197953153181433
        ],
        [
            [
                11.41288390212462,
                310.44359959536206
            ],
            5.756465302884742
        ],
        [
            [
                348.5779377863576,
                377.6802326545533
            ],
            5.560647298872129
        ],
        [
            [
                48.2047884935135,
                375.8130623326027
            ],
            4.7475414297671605
        ],
        [
            [
                97.22721894764416,
                168.3870836038683
            ],
            4.1892313859464
        ],
        [
            [
                415.2790913396797,
                108.22377493493168
            ],
            5.757972733701772
        ],
        [
            [
                229.78603152785755,
                288.00794233926376
            ],
            3.7178024164117307
        ],
        [
            [
                61.54489766834588,
                83.5503232282048
            ],
            4.846436791875323
        ],
        [
            [
                245.6369238555385,
                477.93565043774413
            ],
            4.7340009242311165
        ],
        [
            [
                115.47564174362554,
                240.59175225180718
            ],
            3.4296633482635377
        ],
        [
            [
                460.5537228303458,
                52.78435407005578
            ],
            4.630682884816251
        ],
        [
            [
                381.83586905737513,
                73.96360349128804
            ],
            3.330830547690625
        ],
        [
            [
                422.6056426090571,
                207.25833818843168
            ],
            4.467858308021801
        ],
        [
            [
                239.71163137387958,
                378.1925048873616
            ],
            5.025722450269494
        ],
        [
            [
                111.64631028921566,
                233.74212458251813
            ],
            3.382790172823404
        ],
        [
            [
                446.05048834988196,
                67.03202287186272
            ],
            3.9803251400632447
        ],
        [
            [
                399.31722462492354,
                240.2809409343299
            ],
            3.1950626251273926
        ],
        [
            [
                203.95089488424793,
                7.956368368723964
            ],
            5.490115333153746
        ],
        [
            [
                333.26237456659226,
                158.82945062402695
            ],
            5.393044640528856
        ],
        [
            [
                134.57777661920406,
                432.0155097572233
            ],
            5.292508600670837
        ],
        [
            [
                96.45111227932773,
                376.84317626606037
            ],
            3.8241059202219083
        ],
        [
            [
                431.0729288737732,
                200.91551709960385
            ],
            5.65137099447178
        ],
        [
            [
                228.42266136432704,
                206.88866266598723
            ],
            4.613429029304941
        ],
        [
            [
                193.02646063850452,
                41.48474808058094
            ],
            4.7099687297379536
        ],
        [
            [
                148.2283233819422,
                98.17226391643794
            ],
            4.404660358363161
        ],
        [
            [
                485.701989521038,
                492.3774885749405
            ],
            5.482545205364385
        ],
        [
            [
                440.1901251216131,
                148.7308907388825
            ],
            5.7300129362979435
        ],
        [
            [
                363.0132253560201,
                268.51324648003737
            ],
            5.434358142112641
        ],
        [
            [
                384.25761744097986,
                120.12931451510212
