{
    "start": [
        [
            24.904310921454584,
            199.84168313743865
        ],
        4.0
    ],
    "goal": [
        [
            491.6523403729903,
            147.8697315501785
        ],
        4.0
    ],
    "obstacles": [
        [
            [
                327.7419456802669,
                146.8805746927471
            ],
            3.8402751764895684
        ],
        [
            [
                89.00307984547598,
                317.069735157266
            ],
            4.265188115929831
        ],
        [
            [
                387.43313159700034,
                401.3028639964386
            ],
            5.952851465275902
        ],
        [
            [
                447.67382953869935,
                402.68076856276514
            ],
            3.229168523271876
        ],
        [
            [
                196.13279845467568,
                291.5896147829614
            ],
            3.2798711509722684
        ],
        [
            [
                69.92218827224767,
                163.02263585121597
            ],
            4.5408547417828515
        ],
        [
            [
                189.66119300842155,
                175.39741570719735
            ],
            5.2817822268767705
        ],
        [
            [
                208.76077552471463,
                138.2327669356603
            ],
            5.747427603157113
        ],
        [
            [
                44.92969347205323,
                447.46568932512247
            ],
            5.359885558014201
        ],
        [
            [
                336.7278626684183,
                142.30622909756838
            ],
            3.4528414419009135
        ],
        [
            [
                21.99316009685606,
                384.7550983235339
            ],
            3.411424585452176
        ],
        [
            [
                485.4045373660678,
                42.170330424845446
            ],
            5.590108971103989
        ],
        [
            [
                253.56998666881336,
                214.44473463973003
            ],
            3.8983793391582537
        ],
        [
            [
                63.22333382824283,
                217.35650870163434
            ],
            3.824577540040328
        ],
        [
            [
                40.62534790617397,
                464.4885835954177
            ],
            4.992351748166965
        ],
        [
            [
                310.8729109622837,
                110.6249143643597
            ],
            4.235472712874037
        ],
        [
            [
                425.08936312099127,
                200.50035948766165
            ],
            4.203389446469958
        ],
        [
            [
                482.99598709161324,
                138.78563331699232
            ],
            4.481681669457402
        ],
        [
            [
                121.7913839817997,
                445.24855002263405
            ],
            4.888742354854651
        ],
        [
            [
                253.59257158889764,
                316.8746824203441
            ],
            4.317443632078651
        ],
        [
            [
                41.16183925198215,
                309.2765831533091
            ],
            3.381548171756267
        ],
        [
            [
                389.26168486925854,
                85.03162826112974
            ],
            3.3930643996461116
        ],
        [
            [
                493.70012274671865,
                26.392638891624852
            ],
            5.822748554627519
        ],
        [
            [
                338.6733078502738,
                406.95662485732555
            ],
            5.966767780102146
        ],
        [
            [
                75.71704788517262,
                379.06464419895485
            ],
            4.153722048505468
        ],
        [
            [
                407.83313205599546,
                221.3503511510841
            ],
            4.81352973036541
        ],
        [
            [
                146.23739569650914,
                432.8395741340998
            ],
            3.4815961537596665
        ],
        [
            [
                184.3024078136191,
                504.70590981981223
            ],
            3.2989521424891803
        ],
        [
            [
                52.69532673581877,
                307.4171923335269
            ],
            3.9682350584726427
        ],
        [
            [
                166.12082852910763,
                16.613897605776845
            ],
            3.7356517261839577
        ],
        [
            [
                425.2892088818135,
                222.3641950666222
            ],
            4.288164051246907
        ],
        [
            [
                28.84438379130231,
                282.6644080751839
            ],
            3.9191842364719394
        ],
        [
            [
                114.20113459797146,
                183.62701390500428
            ],
            3.97785835396775
        ],
        [
            [
                173.26572008594846,
                44.04580874921685
            ],
            5.667551913320459
        ],
        [
            [
                397.05388057814235,
                420.9082055515844
            ],
            4.533487330346026
        ],
        [
            [
                240.05790880926668,
                297.1628136993859
            ],
            5.473673738623475
        ],
        [
            [
                11.190537272406807,
                343.2846974001475
            ],
            5.737609766844951
        ],
        [
            [
                478.4950889766812,
                409.64448945444633
            ],
            4.5112668984256485
        ],
        [
            [
                351.17554681501565,
                168.12352329127373
            ],
            5.168290610353798
        ],
        [
            [
                448.1965870396521,
                153.14764446450693
            ],
            4.623031751786592
        ],
        [
            [
                139.73578575468832,
                232.12567844171105
            ],
            5.951810195055906
        ],
        [
            [
                114.94457340635543,
                72.29766939337998
            ],
            4.377375730282255
        ],
        [
            [
                145.68698685867363,
                464.1294025404062
            ],
            3.65799190640091
        ],
        [
            [
                314.39537101001275,
                136.2055228571619
            ],
            5.559586350515418
        ],
        [
            [
                289.6183750767169,
                120.52663332031976
            ],
            4.085592695225628
        ],
        [
            [
                103.9530081422641,
                123.04469627839725
            ],
            5.818756889636587
        ],
        [
            [
                306.2704821420586,
                283.76078030177985
            ],
            5.033710981940121
        ],
        [
            [
                252.56273444866827,
                73.51418037167865
            ],
            3.977794426616998
        ],
        [
            [
                26.136100509641118,
                497.7541025976276
            ],
            3.005961123908879
        ],
        [
            [
                387.1512785350917,
                33.40651014248038
            ],
            3.4675003397485056
        ],
        [
            [
                222.49686069909635,
                454.0154432700264
            ],
            5.982398399646938
        ],
        [
            [
                390.6730765170135,
