{
    "start": [
        [
            17.108630042500334,
            489.78032280267115
        ],
        4.0
    ],
    "goal": [
        [
            502.8762020084953,
            338.06670985452683
        ],
        4.0
    ],
    "obstacles": [
        [
            [
                218.0933111338698,
                241.48054624707535
            ],
            4.052698104111887
        ],
        [
            [
                451.2402160531902,
                21.696851884295633
            ],
            5.430154766712826
        ],
        [
            [
                112.59023103654684,
                170.51108683108632
            ],
            5.092077698880534
        ],
        [
            [
                487.9889449192331,
                329.8695494461305
            ],
            3.3344304600412324
        ],
        [
            [
                84.64682859647365,
                446.4937664847109
            ],
            3.8184028943436594
        ],
        [
            [
                53.933544730306835,
                432.3451989064066
            ],
            5.571548403771883
        ],
        [
            [
                30.331377458670683,
                130.73555218262567
            ],
            3.954904814154151
        ],
        [
            [
                423.02735720215856,
                145.8606419693674
            ],
            3.9941983448885576
        ],
        [
            [
                252.93666601477452,
                368.8110767645916
            ],
            5.884741699797148
        ],
        [
            [
                458.35128434456686,
                316.6737943730376
            ],
            4.253933482008642
        ],
        [
            [
                69.25100624329251,
                387.7859246563334
            ],
            5.966652037627921
        ],
        [
            [
                307.2825704534094,
                326.31891393410774
            ],
            5.021683963217853
        ],
        [
            [
                323.23365407104336,
                22.73097661915197
            ],
            3.2643538546072755
        ],
        [
            [
                339.30861175004384,
                357.97688360293967
            ],
            3.6609090237283795
        ],
        [
            [
                227.95098976360939,
                213.3235174287759
            ],
            3.046252207710977
        ],
        [
            [
                310.33814631527883,
                299.7473073393497
            ],
            5.876459023758551
        ],
        [
            [
                241.79249684679527,
                85.31435327680465
            ],
            3.301858977178553
        ],
        [
            [
                371.2282167278543,
                78.16599746725788
            ],
            4.373409359587503
        ],
        [
            [
                457.9804330390458,
                491.40748866809133
            ],
            3.036887390746573
        ],
        [
            [
                341.36450854755765,
                151.76666741555096
            ],
            5.744879753238044
        ],
        [
            [
                87.76706282876059,
                259.68182838466214
            ],
            5.219654126144813
        ],
        [
            [
                473.4102221767332,
                31.40361799706595
            ],
            4.7871397254143835
        ],
        [
            [
                240.10602836357913,
                48.47811104542753
            ],
            4.015683298544437
        ],
        [
            [
                66.63734766488462,
                217.09113686293318
            ],
            3.664663127601952
        ],
        [
            [
                242.18989908903902,
                278.62853201199266
            ],
            3.6038397955938692
        ],
        [
            [
                295.06191473472836,
                289.47439527442305
            ],
            3.0926229692000433
        ],
        [
            [
                66.76190241486938,
                304.27457574973306
            ],
            5.37895855407379
        ],
        [
            [
                248.25189472763972,
                192.43719229271582
            ],
            4.072493725251963
        ],
        [
            [
                345.0505975209456,
                63.362194648859536
            ],
            4.546916252642172
        ],
        [
            [
                151.87909788835364,
                448.53683788852055
            ],
            3.225625153835946
        ],
        [
            [
                123.56127652273722,
                160.64284347012853
            ],
            5.252064866632182
        ],
        [
            [
                45.012148473603055,
                222.6737080649883
            ],
            3.456914918623675
        ],
        [
            [
                94.9680480856416,
                307.57439181499626
            ],
            5.7488753332479146
        ],
        [
            [
                53.43567035727677,
                256.3645688815773
            ],
            3.349023735699037
        ],
        [
            [
                290.76560439223164,
                308.47882111478225
            ],
            5.8836891771535225
        ],
        [
            [
                424.133005298417,
                386.4534707087076
            ],
            4.768753454524308
        ],
        [
            [
                475.3002538076584,
                381.339392726449
            ],
            4.455268701913998
        ],
        [
            [
                53.45243997025988,
                34.50672937494028
            ],
            4.82901942443265
        ],
        [
            [
                271.1843704894196,
                286.76166724589183
            ],
            5.78701526890446
        ],
        [
            [
                98.50493190280102,
                166.77595430598205
            ],
            4.21836270375181
        ],
        [
            [
                466.2003497252975,
                65.08471410576611
            ],
            3.2100146546734285
        ],
        [
            [
                264.0326743224091,
                167.0361674550835
            ],
            5.846257807566929
        ],
        [
            [
                98.31354048455088,
                277.7022679898193
            ],
            3.602244575625196
        ],
        [
            [
                160.94774006587454,
                32.498027073186705
            ],
            3.926131527958556
        ],
        [
            [
                359.5192096924354,
                98.57878462879496
            ],
            4.513526924515219
        ],
        [
            [
                300.293589942469,
                443.57045006606506
            ],
            5.799559483105832
        ],
        [
            [
                297.10512821525475,
                229.49837680562058
            ],
            5.888354022396371
        ],
        [
            [
                211.38656974574428,
                384.2822000357643
            ],
            5.704795405181993
        ],
        [
            [
                203.23599923432897,
                392.502783293082
            ],
            5.0772812261467966
        ],
        [
            [
                102.61623821345476,
                400.6179393615652
            ],
            3.3003679789630893
        ],
        [
            [
                417.8607514827096,
                468.5495413452092
            ],
            3.9047563345178347
        ],
        [
            [
                491.23256793908246,
