{
    "start": [
        [
            5.388419427578121,
            426.6381200626059
        ],
        4.0
    ],
    "goal": [
        [
            497.3561961716293,
            286.8275412430086
        ],
        4.0
    ],
    "obstacles": [
        [
            [
                451.2159367331705,
                213.3573982042856
            ],
            3.3448233774775256
        ],
        [
            [
                153.79512262693657,
                456.16663125876823
            ],
            3.557342795008695
        ],
        [
            [
                94.14844057486958,
                273.0721601794425
            ],
            5.416263693862971
        ],
        [
            [
                190.3486704175621,
                373.9081204955689
            ],
            5.977426464160582
        ],
        [
            [
                381.4461070507054,
                320.3969657103459
            ],
            3.0631493753794463
        ],
        [
            [
                443.1995698370208,
                311.93756173066396
            ],
            5.813641654049697
        ],
        [
            [
                105.83174161961749,
                263.7677571865828
            ],
            4.526462031369109
        ],
        [
            [
                304.14064139244226,
                41.907689778323856
            ],
            3.04160375425203
        ],
        [
            [
                55.05866872426705,
                464.47131083364354
            ],
            5.793447898954455
        ],
        [
            [
                394.81265942355446,
                414.72990876846376
            ],
            4.763991182632206
        ],
        [
            [
                419.3078058158513,
                358.8733980195641
            ],
            5.139237633741363
        ],
        [
            [
                159.96118247684439,
                18.25995925239357
            ],
            3.5467676030544673
        ],
        [
            [
                400.54180957717006,
                394.1053052063271
            ],
            3.6976240761838186
        ],
        [
            [
                419.9470742379022,
                100.89575387041748
            ],
            3.4543324279778025
        ],
        [
            [
                490.4597104412947,
                114.65406916257287
            ],
            4.888476666166921
        ],
        [
            [
                250.67941015066987,
                364.45774639461575
            ],
            4.146964793828072
        ],
        [
            [
                21.681980869927543,
                381.6196737504001
            ],
            4.1317181538675865
        ],
        [
            [
                494.409820307487,
                340.1689069622802
            ],
            5.140974510873256
        ],
        [
            [
                163.9764057846899,
                256.9097793325133
            ],
            4.047116947624118
        ],
        [
            [
                427.3886841207583,
                54.11920230643546
            ],
            4.3183719486400856
        ],
        [
            [
                13.304569371361826,
                365.3644663420581
            ],
            3.338682131451491
        ],
        [
            [
                207.47291871524897,
                153.66083777571575
            ],
            4.968614520792557
        ],
        [
            [
                384.6088747537658,
                184.05415959244533
            ],
            5.310975515693424
        ],
        [
            [
                103.84665552318069,
                338.5063740653305
            ],
            4.183227632628889
        ],
        [
            [
                404.77801117427316,
                20.59211559783845
            ],
            3.5513991714399484
        ],
        [
            [
                186.70917771343562,
                74.5358398803842
            ],
            3.3940855680805058
        ],
        [
            [
                415.7590263104867,
                417.6255338437056
            ],
            3.7871903990565134
        ],
        [
            [
                299.37178346310844,
                178.37868978470564
            ],
            4.625207175650344
        ],
        [
            [
                349.18874217626626,
                101.88446239068051
            ],
            5.327950484362543
        ],
        [
            [
                451.7376922189765,
                461.94598343630935
            ],
            4.997810269292648
        ],
        [
            [
                320.3835314548545,
                194.62898209965388
            ],
            5.299714382303382
        ],
        [
            [
                411.1812309062305,
                403.43702999389893
            ],
            3.366216342253028
        ],
        [
            [
                110.11832271831035,
                323.0072923585268
            ],
            3.1786768795471065
        ],
        [
            [
                53.95280356467459,
                484.1052454006201
            ],
            5.963333486393625
        ],
        [
            [
                351.5450788860202,
                131.73915384939198
            ],
            5.239230141503618
        ],
        [
            [
                478.73385595271026,
                377.18707533773943
            ],
            4.741234864435931
        ],
        [
            [
                422.63497069267606,
                318.9412101360996
            ],
            5.814394220701327
        ],
        [
            [
                474.1773251586144,
                9.948177644179395
            ],
            4.0511573225254915
        ],
        [
            [
                478.83277992828107,
                215.1312398908333
            ],
            5.948796551538315
        ],
        [
            [
                329.93648153166816,
                215.88963761595798
            ],
            5.259894228304055
        ],
        [
            [
                414.5772160726119,
                73.78354546268932
            ],
            4.401918070623146
        ],
        [
            [
                361.7714889746618,
                159.11818816933405
            ],
            3.656712888500157
        ],
        [
            [
                114.59108945181,
                303.72368101573426
            ],
            3.0505960523343996
        ],
        [
            [
                371.850586275141,
                110.93186836204057
            ],
            3.6625627978834876
        ],
        [
            [
                397.51399375332176,
                191.83052909176394
            ],
            3.1333389716550166
        ],
        [
            [
                185.15572069350745,
                220.277523832219
            ],
            5.718370098245872
        ],
        [
            [
                435.63094942258505,
                327.2573957799126
            ],
            5.378491484626528
        ],
        [
            [
                394.54981552827553,
                342.7729439248906
            ],
            4.580348407720846
        ],
        [
            [
                33.023797887014155,
                82.99237368863656
            ],
            4.7514888558794315
        ],
        [
            [
                429.79195092370253,
                288.237864114645
            ],
            5.917502784061072
        ],
        [
            [
                148.39923233689146,
                416.6768443764259
            ],
            3.0627381130889244
        ],
        [
            [
                458.314744227261,
