{
    "start": [
        [
            26.227529055444762,
            167.06011139343366
        ],
        4.0
    ],
    "goal": [
        [
            491.19101080325726,
            501.9110597845806
        ],
        4.0
    ],
    "obstacles": [
        [
            [
                47.760799669497025,
                279.1619705744933
            ],
            5.445293840960889
        ],
        [
            [
                466.6847322567866,
                85.36335543828766
            ],
            4.854826420055799
        ],
        [
            [
                301.0108719375444,
                433.9759244309029
            ],
            4.29566298437264
        ],
        [
            [
                309.0227919326388,
                418.08522619646783
            ],
            3.3153884686174973
        ],
        [
            [
                168.32678622616297,
                70.80086200489681
            ],
            4.6298488785870004
        ],
        [
            [
                112.8399101290741,
                425.72211185420235
            ],
            5.504303232297833
        ],
        [
            [
                303.9737450274922,
                96.96937041528024
            ],
            5.287118365422753
        ],
        [
            [
                319.15373155598905,
                142.32567821897257
            ],
            3.815095852512316
        ],
        [
            [
                179.20678817516034,
                470.53881527236257
            ],
            4.418171486355252
        ],
        [
            [
                128.39654515938935,
                349.0839466742769
            ],
            3.4777659794583604
        ],
        [
            [
                348.77938234468314,
                473.6387581229033
            ],
            3.494279940776361
        ],
        [
            [
                411.68579398824795,
                90.3386343303005
            ],
            5.65686286558522
        ],
        [
            [
                260.00555508290023,
                113.84977886545863
            ],
            3.387990297681948
        ],
        [
            [
                328.61439953387173,
                323.58980505202095
            ],
            5.458492093457735
        ],
        [
            [
                332.38084398442203,
                160.82631406926012
            ],
            4.5817198033310795
        ],
        [
            [
                121.82710105339265,
                31.627546476632965
            ],
            4.902490318562839
        ],
        [
            [
                486.0135870357665,
                189.2299646185635
            ],
            3.1951065964695853
        ],
        [
            [
                281.5938209738398,
                283.7900248249463
            ],
            4.555775621464082
        ],
        [
            [
                344.2630539152283,
                405.9793444530807
            ],
            4.81197921561513
        ],
        [
            [
                198.08381691691943,
                245.23052479288575
            ],
            3.008590121013695
        ],
        [
            [
                493.2635872389001,
                12.814540828096474
            ],
            4.922836493799095
        ],
        [
            [
                125.32474022796886,
                316.86828031291634
            ],
            3.099045048282309
        ],
        [
            [
                43.51276186958441,
                132.42987589751863
            ],
            5.32863449570711
        ],
        [
            [
                105.43084533190606,
                395.1600606088427
            ],
            5.750364910713894
        ],
        [
            [
                358.63643192895523,
                41.72540447013094
            ],
            5.393052500514504
        ],
        [
            [
                78.939209749817,
                86.25119423901381
            ],
            5.559663471850278
        ],
        [
            [
                449.6477134237328,
                48.691528530869775
            ],
            5.844523414705966
        ],
        [
            [
                497.83163395042885,
                308.91403774763523
            ],
            5.816232823767732
        ],
        [
            [
                477.5217444427256,
                454.7997727375084
            ],
            5.870149314389108
        ],
        [
            [
                294.0011436896242,
                215.76335960476106
            ],
            3.3134313217438365
        ],
        [
            [
                377.3719368189276,
                411.95578721904366
            ],
            3.867917769179184
        ],
        [
            [
                243.88760705899566,
                26.095979760943457
            ],
            5.792378570715209
        ],
        [
            [
                23.712170793691982,
                314.5305524055994
            ],
            3.717834223675955
        ],
        [
            [
                329.39139224562956,
                27.22975926300891
            ],
            3.6933683324011692
        ],
        [
            [
                419.9290808600919,
                334.11900091732895
            ],
            3.323346325794376
        ],
        [
            [
                468.5370519072601,
                268.71622322352073
            ],
            3.3927442430806662
        ],
        [
            [
                52.015623420589144,
                142.47269819832295
            ],
            4.269673217960299
        ],
        [
            [
                283.6899368612213,
                381.35869247797257
            ],
            4.290975105553005
        ],
        [
            [
                184.01872407117068,
                290.4764027383517
            ],
            4.404760876665583
        ],
        [
            [
                472.27318046585236,
                404.13392091476163
            ],
            4.5356319108933185
        ],
        [
            [
                115.24494532619332,
                498.3837240415146
            ],
            3.191136244790367
        ],
        [
            [
                119.63352594354433,
                301.56459780938735
            ],
            3.5568618381157657
        ],
        [
            [
                24.362478072476808,
                406.1328673726437
            ],
            4.658312619727621
        ],
        [
            [
                66.19905404643237,
                407.5464202086106
            ],
            5.725677691137079
        ],
        [
            [
                455.5168013676978,
                70.98458919555927
            ],
            3.722782303980641
        ],
        [
            [
                293.4876080433855,
                48.39805338120818
            ],
            3.030503122320665
        ],
        [
            [
                88.55881205478606,
                479.3420068199993
            ],
            3.422292569206908
        ],
        [
            [
                102.68368371680506,
                285.9227955542466
            ],
            5.413616697094346
        ],
        [
            [
                381.64499966254095,
                31.205000386603004
            ],
            4.399513705819292
        ],
        [
            [
                87.78542747428561,
                213.95250529073164
            ],
            5.969905087350115
        ],
        [
            [
                251.37929696098328,
                460.8038750636062
            ],
            5.713688082847782
        ],
        [
            [
                169.04579878095188,
