{
    "start": [
        [
            13.87859471287871,
            128.7980832980457
        ],
        4.0
    ],
    "goal": [
        [
            500.92888218873856,
            263.30004822642314
        ],
        4.0
    ],
    "obstacles": [
        [
            [
                81.58985426494466,
                418.7160543965565
            ],
            5.70359117053704
        ],
        [
            [
                504.35925159288036,
                316.68280304801965
            ],
            4.095847402603759
        ],
        [
            [
                327.29131039874045,
                497.859641734691
            ],
            4.107173227060928
        ],
        [
            [
                163.9080175913857,
                315.505647173968
            ],
            3.230748254613077
        ],
        [
            [
                449.64349747920755,
                302.9071603860942
            ],
            4.137047140136067
        ],
        [
            [
                191.54007072115172,
                194.5360270900221
            ],
            4.654511298149898
        ],
        [
            [
                431.3635232445153,
                71.77640990117543
            ],
            3.466140771359881
        ],
        [
            [
                85.71405455307274,
                274.139651845038
            ],
            4.8801347167916225
        ],
        [
            [
                422.71833914789374,
                307.6683033840379
            ],
            3.9435372904193486
        ],
        [
            [
                341.1976310481227,
                349.1816544349721
            ],
            5.961136128736669
        ],
        [
            [
                23.110380317550273,
                50.43210131601455
            ],
            4.929174131636698
        ],
        [
            [
                342.26833712482335,
                419.41522478098653
            ],
            4.462492448253832
        ],
        [
            [
                201.0749885381683,
                277.4257237749126
            ],
            5.392892896978907
        ],
        [
            [
                419.19979512846425,
                465.98449115377815
            ],
            3.3780649289492337
        ],
        [
            [
                465.79062256925926,
                138.98155504775673
            ],
            4.60082353577482
        ],
        [
            [
                310.81588407914495,
                371.3511929898619
            ],
            5.920727210680927
        ],
        [
            [
                92.35115012890456,
                396.79591573246
            ],
            4.150516085227508
        ],
        [
            [
                155.23463649689447,
                139.42056830207386
            ],
            4.785448070962019
        ],
        [
            [
                340.8010185164201,
                60.6883710328878
            ],
            3.3582023010500563
        ],
        [
            [
                459.53114723502847,
                369.14718346202244
            ],
            3.201531262121385
        ],
        [
            [
                124.05422128362015,
                323.63191441257663
            ],
            4.776718816153226
        ],
        [
            [
                313.2199783652067,
                4.691747447997764
            ],
            4.505863493824401
        ],
        [
            [
                91.80202934095615,
                337.85200364634625
            ],
            3.4661531637975846
        ],
        [
            [
                213.19187930446617,
                188.7049060015919
            ],
            5.595152343203253
        ],
        [
            [
                250.5981478451277,
                410.12280743819616
            ],
            4.600463796751145
        ],
        [
            [
                286.4300485323716,
                448.30753243866167
            ],
            5.030451319293011
        ],
        [
            [
                489.38394624454764,
                430.6943198576048
            ],
            4.105124677379363
        ],
        [
            [
                357.84071030230325,
                497.8374773858845
            ],
            3.226379957304753
        ],
        [
            [
                331.309944749467,
                251.0020958851614
            ],
            5.506878250649876
        ],
        [
            [
                56.8364265925447,
                133.39876624030123
            ],
            4.752549047532632
        ],
        [
            [
                487.2150434475276,
                255.42210524492117
            ],
            4.027678140524805
        ],
        [
            [
                441.09875828994683,
                82.89513335168506
            ],
            4.657319950251436
        ],
        [
            [
                460.17951933691603,
                262.7373458872179
            ],
            3.8228944567485694
        ],
        [
            [
                260.14201876499476,
                70.72130638492534
            ],
            3.756488418092488
        ],
        [
            [
                183.15795875214383,
                381.7200134692908
            ],
            3.933898341472975
        ],
        [
            [
                38.18958155166234,
                129.84097281912952
            ],
            5.8823597865818
        ],
        [
            [
                445.5608375771493,
                356.5819001103095
            ],
            5.490963663029731
        ],
        [
            [
                195.76481118082052,
                215.7530264825654
            ],
            4.962620358595154
        ],
        [
            [
                501.47317922592555,
                469.14355017325596
            ],
            3.161709883588523
        ],
        [
            [
                194.63270534654112,
                116.7768167994155
            ],
            4.537655944798872
        ],
        [
            [
                413.1330276057579,
                428.54697932148747
            ],
            5.949484365564267
        ],
        [
            [
                130.51925893568128,
                453.5579021667874
            ],
            4.496078445540049
        ],
        [
            [
                327.89355574052064,
                139.90027208849716
            ],
            4.62808021082331
        ],
        [
            [
                110.07232997139283,
                343.4013219280414
            ],
            4.210108607074878
        ],
        [
            [
                431.2233998060017,
                211.82490515904365
            ],
            5.922504918430634
        ],
        [
            [
                268.87803444694225,
                486.2919129675131
            ],
            3.5992742352699922
        ],
        [
            [
                483.4356865632822,
                405.5667296334151
            ],
            5.928578624572365
        ],
        [
            [
                40.62871072434074,
                92.81591907261331
            ],
            4.4070320218553904
        ],
        [
            [
                302.7763661051469,
                63.392965871994946
            ],
            5.78584353108681
        ],
        [
            [
                129.84217616203645,
                121.46710359919645
            ],
            5.066668417374456
        ],
        [
            [
                343.1774826585685,
                324.05069041985655
            ],
            3.1236141215098447
        ],
        [
            [
                253.22645679654735,
                361.56358460169236
