{
    "start": [
        [
            15.816633395975803,
            26.545757511665858
        ],
        4.0
    ],
    "goal": [
        [
            505.2230762026285,
            73.6614892923047
        ],
        4.0
    ],
    "obstacles": [
        [
            [
                293.4237235113195,
                456.9430130308542
            ],
            4.289550645481941
        ],
        [
            [
                282.79393452223184,
                449.4140894557108
            ],
            3.76186893195485
        ],
        [
            [
                287.70994722900593,
                187.79528792784072
            ],
            4.532399279055841
        ],
        [
            [
                404.4655377566981,
                50.00358368874164
            ],
            4.824205942459512
        ],
        [
            [
                323.99258576642666,
                331.6596568209683
            ],
            3.868655173307896
        ],
        [
            [
                460.465102972267,
                474.6011472316767
            ],
            3.0331228764220732
        ],
        [
            [
                335.2605172201127,
                161.97383201950942
            ],
            3.721228570637809
        ],
        [
            [
                260.7944830623853,
                385.62563393923733
            ],
            3.3109025342553435
        ],
        [
            [
                330.65614692166133,
                466.231033459877
            ],
            4.2594933486509765
        ],
        [
            [
                32.39344591571821,
                115.23123643199199
            ],
            4.290894395354678
        ],
        [
            [
                384.43835485103625,
                198.3103131413061
            ],
            4.498538320319453
        ],
        [
            [
                184.04260972163218,
                24.731390795089887
            ],
            4.2812226505903475
        ],
        [
            [
                248.54373855697926,
                280.93594271954555
            ],
            5.939478036884765
        ],
        [
            [
                88.25357057699654,
                391.5506902915802
            ],
            3.7486280631519158
        ],
        [
            [
                204.31552311950497,
                484.7546555601972
            ],
            3.883141294331217
        ],
        [
            [
                485.83180668216403,
                72.74569771944006
            ],
            3.4713214484633403
        ],
        [
            [
                290.7180458810202,
                119.19931865709043
            ],
            3.0974087114633697
        ],
        [
            [
                502.592920936815,
                363.595160761193
            ],
            5.753809010251782
        ],
        [
            [
                102.11139140043676,
                411.38600155816846
            ],
            5.416628324822041
        ],
        [
            [
                466.53666315746227,
                15.029994344428133
            ],
            3.614694664981959
        ],
        [
            [
                44.583617442982614,
                78.36617970593252
            ],
            3.238250422862702
        ],
        [
            [
                446.56135495991373,
                381.06863923147625
            ],
            4.831602549517633
        ],
        [
            [
                306.0758556487021,
                425.19618668125025
            ],
            4.485176804077824
        ],
        [
            [
                500.3230679827304,
                128.3823620313729
            ],
            4.80348133107765
        ],
        [
            [
                321.5392711588078,
                151.9123411323445
            ],
            3.319494616695075
        ],
        [
            [
                226.26775631971068,
                164.14154565520403
            ],
            4.549640449001109
        ],
        [
            [
                85.82968503591398,
                318.51774516778175
            ],
            4.0048910126683195
        ],
        [
            [
                493.9363185970893,
                503.65962485330016
            ],
            3.006586796351816
        ],
        [
            [
                497.41281031981066,
                329.67494215514165
            ],
            3.9640724117963395
        ],
        [
            [
                88.05726319986859,
                144.7907877569692
            ],
            5.749498036227673
        ],
        [
            [
                82.9705373519337,
                349.1401736099446
            ],
            4.559378904336893
        ],
        [
            [
                265.67077531068276,
                311.0360580887047
            ],
            4.799405219666559
        ],
        [
            [
                177.71019844983414,
                119.25965836095239
            ],
            3.8134554473483746
        ],
        [
            [
                479.83562585398454,
                382.51039907906886
            ],
            4.8474711615167
        ],
        [
            [
                392.5453635526055,
                370.2040634026854
            ],
            5.292484456517034
        ],
        [
            [
                101.30017585891974,
                483.4989566096716
            ],
            4.888370019517233
        ],
        [
            [
                273.0630057203772,
                289.71216099258356
            ],
            3.466281453742015
        ],
        [
            [
                175.17376847271856,
                508.8917964706121
            ],
            3.0317588074290307
        ],
        [
            [
                430.27331838717237,
                476.92739327544524
            ],
            4.4262883262311234
        ],
        [
            [
                115.6930928127121,
                19.79108040223997
            ],
            5.11661357315135
        ],
        [
            [
                209.08032997109777,
                185.77832731723973
            ],
            3.1800623470301144
        ],
        [
            [
                203.12585460219873,
                178.87590564767163
            ],
            3.9906802658654317
        ],
        [
            [
                177.12598666281946,
                162.0333496366971
            ],
            4.504190036634248
        ],
        [
            [
                470.02871825053296,
                451.5505813914998
            ],
            4.058850098840809
        ],
        [
            [
                152.87762410014483,
                223.34485586764652
            ],
            3.567441748035771
        ],
        [
            [
                487.9860236374309,
                115.44165859139878
            ],
            4.189229831937695
        ],
        [
            [
                380.8239472229076,
                399.95073409669266
            ],
            4.874944116665831
        ],
        [
            [
                313.80923497639895,
                124.27205783705563
            ],
            3.7962546242321236
        ],
        [
            [
                245.59969289087732,
                383.9493598521939
            ],
            4.152281813827106
        ],
        [
            [
                85.58715389114047,
                213.83891445945915
            ],
            5.7684589611141455
        ],
        [
            [
                125.83945950071663,
                205.5794595259042
            ],
            4.0817889212044065
        ],
        [
            [
                318.7432482233016,
