{
    "start": [
        [
            23.212679358345376,
            503.7443839679282
        ],
        4.0
    ],
    "goal": [
        [
            484.48491013639796,
            389.83561896911846
        ],
        4.0
    ],
    "obstacles": [
        [
            [
                498.04114430155244,
                462.1247102617819
            ],
            5.247153327885898
        ],
        [
            [
                304.38690194035775,
                74.14669901171627
            ],
            4.1982347079083535
        ],
        [
            [
                98.61879091797321,
                82.36807896144745
            ],
            3.6947229939435133
        ],
        [
            [
                306.70390485735754,
                40.747021803841534
            ],
            5.884325092066728
        ],
        [
            [
                5.311425287236078,
                208.29347814800548
            ],
            4.061305397735492
        ],
        [
            [
                245.54217096339283,
                382.0136315159831
            ],
            4.391394807362407
        ],
        [
            [
                116.84372415161975,
                8.919557594116329
            ],
            5.955072685943821
        ],
        [
            [
                95.55405419931077,
                247.55655103638264
            ],
            3.741228153591803
        ],
        [
            [
                461.9506581460254,
                371.81644718078513
            ],
            5.248043534015721
        ],
        [
            [
                92.64095126525224,
                492.2311996625223
            ],
            5.83198697248005
        ],
        [
            [
                379.45188624609074,
                416.7672180456476
            ],
            5.047730167201531
        ],
        [
            [
                304.83845961949925,
                227.3413148449889
            ],
            5.4817935042302075
        ],
        [
            [
                77.23751920024863,
                454.5975535833473
            ],
            4.2379256282266855
        ],
        [
            [
                207.9140827794555,
                337.642946335127
            ],
            4.6694828070445284
        ],
        [
            [
                250.65039577176907,
                449.38384093124057
            ],
            4.031511197276572
        ],
        [
            [
                371.23357891286264,
                446.2038766693706
            ],
            3.3463882773721614
        ],
        [
            [
                277.21416587116533,
                80.18165955178056
            ],
            3.8390283593497436
        ],
        [
            [
                356.70929642714594,
                224.67961126058574
            ],
            3.581438723294133
        ],
        [
            [
                15.061657906936027,
                107.99220835286116
            ],
            5.745541421642482
        ],
        [
            [
                311.93209036210015,
                444.00713132039607
            ],
            4.687667638545877
        ],
        [
            [
                444.5125065657457,
                469.088101076899
            ],
            3.4690637165270184
        ],
        [
            [
                373.284980558879,
                51.82625904734792
            ],
            4.924409484629873
        ],
        [
            [
                187.1750108451451,
                65.01648412040949
            ],
            4.470358250037931
        ],
        [
            [
                89.72915548587306,
                150.0921054240039
            ],
            3.840251543411182
        ],
        [
            [
                219.52553220214764,
                476.4082848956615
            ],
            3.0481133591461322
        ],
        [
            [
                230.6148262680525,
                330.35522642779455
            ],
            5.963231184658299
        ],
        [
            [
                458.46135723882753,
                126.55439252186117
            ],
            4.856719612339429
        ],
        [
            [
                469.07637607025976,
                178.69067145576417
            ],
            4.111780950479918
        ],
        [
            [
                18.61121074533809,
                121.59845413311753
            ],
            5.220399877805392
        ],
        [
            [
                240.33611152591462,
                276.2300111991022
            ],
            4.149369411177499
        ],
        [
            [
                310.8672409399253,
                300.5649809054342
            ],
            4.5742288507702265
        ],
        [
            [
                477.384191557819,
                75.08163698166909
            ],
            3.5192116754468965
        ],
        [
            [
                436.6153589990227,
                303.5147332399755
            ],
            5.164246407129037
        ],
        [
            [
                247.63414467035133,
                351.1796725357246
            ],
            4.595245181360257
        ],
        [
            [
                114.41191953172412,
                501.6966317413356
            ],
            5.871539951756274
        ],
        [
            [
                474.20363652503784,
                92.37915748230937
            ],
            3.6755424646005252
        ],
        [
            [
                175.68309081107932,
                176.102606200555
            ],
            3.1154130450432107
        ],
        [
            [
                112.003486355501,
                334.9241077794889
            ],
            5.333247443486718
        ],
        [
            [
                287.10678979438165,
                329.6082728581121
            ],
            4.154137897528524
        ],
        [
            [
                486.3424430680505,
                247.71795660091408
            ],
            5.897138933166028
        ],
        [
            [
                290.6794979711969,
                228.22254282035416
            ],
            3.0806464077454176
        ],
        [
            [
                195.62938148240113,
                37.14490010578724
            ],
            3.6587648967911224
        ],
        [
            [
                359.1083567298178,
                146.90470557824509
            ],
            3.261331384520095
        ],
        [
            [
                15.646109653398383,
                399.35962276283414
            ],
            5.01150237924924
        ],
        [
            [
                39.76603122001108,
                262.9687434447627
            ],
            3.4024431869529677
        ],
        [
            [
                89.1348081723724,
                343.5380959749547
            ],
            4.778788719573622
        ],
        [
            [
                147.87309449732345,
                64.3425800439889
            ],
            4.813234482655659
        ],
        [
            [
                168.9033498236739,
                106.68543388458238
            ],
            5.041855567708268
        ],
        [
            [
                55.582435405189884,
                378.3374947813489
            ],
            5.807097608729072
        ],
        [
            [
                301.5941067145693,
                424.0309357652025
            ],
            3.33706450940797
        ],
        [
            [
                358.05379657141185,
                410.75370926800804
            ],
            5.8177310111110385
        ],
        [
            [
                401.0507374075104,
                100.13420347372183
