{
    "start": [
        [
            17.249086387961952,
            25.91787233199588
        ],
        4.0
    ],
    "goal": [
        [
            500.59465612704645,
            453.0883318577861
        ],
        4.0
    ],
    "obstacles": [
        [
            [
                154.91367036180463,
                481.49497873360576
            ],
            4.376552180022628
        ],
        [
            [
                219.59245825486462,
                288.0653867446728
            ],
            3.020870363194081
        ],
        [
            [
                47.94312730042586,
                391.14028553379137
            ],
            5.4987043115660885
        ],
        [
            [
                275.0198638115024,
                216.9229153744845
            ],
            4.12274977395127
        ],
        [
            [
                87.42796425691554,
                254.42393346786383
            ],
            3.0513522062196925
        ],
        [
            [
                360.6795652289712,
                447.43140639666484
            ],
            4.952583220399186
        ],
        [
            [
                402.56927730673755,
                330.5477325804229
            ],
            5.204033112099514
        ],
        [
            [
                454.84040192816474,
                185.71593347042483
            ],
            5.490518260038091
        ],
        [
            [
                268.71400426971167,
                26.082707843273774
            ],
            3.7426454784374754
        ],
        [
            [
                13.43243357283689,
                108.47658305582208
            ],
            4.035533678518318
        ],
        [
            [
                35.20220971147338,
                255.0775063637417
            ],
            4.642021121207497
        ],
        [
            [
                126.46524004791524,
                477.0421872335953
            ],
            4.428121784268631
        ],
        [
            [
                474.9575077824924,
                84.5633632459081
            ],
            3.3874813905826677
        ],
        [
            [
                100.95222525972837,
                372.8506409791215
            ],
            3.567091538910339
        ],
        [
            [
                44.07097088194216,
                451.94731196940813
            ],
            5.872104564626541
        ],
        [
            [
                295.0557882725358,
                403.27840881297396
            ],
            3.7887620575966734
        ],
        [
            [
                215.65320293167636,
                200.54182818757633
            ],
            3.3797503155582396
        ],
        [
            [
                452.7467655191674,
                452.0338981287743
            ],
            5.8178834733277265
        ],
        [
            [
                218.09240959912313,
                66.34316307343809
            ],
            3.113058247902332
        ],
        [
            [
                357.05954077404874,
                473.59482701628565
            ],
            5.112072829514576
        ],
        [
            [
                343.8088279475324,
                235.49076440692184
            ],
            3.7640375344717087
        ],
        [
            [
                374.9578533780242,
                25.915191582311504
            ],
            5.099734457999819
        ],
        [
            [
                127.33442927312012,
                419.33696241647465
            ],
            3.7428375213918157
        ],
        [
            [
                146.5036218443307,
                397.7800621536154
            ],
            3.832377701476677
        ],
        [
            [
                243.60600070435635,
                81.3938066223912
            ],
            3.3421912147790613
        ],
        [
            [
                87.37849241257332,
                6.846297585997936
            ],
            4.329043925992663
        ],
        [
            [
                186.284449426609,
                172.2713754672067
            ],
            3.8506917521358064
        ],
        [
            [
                23.757241589835136,
                485.69778712944407
            ],
            4.540290483834535
        ],
        [
            [
                167.53970834663042,
                445.07777441637967
            ],
            5.3935994122532565
        ],
        [
            [
                353.01193383895725,
                78.29197470123356
            ],
            3.0270915883345153
        ],
        [
            [
                14.720451914890525,
                98.63447710415025
            ],
            4.5385868470409765
        ],
        [
            [
                413.84624837452833,
                320.6354898315606
            ],
            4.201736279710538
        ],
        [
            [
                12.340825366031911,
                160.0124759658505
            ],
            4.903165899855701
        ],
        [
            [
                173.7230587724068,
                157.4136060102155
            ],
            5.242483501925912
        ],
        [
            [
                305.5203207478798,
                117.21069949788277
            ],
            3.0899682646001674
        ],
        [
            [
                311.1565112166196,
                381.8451013325352
            ],
            5.714444864213139
        ],
        [
            [
                348.7918120832424,
                487.2780016639975
            ],
            5.197583005147737
        ],
        [
            [
                465.72423328699864,
                210.54085525688203
            ],
            5.778922547960194
        ],
        [
            [
                240.4997242970885,
                501.0341260258212
            ],
            5.7334130672776915
        ],
        [
            [
                193.31905678005995,
                34.18115018332577
            ],
            4.659118325615918
        ],
        [
            [
                133.73199141665367,
                412.2901049995131
            ],
            3.915705871351723
        ],
        [
            [
                432.5569939386895,
                387.89181386196327
            ],
            5.322450566379279
        ],
        [
            [
                105.64098960820444,
                248.50582184275277
            ],
            4.539769309508989
        ],
        [
            [
                231.72838002220502,
                21.600694559718377
            ],
            5.591376853150317
        ],
        [
            [
                163.57802969019875,
                462.4420878066512
            ],
            5.843729157334112
        ],
        [
            [
                197.49399478137113,
                293.62594619820493
            ],
            3.2068819938604634
        ],
        [
            [
                407.7102857420172,
                127.57098462920703
            ],
            3.592619766393468
        ],
        [
            [
                234.1805827482661,
                337.3210953011784
            ],
            5.41406415517705
        ],
        [
            [
                113.6215415674314,
                363.19990645632333
            ],
            4.039295271643867
        ],
        [
            [
                213.59257743252823,
                384.46381393685476
            ],
            3.0408041938432246
        ],
        [
            [
                300.1229384000293,
                477.7597694604322
            ],
            4.534029532810807
        ],
        [
            [
                272.46136588228035,
