{
    "start": [
        [
            24.77226453999217,
            384.57861820112527
        ],
        4.0
    ],
    "goal": [
        [
            500.5476546732889,
            372.19802365719715
        ],
        4.0
    ],
    "obstacles": [
        [
            [
                428.6748294097598,
                125.21986274815391
            ],
            3.2691695278462896
        ],
        [
            [
                18.88724318648718,
                66.5948813353182
            ],
            3.4205650147689854
        ],
        [
            [
                361.5411374727719,
                209.09390819996847
            ],
            5.323001732758507
        ],
        [
            [
                237.51863380797118,
                311.65273041740187
            ],
            5.717841252214447
        ],
        [
            [
                499.40368141847813,
                93.82472575733613
            ],
            3.6861279308201356
        ],
        [
            [
                298.44263903151455,
                389.3788928595997
            ],
            3.5439091128418507
        ],
        [
            [
                350.4473135956965,
                102.43656590758377
            ],
            5.520172004828714
        ],
        [
            [
                295.81861818182796,
                475.92288046200736
            ],
            3.629133038418005
        ],
        [
            [
                263.22854260498855,
                174.9779940749516
            ],
            3.421441354489496
        ],
        [
            [
                459.9471898704503,
                380.67586715407447
            ],
            4.948764260860163
        ],
        [
            [
                503.2666613329564,
                505.55172819048147
            ],
            5.988467424348192
        ],
        [
            [
                283.29129248741594,
                362.88061425485574
            ],
            3.8981514493222744
        ],
        [
            [
                68.01223344469837,
                138.71799044552648
            ],
            5.831296867070381
        ],
        [
            [
                168.84644810476757,
                334.16982134666563
            ],
            3.132017341728609
        ],
        [
            [
                45.21362455310803,
                119.04308388257091
            ],
            3.346421596390111
        ],
        [
            [
                123.06179843417608,
                173.78578129961355
            ],
            5.2136622240716886
        ],
        [
            [
                471.86814662897206,
                208.78037044745992
            ],
            5.862085267721708
        ],
        [
            [
                392.80146503471775,
                391.6149040171724
            ],
            4.464045089553007
        ],
        [
            [
                383.33662181558117,
                468.2495034011291
            ],
            3.5572275174915364
        ],
        [
            [
                244.01206790810406,
                158.9248674053142
            ],
            3.813176775344199
        ],
        [
            [
                353.51930786948606,
                382.60094800111364
            ],
            4.736058330650266
        ],
        [
            [
                484.34258549248324,
                411.47917543115295
            ],
            4.6844348747185105
        ],
        [
            [
                225.63185500548764,
                324.4436488288869
            ],
            3.1627762246327435
        ],
        [
            [
                94.66738652147478,
                288.41920239492447
            ],
            5.830264328025331
        ],
        [
            [
                369.4442339009838,
                269.24240104875406
            ],
            4.30966359295972
        ],
        [
            [
                187.9288740734659,
                89.09156452279043
            ],
            3.4406529227590363
        ],
        [
            [
                415.7862664001851,
                148.86460255875062
            ],
            4.046842076474603
        ],
        [
            [
                417.1371766209135,
                112.54885470343011
            ],
            3.27553587461864
        ],
        [
            [
                287.70978137728594,
                471.3757533629039
            ],
            4.279183155756404
        ],
        [
            [
                15.389871299735313,
                293.1015756693916
            ],
            3.86511133640126
        ],
        [
            [
                464.12019212306427,
                407.6527631481502
            ],
            3.298373958548946
        ],
        [
            [
                119.56681458425852,
                241.4828062312245
            ],
            3.9066999346145552
        ],
        [
            [
                403.39403929365074,
                276.49180162084093
            ],
            5.279037223910114
        ],
        [
            [
                127.25567527081272,
                310.71715364076834
            ],
            3.0797398743384523
        ],
        [
            [
                186.8362140880145,
                424.83356607477685
            ],
            4.448251917254034
        ],
        [
            [
                137.12662382678553,
                360.2437196229909
            ],
            4.066203333459656
        ],
        [
            [
                199.20119063754464,
                170.3599629394958
            ],
            5.6101439199310095
        ],
        [
            [
                48.70588130305895,
                110.65161937282289
            ],
            3.268184746721577
        ],
        [
            [
                20.852025072927614,
                354.8621321664544
            ],
            4.146034063786938
        ],
        [
            [
                100.05127370016126,
                55.24708251380448
            ],
            3.860512777927375
        ],
        [
            [
                119.1963919946566,
                354.03731376709374
            ],
            3.713713531739511
        ],
        [
            [
                200.6323590660744,
                192.37889541881947
            ],
            3.9755549612813326
        ],
        [
            [
                230.37694346320507,
                64.53593336961652
            ],
            3.2997033318182645
        ],
        [
            [
                132.9754261414358,
                233.79382385649464
            ],
            4.875645798674892
        ],
        [
            [
                266.0759649280801,
                143.75608630185832
            ],
            3.2251977492782076
        ],
        [
            [
                403.4361125408191,
                367.62107975385516
            ],
            4.953257052364448
        ],
        [
            [
                192.1310415242206,
                388.30414669382924
            ],
            4.990648593240245
        ],
        [
            [
                379.55782344517417,
                505.2404221285066
            ],
            5.628516837802416
        ],
        [
            [
                201.16317661186702,
                279.449240909207
            ],
            5.3193081383473455
        ],
        [
            [
                410.7630045664121,
                131.3232675148353
            ],
            4.429919873674868
        ],
        [
            [
                24.048875248342682,
                486.24595432059954
            ],
            5.472706553669278
        ],
        [
            [
                174.80959788960863,
