{
    "start": [
        [
            5.568014468103971,
            226.5837179049683
        ],
        4.0
    ],
    "goal": [
        [
            500.4685770077049,
            414.2865454597468
        ],
        4.0
    ],
    "obstacles": [
        [
            [
                440.5370557643404,
                229.66000454567413
            ],
            3.9011175702902876
        ],
        [
            [
                284.302523072206,
                35.23096721346269
            ],
            5.414427649719998
        ],
        [
            [
                229.62883538024144,
                162.20106772689485
            ],
            3.164018237929954
        ],
        [
            [
                326.96613182137327,
                311.60107150119177
            ],
            5.0395359967886355
        ],
        [
            [
                76.64222963458019,
                372.36541740507806
            ],
            4.997790566521546
        ],
        [
            [
                131.037407011779,
                496.3319256470985
            ],
            5.9226411285821134
        ],
        [
            [
                42.44285203831118,
                358.69284275959774
            ],
            3.395673587501243
        ],
        [
            [
                432.67033705786463,
                165.49615927564625
            ],
            3.6562739133724436
        ],
        [
            [
                415.30628340920373,
                346.2263249860398
            ],
            4.800831709445042
        ],
        [
            [
                148.4055816793005,
                472.7499430738329
            ],
            5.891614122349543
        ],
        [
            [
                26.17760810467294,
                40.76998901161527
            ],
            3.7987214098149256
        ],
        [
            [
                205.0874180474671,
                381.7660128621363
            ],
            3.3651470700767354
        ],
        [
            [
                73.49573210898097,
                331.17966753094515
            ],
            4.755134961127934
        ],
        [
            [
                449.615429692642,
                320.85929765465795
            ],
            4.7766595192849435
        ],
        [
            [
                193.84297626301833,
                207.19390879186997
            ],
            4.535680871006722
        ],
        [
            [
                265.6849853174253,
                46.97439778710757
            ],
            3.8925765490640942
        ],
        [
            [
                129.91534357966196,
                242.4138133653753
            ],
            3.911516178446187
        ],
        [
            [
                421.14123355266116,
                508.5246011375277
            ],
            3.2207558537496337
        ],
        [
            [
                142.07937167581412,
                432.1725209997968
            ],
            5.260008586881453
        ],
        [
            [
                342.67835987114324,
                338.479491783222
            ],
            4.849062205159191
        ],
        [
            [
                378.0989508604819,
                411.15377029647493
            ],
            5.176148686690737
        ],
        [
            [
                202.54007881565775,
                399.9364284242538
            ],
            3.0056325418569725
        ],
        [
            [
                12.826713844965614,
                471.67693238323074
            ],
            5.312865946656379
        ],
        [
            [
                321.48043431013514,
                213.66837878004512
            ],
            3.026431208330438
        ],
        [
            [
                285.22909364354774,
                314.49691748017955
            ],
            4.770895805136401
        ],
        [
            [
                353.7419268158374,
                148.44266682394377
            ],
            4.3889275878779594
        ],
        [
            [
                259.97884296299276,
                183.37512741895966
            ],
            4.164477965974717
        ],
        [
            [
                92.5379767487969,
                470.5542009805164
            ],
            4.815822688026666
        ],
        [
            [
                220.0613708028359,
                312.1767399915488
            ],
            3.628147687067268
        ],
        [
            [
                359.2309445840713,
                448.8324734440209
            ],
            4.345474785624315
        ],
        [
            [
                236.75345161790605,
                388.5766405929727
            ],
            3.2668356916853876
        ],
        [
            [
                219.50828770450238,
                251.99035442540224
            ],
            3.9836224537738483
        ],
        [
            [
                424.8722689026592,
                214.08024322893874
            ],
            3.5468861588325273
        ],
        [
            [
                371.04334428810085,
                216.47548738756032
            ],
            5.319934653433212
        ],
        [
            [
                503.4177968368178,
                98.62288933053274
            ],
            5.005857062519298
        ],
        [
            [
                172.41727632161962,
                425.07875182939887
            ],
            3.188443543973857
        ],
        [
            [
                171.32915468816427,
                451.46360842699494
            ],
            3.0903406655199697
        ],
        [
            [
                336.7120685668375,
                466.99000653411383
            ],
            4.719188383445582
        ],
        [
            [
                305.36006017512995,
                310.28520912133166
            ],
            5.494327764990535
        ],
        [
            [
                317.43964905242433,
                241.1401173307385
            ],
            4.509780784706891
        ],
        [
            [
                178.26193703573009,
                381.8875929584873
            ],
            5.136726984418279
        ],
        [
            [
                346.38761138475905,
                431.4192862692877
            ],
            4.6794359149977565
        ],
        [
            [
                85.1585247701648,
                122.4992685626282
            ],
            4.415078083177204
        ],
        [
            [
                179.72571295231643,
                208.38849949554083
            ],
            4.86429561819806
        ],
        [
            [
                341.31308803054907,
                412.4746680603305
            ],
            3.1607107744647536
        ],
        [
            [
                141.80295996400883,
                443.2612833487263
            ],
            4.567966512487905
        ],
        [
            [
                141.1982035803256,
                335.03229221786864
            ],
            5.643731512966107
        ],
        [
            [
                443.8682660222221,
                100.36964883700249
            ],
            4.9610171582328295
        ],
        [
            [
                341.032861414047,
                243.16949243501142
            ],
            5.378805952293787
        ],
        [
            [
                399.168423534176,
                351.9270657263754
            ],
            4.409006754930747
        ],
        [
            [
                231.27804081178442,
                440.6365699028779
            ],
            3.638316899801838
        ],
        [
            [
                276.70609424549286,
