{
    "start": [
        [
            26.603614364501617,
            254.78632370372637
        ],
        4.0
    ],
    "goal": [
        [
            488.90977633890503,
            51.05756250501645
        ],
        4.0
    ],
    "obstacles": [
        [
            [
                486.44414387777476,
                373.2111037219847
            ],
            4.0972665030491715
        ],
        [
            [
                495.45591833432627,
                227.3107692885829
            ],
            4.703177601788655
        ],
        [
            [
                28.455793616456646,
                310.44747719680817
            ],
            4.601990430667033
        ],
        [
            [
                304.9539140662438,
                20.109255181432744
            ],
            4.224671979359435
        ],
        [
            [
                482.12028755882613,
                82.59930643053625
            ],
            4.248004592685716
        ],
        [
            [
                141.19126765426938,
                210.8135028371065
            ],
            4.280245400010769
        ],
        [
            [
                77.00167145280356,
                489.3749680125939
            ],
            5.172394273609696
        ],
        [
            [
                287.3971607856665,
                261.27961761066746
            ],
            4.152665137124552
        ],
        [
            [
                217.5691610793758,
                235.96900833861676
            ],
            3.935335698946692
        ],
        [
            [
                43.620900063803965,
                266.08439609456434
            ],
            3.6458738375944124
        ],
        [
            [
                233.78904362395306,
                452.0562871791675
            ],
            3.9052625253599005
        ],
        [
            [
                79.22117567825438,
                302.346447021605
            ],
            3.4408424213334143
        ],
        [
            [
                342.0482738602079,
                264.12099471425853
            ],
            4.0671343605161665
        ],
        [
            [
                202.1156436901357,
                150.68092290666675
            ],
            5.2071591142431135
        ],
        [
            [
                448.04294176902783,
                502.2986836961199
            ],
            5.903850976247188
        ],
        [
            [
                125.07612652530402,
                124.24431515885777
            ],
            5.760238669489187
        ],
        [
            [
                17.060499557626947,
                13.25576992475694
            ],
            3.7895889133670044
        ],
        [
            [
                127.20847528724626,
                251.96357584695386
            ],
            4.750933504582831
        ],
        [
            [
                261.8509861162812,
                430.8439679212859
            ],
            4.11075337529179
        ],
        [
            [
                290.8909864895378,
                78.3981958212012
            ],
            3.613577732221917
        ],
        [
            [
                347.252407352625,
                245.7622188457789
            ],
            3.340111826632727
        ],
        [
            [
                247.94152529132114,
                231.25216980238568
            ],
            5.813518180653668
        ],
        [
            [
                298.83939700233526,
                503.01241098915983
            ],
            4.2862844487130785
        ],
        [
            [
                32.983840160299906,
                330.6399879985681
            ],
            3.996594449358758
        ],
        [
            [
                505.2119127545551,
                388.8677963840025
            ],
            4.321230779352041
        ],
        [
            [
                48.633810502943206,
                29.37682149160566
            ],
            5.990693258758522
        ],
        [
            [
                83.78828492541867,
                338.7653649098311
            ],
            5.976113054662302
        ],
        [
            [
                257.6272748161277,
                458.3264903669721
            ],
            3.780544319198494
        ],
        [
            [
                59.643787325307656,
                199.2419262589668
            ],
            5.159187843900475
        ],
        [
            [
                165.05817174882336,
                132.82703683626826
            ],
            4.805068214332287
        ],
        [
            [
                271.1256073426697,
                324.9337052106955
            ],
            3.1472778453193384
        ],
        [
            [
                287.5556236345026,
                34.72015874428943
            ],
            5.65376241897461
        ],
        [
            [
                28.787452209775687,
                201.8901728045242
            ],
            5.313336818854436
        ],
        [
            [
                232.93676587025226,
                403.3664000823882
            ],
            5.363443171131647
        ],
        [
            [
                209.41093004228335,
                309.8023069812934
            ],
            3.587858550676477
        ],
        [
            [
                145.54684211544057,
                107.75271958528661
            ],
            3.176995408407191
        ],
        [
            [
                152.56698713209846,
                194.14317853647154
            ],
            4.4761866356860205
        ],
        [
            [
                196.43487319384298,
                3.8263932877564497
            ],
            3.2349718357167174
        ],
        [
            [
                388.678039007336,
                487.92994832432646
            ],
            3.08361450284381
        ],
        [
            [
                325.6456581202114,
                89.51081286038728
            ],
            5.700999684945077
        ],
        [
            [
                224.94106746606303,
                496.9832355311103
            ],
            5.3322174370142505
        ],
        [
            [
                504.1328646014332,
                10.236680984289672
            ],
            3.5797912100088083
        ],
        [
            [
                410.21122927456867,
                432.9001063197479
            ],
            5.779097383200597
        ],
        [
            [
                493.49833855405905,
                432.9295920814381
            ],
            3.063634623278024
        ],
        [
            [
                493.50810226963597,
                464.9054315820277
            ],
            3.6138140697628183
        ],
        [
            [
                93.79333958227079,
                183.1616368787739
            ],
            3.0495319977595514
        ],
        [
            [
                316.1980106007395,
                492.16873267270955
            ],
            5.4290391908074245
        ],
        [
            [
                328.50942290670133,
                216.10418107965071
            ],
            5.391596697657151
        ],
        [
            [
                486.56154514440897,
                475.1694003352856
            ],
            5.157616254935665
        ],
        [
            [
                484.2447048814863,
                455.60105724274064
            ],
            3.6968173313282024
        ],
        [
            [
                79.96730584039562,
                383.24772037464624
            ],
            4.491279345674495
        ],
        [
            [
                299.2434501019117,
