{
    "start": [
        [
            4.31124481306552,
            16.07580217159902
        ],
        4.0
    ],
    "goal": [
        [
            498.2513248966266,
            364.85736079441796
        ],
        4.0
    ],
    "obstacles": [
        [
            [
                484.72278775937974,
                439.6340138522348
            ],
            5.714172578941755
        ],
        [
            [
                383.3136139914513,
                449.341500141319
            ],
            5.81731476242277
        ],
        [
            [
                336.24516414135854,
                286.4112905270741
            ],
            5.297950923253599
        ],
        [
            [
                97.17303475091379,
                413.0370178188493
            ],
            4.890517308165784
        ],
        [
            [
                296.09115565864244,
                485.16691806838054
            ],
            4.546337644383996
        ],
        [
            [
                158.49752196061385,
                228.4016675781923
            ],
            4.450890979775648
        ],
        [
            [
                404.7414221400384,
                314.92156225317717
            ],
            4.932482089670823
        ],
        [
            [
                372.03901322639683,
                326.6165177337791
            ],
            3.5033042224499957
        ],
        [
            [
                314.9113913961798,
                342.89846531923587
            ],
            3.8627386079218793
        ],
        [
            [
                87.74784639206423,
                243.54855452575816
            ],
            3.5418635263855203
        ],
        [
            [
                486.091875824371,
                150.28974614777562
            ],
            3.7778407448512024
        ],
        [
            [
                294.86948828390746,
                149.0125238987586
            ],
            3.0022648953403146
        ],
        [
            [
                434.2945006685819,
                366.8175558864331
            ],
            3.063005202823446
        ],
        [
            [
                113.96811969205439,
                93.81389346277457
            ],
            4.01947957456206
        ],
        [
            [
                211.85204464634026,
                52.23818416590239
            ],
            4.508658553849959
        ],
        [
            [
                213.12408261504908,
                117.54721586101022
            ],
            3.3450865486372305
        ],
        [
            [
                462.5545920028943,
                354.8855454866245
            ],
            4.801461444618363
        ],
        [
            [
                356.0232958887438,
                50.1294486355086
            ],
            5.2463231856011046
        ],
        [
            [
                495.46158905671314,
                154.8705521520065
            ],
            3.389330226431666
        ],
        [
            [
                261.47301035247534,
                266.46666086361654
            ],
            3.258277512745718
        ],
        [
            [
                347.8828805815024,
                329.52449975154764
            ],
            4.497826471497658
        ],
        [
            [
                481.1077731275793,
                253.82244565218775
            ],
            3.8251724819969857
        ],
        [
            [
                73.68502847066617,
                91.78754807225806
            ],
            4.539008991719724
        ],
        [
            [
                471.3482662579891,
                319.6960181202993
            ],
            3.5763176268948493
        ],
        [
            [
                50.85771894764606,
                33.77947041024318
            ],
            3.9800274398630826
        ],
        [
            [
                112.54438907123935,
                226.58217539786966
            ],
            5.78124783681897
        ],
        [
            [
                342.9724320545335,
                110.37267683903488
            ],
            5.609167625874593
        ],
        [
            [
                94.86226174909838,
                262.1372484194214
            ],
            5.480851348477099
        ],
        [
            [
                378.9459914575511,
                57.9554526456737
            ],
            3.5125803332324397
        ],
        [
            [
                493.2392870974569,
                222.44392744454586
            ],
            3.55164511928311
        ],
        [
            [
                174.18012090722092,
                259.6758373165951
            ],
            4.134090071927021
        ],
        [
            [
                178.41940414105707,
                391.107988794877
            ],
            3.537963323823059
        ],
        [
            [
                321.9520159088892,
                361.9040673912436
            ],
            5.64928220356365
        ],
        [
            [
                120.20312864245871,
                394.6091638390529
            ],
            5.060961758587136
        ],
        [
            [
                148.09742404644572,
                117.3195944452092
            ],
            5.935168014842767
        ],
        [
            [
                471.9463155694858,
                81.71201133420121
            ],
            5.926516596448163
        ],
        [
            [
                491.0295197513605,
                356.062281420997
            ],
            4.523632717546197
        ],
        [
            [
                361.953760695257,
                423.4586443046409
            ],
            5.551631064370122
        ],
        [
            [
                317.93434268189907,
                31.87480062952257
            ],
            4.267618461920275
        ],
        [
            [
                297.293168583135,
                349.9196833958439
            ],
            5.357464843793888
        ],
        [
            [
                218.22448827721405,
                377.1583436337695
            ],
            4.493447593446737
        ],
        [
            [
                48.85422491720599,
                221.33315904147608
            ],
            4.869633006003193
        ],
        [
            [
                329.6391010120014,
                440.9496710287957
            ],
            3.274995117529235
        ],
        [
            [
                240.86809956441013,
                187.30668231045274
            ],
            3.7247820846739597
        ],
        [
            [
                257.0778605985645,
                391.2697851707107
            ],
            3.84695763057817
        ],
        [
            [
                93.72087095840693,
                56.38744824700967
            ],
            3.5775015708322195
        ],
        [
            [
                94.9310732870056,
                185.96470692769623
            ],
            4.59240669153683
        ],
        [
            [
                191.78783250185245,
                232.11952590961218
            ],
            3.6762440633113194
        ],
        [
            [
                307.7295322121093,
                504.55841772262204
            ],
            4.949707619994699
        ],
        [
            [
                16.28283808894788,
                444.98745803121847
            ],
            3.628122961824386
        ],
        [
            [
                126.57876690727376,
                41.0513240292364
            ],
            5.263483033079162
        ],
        [
            [
                201.0013179563552,
                212.23282938762233
            ],
