{
    "start": [
        [
            22.755607541212576,
            199.69066029783278
        ],
        4.0
    ],
    "goal": [
        [
            489.6178104808216,
            77.79669577941844
        ],
        4.0
    ],
    "obstacles": [
        [
            [
                345.83480089456003,
                143.78634157908584
            ],
            5.999115980111481
        ],
        [
            [
                390.46874183357113,
                9.367708586493368
            ],
            3.633831644008688
        ],
        [
            [
                329.05319829725084,
                136.5805211855897
            ],
            4.005594089664921
        ],
        [
            [
                166.27021831390906,
                255.6831730732464
            ],
            3.809643378036207
        ],
        [
            [
                87.43560644941323,
                144.23183860666043
            ],
            3.765215376199682
        ],
        [
            [
                426.4649857907462,
                36.89203092797449
            ],
            3.4171707617635003
        ],
        [
            [
                434.1398313554134,
                389.902350830401
            ],
            4.589745869217172
        ],
        [
            [
                261.89998386686716,
                157.74645999173873
            ],
            3.76975707099501
        ],
        [
            [
                280.36198952696645,
                283.36642500485783
            ],
            4.620660260440528
        ],
        [
            [
                158.31916810516165,
                241.03917125388392
            ],
            4.844449330768521
        ],
        [
            [
                328.03675385348936,
                193.5971059827325
            ],
            4.804270142075902
        ],
        [
            [
                64.39024607825908,
                294.16678006953
            ],
            3.567569568226111
        ],
        [
            [
                204.6060672250114,
                500.18178996124436
            ],
            5.511776377319048
        ],
        [
            [
                156.80679510998874,
                43.51949016954091
            ],
            3.106544694100653
        ],
        [
            [
                293.339664004674,
                134.7487246890023
            ],
            4.878644148645906
        ],
        [
            [
                17.743020425969842,
                434.0412926183859
            ],
            3.2383723646300515
        ],
        [
            [
                231.64821200545245,
                385.8424926651476
            ],
            3.4716557478221213
        ],
        [
            [
                367.45098125098707,
                255.18359081177564
            ],
            3.2293620124340743
        ],
        [
            [
                498.21561321566725,
                430.41236792658685
            ],
            3.208248755791897
        ],
        [
            [
                423.332317865889,
                84.63561609168532
            ],
            3.673602151543572
        ],
        [
            [
                265.61944226984906,
                476.3279042599649
            ],
            3.9639042488848135
        ],
        [
            [
                480.41290396570326,
                294.03191486671085
            ],
            5.282724832509599
        ],
        [
            [
                276.31346997555937,
                350.2695512204095
            ],
            3.8344070707803737
        ],
        [
            [
                274.76013143437365,
                379.3759285647716
            ],
            3.4467776331525712
        ],
        [
            [
                392.175669072626,
                316.36781518371157
            ],
            3.6863375988379965
        ],
        [
            [
                448.3555476581781,
                428.9231885691169
            ],
            4.960238133915951
        ],
        [
            [
                28.787353399969476,
                178.69871646934556
            ],
            5.028858581284107
        ],
        [
            [
                246.86297837638674,
                20.6591797987536
            ],
            5.800442000155934
        ],
        [
            [
                500.80125535772896,
                438.17257029135743
            ],
            3.25758003358896
        ],
        [
            [
                373.7320246541342,
                407.44963273424185
            ],
            5.023219500170621
        ],
        [
            [
                156.84066771554106,
                291.6824424545373
            ],
            5.03558847636446
        ],
        [
            [
                237.25434442114093,
                368.654066556183
            ],
            3.3958274776733717
        ],
        [
            [
                138.91382990952687,
                85.09660681292272
            ],
            5.248415794473986
        ],
        [
            [
                193.87197358578868,
                146.53678761272337
            ],
            4.2550619925988356
        ],
        [
            [
                21.220229937785742,
                351.2246260293804
            ],
            4.405922218809572
        ],
        [
            [
                258.9842381392976,
                236.62520486425794
            ],
            5.933272316473357
        ],
        [
            [
                429.4463936727513,
                322.62319458301897
            ],
            3.4734670677854633
        ],
        [
            [
                382.15082215498416,
                486.3933842113452
            ],
            3.4023072255377906
        ],
        [
            [
                340.29317117338394,
                447.5842057744398
            ],
            3.7177329114138633
        ],
        [
            [
                358.1628180622435,
                485.6928694697142
            ],
            3.594225497897898
        ],
        [
            [
                43.08085527858182,
                341.2238950350513
            ],
            3.5502718545327947
        ],
        [
            [
                229.12444670471183,
                192.68207087289065
            ],
            5.122123769248242
        ],
        [
            [
                297.217432605083,
                323.5934925355918
            ],
            5.096476761657388
        ],
        [
            [
                216.19340124469431,
                225.3369139064932
            ],
            5.272505840030052
        ],
        [
            [
                68.32653552123097,
                332.31891119587334
            ],
            3.646347332033519
        ],
        [
            [
                342.8407587125646,
                339.0993427565316
            ],
            3.8113986713822445
        ],
        [
            [
                251.08135083194404,
                421.1622340416965
            ],
            4.572651449067347
        ],
        [
            [
                358.6209869904941,
                26.40243077107369
            ],
            5.005144307722039
        ],
        [
            [
                161.01589907036308,
                202.38599281648536
            ],
            3.6889780788052784
        ],
        [
            [
                392.71056824273035,
                442.43973226033614
            ],
            4.1908223739787065
        ],
        [
            [
                480.7484389294662,
                128.5614805044373
            ],
            4.509855277750809
        ],
        [
            [
                25.951305746165534,
