{
    "start": [
        [
            8.254577899403461,
            483.9978054887089
        ],
        4.0
    ],
    "goal": [
        [
            484.8739411959936,
            121.2079193717819
        ],
        4.0
    ],
    "obstacles": [
        [
            [
                133.3554769537041,
                450.330514801006
            ],
            3.59306750118125
        ],
        [
            [
                62.10887194473597,
                273.70167001702544
            ],
            4.476578322277177
        ],
        [
            [
                141.79593611215068,
                233.59029389505497
            ],
            5.194819919877617
        ],
        [
            [
                450.7359501526563,
                328.2299952636005
            ],
            5.826353682522257
        ],
        [
            [
                138.7835110853193,
                196.7383385519772
            ],
            5.505923534427586
        ],
        [
            [
                233.6963158383166,
                423.50426039801243
            ],
            5.527412925514413
        ],
        [
            [
                168.72856601038663,
                429.33314572674624
            ],
            3.3421369820675815
        ],
        [
            [
                378.55024474225314,
                135.3225797139972
            ],
            4.720461689612284
        ],
        [
            [
                123.73426661557828,
                256.064392717143
            ],
            5.765468809343106
        ],
        [
            [
                490.13289751284435,
                318.8302421933199
            ],
            3.806832024515684
        ],
        [
            [
                136.2077895679872,
                393.6708545419131
            ],
            5.287866955669092
        ],
        [
            [
                173.5597230187187,
                61.202857134255964
            ],
            4.992007714544993
        ],
        [
            [
                427.82066352408253,
                258.21329454164214
            ],
            4.798672401211532
        ],
        [
            [
                198.77655221344654,
                290.4356764085472
            ],
            5.375191011213037
        ],
        [
            [
                117.70577510581475,
                108.7284541857266
            ],
            4.5767141603887795
        ],
        [
            [
                189.52360622405445,
                497.9850272051283
            ],
            3.687108577964996
        ],
        [
            [
                301.29647173796747,
                319.6686280778104
            ],
            3.578102381843879
        ],
        [
            [
                391.9278180893007,
                18.231831668196925
            ],
            3.0802512813411154
        ],
        [
            [
                434.80226425023557,
                234.28074633003357
            ],
            3.483695594240885
        ],
        [
            [
                395.46507494987844,
                500.57465326542297
            ],
            5.141069939810068
        ],
        [
            [
                162.55866356260844,
                282.3024414731459
            ],
            4.749025521157865
        ],
        [
            [
                13.355470694899063,
                433.1422074936607
            ],
            5.585560783891337
        ],
        [
            [
                218.76337534767256,
                493.4014989067867
            ],
            4.576102675899141
        ],
        [
            [
                388.96064015535296,
                433.33480817968245
            ],
            5.656328451302053
        ],
        [
            [
                191.36550277854315,
                191.67702854761453
            ],
            5.490962314420777
        ],
        [
            [
                134.14917145250763,
                274.44396752653273
            ],
            5.225692972698746
        ],
        [
            [
                372.01613988416204,
                309.22756562491463
            ],
            3.796208415793691
        ],
        [
            [
                296.4968946888154,
                260.2942424161572
            ],
            5.654680898636931
        ],
        [
            [
                173.48725777014846,
                224.28888652299844
            ],
            5.995306181618034
        ],
        [
            [
                179.09691229448583,
                382.0154860742445
            ],
            4.943703667372452
        ],
        [
            [
                166.16247151649333,
                139.00315478335543
            ],
            3.9813309000687607
        ],
        [
            [
                412.99473127336046,
                261.3628931945599
            ],
            3.0091326912158536
        ],
        [
            [
                49.26487806740489,
                155.84197516350605
            ],
            5.775610081671223
        ],
        [
            [
                175.82914328779657,
                328.22816000990616
            ],
            4.117771105029646
        ],
        [
            [
                440.69238242260224,
                182.39751489276938
            ],
            5.674136304164278
        ],
        [
            [
                317.7924311736666,
                138.41564849234663
            ],
            4.022442826050224
        ],
        [
            [
                452.9793581886019,
                216.47081441767745
            ],
            4.9005805365980235
        ],
        [
            [
                368.87876843019967,
                451.7601978918155
            ],
            4.055909211058287
        ],
        [
            [
                258.37444761616274,
                379.38881760866855
            ],
            3.4700497719563757
        ],
        [
            [
                324.93665579771624,
                28.385638907974087
            ],
            4.578593487964721
        ],
        [
            [
                264.7011425705214,
                365.6253630278511
            ],
            3.193792857412631
        ],
        [
            [
                125.68107166386531,
                339.06525461207445
            ],
            4.880699826023683
        ],
        [
            [
                92.111359662131,
                469.74573645918554
            ],
            5.889631720294489
        ],
        [
            [
                375.8654484936192,
                353.1520890482083
            ],
            4.836706205851389
        ],
        [
            [
                496.7913810003915,
                385.6106495687165
            ],
            5.349448039536169
        ],
        [
            [
                370.1533492346037,
                429.3568637273452
            ],
            4.2104930134599785
        ],
        [
            [
                148.15719945226144,
                151.29936660073957
            ],
            3.2577300387715935
        ],
        [
            [
                425.96552809148494,
                86.66536959545442
            ],
            5.538945360603421
        ],
        [
            [
                342.28524033355603,
                434.94577137083695
            ],
            5.83566225430811
        ],
        [
            [
                506.45397328098727,
                130.74045389573075
            ],
            4.847567383659695
        ],
        [
            [
                408.16427075024325,
                75.56283896887078
            ],
            4.812721916217825
        ],
        [
            [
                375.73072485107656,
