{
    "start": [
        [
            5.901099772441253,
            333.7085454465455
        ],
        4.0
    ],
    "goal": [
        [
            484.601917962144,
            229.90091342348566
        ],
        4.0
    ],
    "obstacles": [
        [
            [
                143.5711184220116,
                80.64684912823581
            ],
            5.111604122284769
        ],
        [
            [
                452.7585021243852,
                415.38747261740764
            ],
            5.153577138213995
        ],
        [
            [
                221.61542989309973,
                502.2706350208996
            ],
            5.069063357771972
        ],
        [
            [
                36.70934238976135,
                100.23728678966145
            ],
            3.5483667583706633
        ],
        [
            [
                27.551508197734346,
                241.91549754941224
            ],
            5.9594766195885
        ],
        [
            [
                317.5797560394374,
                202.39661643352733
            ],
            3.3699659409348124
        ],
        [
            [
                463.90516007910645,
                81.31662564018957
            ],
            3.90857568451637
        ],
        [
            [
                142.18742119573145,
                227.61294884974592
            ],
            5.987182343552693
        ],
        [
            [
                327.3913006536266,
                374.5198529541422
            ],
            5.572279284871599
        ],
        [
            [
                54.12407459816067,
                183.85822858928185
            ],
            4.3689451972281
        ],
        [
            [
                85.32242948242202,
                24.393474524322258
            ],
            5.12070138734911
        ],
        [
            [
                398.77616300314867,
                178.8061064746665
            ],
            3.549680339216749
        ],
        [
            [
                159.18454151952827,
                90.61472668024527
            ],
            4.221204567734625
        ],
        [
            [
                313.1868848978385,
                51.27897053286784
            ],
            3.466756666500097
        ],
        [
            [
                303.8184601720478,
                297.4767738332415
            ],
            3.3731765989784708
        ],
        [
            [
                25.51042661637416,
                409.4959246404425
            ],
            4.52549275120259
        ],
        [
            [
                434.2954865057055,
                82.31357918107555
            ],
            4.256894496837665
        ],
        [
            [
                96.98729994148916,
                105.76348152588784
            ],
            5.033272407370692
        ],
        [
            [
                149.97318081193887,
                134.4523974739748
            ],
            5.7821640066007856
        ],
        [
            [
                269.32695301585716,
                346.4292941828519
            ],
            5.8867697956649545
        ],
        [
            [
                20.90597957650681,
                504.9382235875918
            ],
            4.415333917395349
        ],
        [
            [
                500.5631431514772,
                131.62991358233603
            ],
            3.624534777451602
        ],
        [
            [
                441.91813296254674,
                252.6146996979002
            ],
            3.8398436920698824
        ],
        [
            [
                195.1830031277192,
                234.34150698725819
            ],
            4.722764755453724
        ],
        [
            [
                339.9960870222167,
                45.81567846980719
            ],
            3.343981147347409
        ],
        [
            [
                506.17926620112945,
                296.4654504316452
            ],
            3.759259265619187
        ],
        [
            [
                428.8295520777054,
                214.19685865896125
            ],
            4.04677072679663
        ],
        [
            [
                297.96930607991646,
                40.76969849573842
            ],
            5.9346304925889815
        ],
        [
            [
                91.92541387296342,
                175.14220538775737
            ],
            5.133315810406996
        ],
        [
            [
                162.50833917512728,
                379.78634861371046
            ],
            3.994263286959381
        ],
        [
            [
                41.18846850070292,
                393.13972540613605
            ],
            5.9796684254171755
        ],
        [
            [
                56.046682053314896,
                60.71407990282212
            ],
            4.753362075101958
        ],
        [
            [
                119.32747443030209,
                162.9944313636477
            ],
            3.6055394297035455
        ],
        [
            [
                353.3203671008921,
                119.2415077289692
            ],
            5.622319857244346
        ],
        [
            [
                206.77965869010217,
                244.3398722480779
            ],
            3.313749855034655
        ],
        [
            [
                366.8759547280409,
                285.3131166163344
            ],
            3.8986754279998856
        ],
        [
            [
                4.943757414373341,
                104.68034285789169
            ],
            3.701957908640727
        ],
        [
            [
                65.70678412084588,
                63.712423515311926
            ],
            4.5552337608392115
        ],
        [
            [
                482.9743831221073,
                404.0382869594562
            ],
            5.020505824396947
        ],
        [
            [
                26.73287442605194,
                359.56968521578466
            ],
            3.623366735325871
        ],
        [
            [
                87.53713094648579,
                197.65270605690526
            ],
            5.076674779428974
        ],
        [
            [
                289.4245532605676,
                268.9824721151284
            ],
            5.631802412000038
        ],
        [
            [
                27.856767504002697,
                372.8749433282326
            ],
            3.3296127174756034
        ],
        [
            [
                366.4488734486259,
                455.4618657015104
            ],
            5.016778620281813
        ],
        [
            [
                338.54993057808025,
                458.0454022513846
            ],
            5.774412969601805
        ],
        [
            [
                325.8723849971628,
                499.8771235777438
            ],
            3.1182952613339143
        ],
        [
            [
                114.9431935314832,
                152.4854650938472
            ],
            3.241986278615415
        ],
        [
            [
                208.201935595762,
                295.43510636850397
            ],
            3.7948950453259833
        ],
        [
            [
                69.46190016561242,
                476.8501101349062
            ],
            3.250287278079441
        ],
        [
            [
                373.76005822641775,
                109.97179161074344
            ],
            4.031566538335825
        ],
        [
            [
                77.46175181639235,
                210.17237714101114
            ],
            3.6891127386026645
        ],
        [
            [
                156.72180204545433,
                218.17145011111867
