{
    "start": [
        [
            16.705981888960274,
            315.91586331927664
        ],
        4.0
    ],
    "goal": [
        [
            503.4060503599966,
            207.1579995882297
        ],
        4.0
    ],
    "obstacles": [
        [
            [
                305.7212485263729,
                388.8884405921914
            ],
            5.21185228684158
        ],
        [
            [
                39.13482762070025,
                46.893390916743456
            ],
            4.315326905688732
        ],
        [
            [
                130.659921444443,
                220.7849735113083
            ],
            5.946009461165177
        ],
        [
            [
                149.15071466745215,
                75.79183335076128
            ],
            4.47590151835068
        ],
        [
            [
                91.67321773263251,
                12.44309445839038
            ],
            5.978850626764808
        ],
        [
            [
                490.988859659674,
                231.08477556843752
            ],
            4.715068475035767
        ],
        [
            [
                249.43274869955923,
                217.90313469120866
            ],
            5.354033759408025
        ],
        [
            [
                278.84979430923136,
                78.28035811270745
            ],
            3.808641157451061
        ],
        [
            [
                235.1713579149336,
                162.72808298267495
            ],
            3.4478395643850748
        ],
        [
            [
                342.51461745520817,
                501.6408648219145
            ],
            3.480852498232059
        ],
        [
            [
                94.46942003107495,
                234.52866366667155
            ],
            5.511914829406043
        ],
        [
            [
                276.5970408226605,
                21.717732170101897
            ],
            4.4658144904820425
        ],
        [
            [
                480.0199957178917,
                245.9684628752985
            ],
            5.623095894194297
        ],
        [
            [
                223.05248279822706,
                358.4102246982283
            ],
            3.3738582236772934
        ],
        [
            [
                395.98491674478356,
                498.90647811349953
            ],
            4.64354843897172
        ],
        [
            [
                168.84431528633556,
                54.35324880460983
            ],
            5.769904288810816
        ],
        [
            [
                195.64501324756083,
                374.4098854189114
            ],
            5.222426969078084
        ],
        [
            [
                34.141704963596574,
                261.4758861480078
            ],
            4.5787187543026935
        ],
        [
            [
                78.34930112352963,
                151.03987175845378
            ],
            3.6358476932561077
        ],
        [
            [
                9.796444968106371,
                439.6946770613949
            ],
            4.315695449254945
        ],
        [
            [
                363.31730619729626,
                240.18647874989867
            ],
            5.696285003641812
        ],
        [
            [
                322.80395673978376,
                273.6288615227975
            ],
            5.610887011968996
        ],
        [
            [
                389.4248017452844,
                102.41305739987386
            ],
            5.2174688470484085
        ],
        [
            [
                87.90461724285551,
                464.0947874269909
            ],
            3.0375210453913803
        ],
        [
            [
                342.9681779610051,
                48.31036649731662
            ],
            3.950135067577071
        ],
        [
            [
                498.8116459362311,
                197.45415817168117
            ],
            3.5562365867062713
        ],
        [
            [
                207.88835932480646,
                280.6548466623316
            ],
            3.877611034524904
        ],
        [
            [
                36.853405613864226,
                98.89450897137414
            ],
            3.9215982541341674
        ],
        [
            [
                79.27237013073326,
                23.681904226169497
            ],
            4.310041613727928
        ],
        [
            [
                314.7851344119396,
                346.6792999186085
            ],
            4.2916336248928655
        ],
        [
            [
                102.50458200882834,
                261.035090673083
            ],
            4.147409849335515
        ],
        [
            [
                335.57343999520776,
                444.2441950347729
            ],
            3.501877298166515
        ],
        [
            [
                20.00998396381768,
                450.4912157698898
            ],
            5.176469907393118
        ],
        [
            [
                235.59813770390235,
                429.608997162067
            ],
            5.810057950584341
        ],
        [
            [
                209.59058046989026,
                142.64605737327594
            ],
            3.7681666857689153
        ],
        [
            [
                202.9144735876334,
                64.22757869978723
            ],
            4.826936925684554
        ],
        [
            [
                36.79286740814077,
                30.330104583482324
            ],
            3.9418133825035344
        ],
        [
            [
                15.681882562539624,
                490.55820565560055
            ],
            4.8268067805033805
        ],
        [
            [
                95.063564239844,
                73.08703198194725
            ],
            5.839653145527648
        ],
        [
            [
                381.2218498747299,
                230.9497288684233
            ],
            5.960368963154147
        ],
        [
            [
                368.1994129558715,
                125.10310592446041
            ],
            4.139125637068789
        ],
        [
            [
                117.7522776436167,
                117.62514296962028
            ],
            3.847617813838202
        ],
        [
            [
                13.508996457565747,
                144.2568203149751
            ],
            3.0088423176307604
        ],
        [
            [
                73.92371411198937,
                336.70813882544036
            ],
            5.89913645314859
        ],
        [
            [
                148.7261498912193,
                274.3454927877199
            ],
            4.001244717059716
        ],
        [
            [
                413.0943167243149,
                86.10762467009576
            ],
            4.1635622748719605
        ],
        [
            [
                105.97981947853555,
                6.757488664632931
            ],
            5.9921767776128405
        ],
        [
            [
                123.05263262796572,
                339.9669183466864
            ],
            3.8059620998472825
        ],
        [
            [
                462.2624779884857,
                308.3025736648453
            ],
            3.3235294905383883
        ],
        [
            [
                454.45849418892493,
                424.50837202089576
            ],
            4.123020341423483
        ],
        [
            [
                64.7001893437468,
                284.8748350570578
            ],
            5.102464278522594
        ],
        [
            [
                164.93786816349441,
                243.29760172468926
