{
    "start": [
        [
            14.605194970301659,
            177.43198207128088
        ],
        4.0
    ],
    "goal": [
        [
            490.16644992719915,
            114.94120939895097
        ],
        4.0
    ],
    "obstacles": [
        [
            [
                243.2576830000186,
                353.79133027334467
            ],
            5.100407447178942
        ],
        [
            [
                86.51272019566083,
                85.44615967812035
            ],
            5.5400413038027745
        ],
        [
            [
                384.70581725773263,
                81.79800356975463
            ],
            3.309344287216155
        ],
        [
            [
                4.277488255377939,
                254.66035804589964
            ],
            3.903427066283187
        ],
        [
            [
                169.40191747139116,
                325.2367953176118
            ],
            4.4038352173341355
        ],
        [
            [
                357.18770471081893,
                245.36289666504607
            ],
            4.008209848207344
        ],
        [
            [
                261.78279584458454,
                65.50799197141087
            ],
            4.368665134053226
        ],
        [
            [
                349.40096993900323,
                476.76176519650505
            ],
            5.014977093475052
        ],
        [
            [
                420.07952292983407,
                36.788986159241865
            ],
            5.077052829526549
        ],
        [
            [
                314.2376080097239,
                494.29448106041394
            ],
            5.9630089854064945
        ],
        [
            [
                505.7953780595659,
                296.90272702661923
            ],
            4.238525885735152
        ],
        [
            [
                144.8000237908816,
                298.0338714350528
            ],
            5.4673072640492695
        ],
        [
            [
                285.98489686606746,
                181.7022286547931
            ],
            5.079481719979367
        ],
        [
            [
                65.34132024927747,
                149.99797114201934
            ],
            3.0568300725940762
        ],
        [
            [
                323.0601134141473,
                433.85265022295596
            ],
            5.544918663109872
        ],
        [
            [
                493.3796912018888,
                242.75757103234443
            ],
            3.612265384352854
        ],
        [
            [
                12.756210515929176,
                151.07719507662677
            ],
            5.713747232395436
        ],
        [
            [
                260.58513191250233,
                204.7445049591587
            ],
            5.259954907037754
        ],
        [
            [
                358.25844173391823,
                372.6272497464169
            ],
            4.771050055507937
        ],
        [
            [
                410.57839517025377,
                138.0572532259883
            ],
            4.823277376751485
        ],
        [
            [
                336.20499263708325,
                500.7834399243469
            ],
            5.781976207397295
        ],
        [
            [
                111.43407219402516,
                357.3771800068605
            ],
            5.16200966903688
        ],
        [
            [
                486.51728514977947,
                381.09438652058645
            ],
            5.544606487276858
        ],
        [
            [
                194.16615388910893,
                8.002001326094435
            ],
            4.579796350750428
        ],
        [
            [
                307.23369792690096,
                27.169616493646714
            ],
            3.630591112346435
        ],
        [
            [
                65.53139684767842,
                95.42012826934383
            ],
            3.0505062828411216
        ],
        [
            [
                291.56824459258706,
                232.22753379179676
            ],
            4.829737240864729
        ],
        [
            [
                21.062004050800617,
                497.3551463709911
            ],
            4.042220373239578
        ],
        [
            [
                199.6223909928073,
                65.78218064558658
            ],
            5.094158844759426
        ],
        [
            [
                22.696785404045425,
                168.40134498339762
            ],
            5.9896904811576945
        ],
        [
            [
                173.6888698570602,
                223.4645811537504
            ],
            5.314484382736223
        ],
        [
            [
                351.153287980868,
                366.56901629288154
            ],
            4.434538476218581
        ],
        [
            [
                318.42907756012374,
                99.79132169649695
            ],
            5.780547184713495
        ],
        [
            [
                144.65329542143735,
                485.3762693420485
            ],
            4.48382244894655
        ],
        [
            [
                187.0435992796944,
                411.3169758534492
            ],
            5.317457779691983
        ],
        [
            [
                283.5641252315621,
                296.05537623098354
            ],
            4.557513617127204
        ],
        [
            [
                29.502216152929048,
                218.5830076575223
            ],
            4.213752847698888
        ],
        [
            [
                300.5953595443004,
                415.5412967477704
            ],
            5.9118878714667416
        ],
        [
            [
                215.12753444803562,
                156.25236363039048
            ],
            3.609642879612948
        ],
        [
            [
                444.74661267011277,
                161.38634090655736
            ],
            3.250793824246074
        ],
        [
            [
                361.7254950048453,
                193.19203616269317
            ],
            4.817605831976815
        ],
        [
            [
                174.68493563339035,
                285.50925841549883
            ],
            4.528538743879061
        ],
        [
            [
                431.28518137099036,
                48.367603815971655
            ],
            3.667784847752361
        ],
        [
            [
                41.23307530017172,
                41.74220337953219
            ],
            5.917052529526961
        ],
        [
            [
                74.13239460201073,
                268.8335310902027
            ],
            3.8559597769839864
        ],
        [
            [
                256.62008435501133,
                151.4455686220135
            ],
            5.9903006798343235
        ],
        [
            [
                323.55319546230106,
                257.2156353789327
            ],
            4.598639911807366
        ],
        [
            [
                242.36178542211883,
                233.28257203878965
            ],
            5.13717568400188
        ],
        [
            [
                143.90276606134736,
                211.37308883677858
            ],
            5.958210252220935
        ],
        [
            [
                331.5723286366915,
                442.66490241610893
            ],
            3.33855043464952
        ],
        [
            [
                63.8844155059548,
                55.70939264848593
            ],
            4.018472976868925
        ],
        [
            [
                276.3817405169522,
