{
    "start": [
        [
            18.78361163260838,
            161.17367244170842
        ],
        4.0
    ],
    "goal": [
        [
            486.163386601964,
            50.31827087873786
        ],
        4.0
    ],
    "obstacles": [
        [
            [
                330.9232700483288,
                480.4073648697124
            ],
            5.910355562188042
        ],
        [
            [
                414.7200892374345,
                407.00948232039553
            ],
            4.361524923610805
        ],
        [
            [
                102.40879311034624,
                64.97043843106114
            ],
            5.038519531407159
        ],
        [
            [
                193.6037099301766,
                453.7475110008963
            ],
            5.259093165151696
        ],
        [
            [
                181.76869972289762,
                146.4991227445864
            ],
            3.8290393086856884
        ],
        [
            [
                52.026004880017354,
                300.38895126812685
            ],
            4.27227085616365
        ],
        [
            [
                492.6645522324791,
                335.87525126451806
            ],
            3.489688580534575
        ],
        [
            [
                498.02644511653136,
                494.4901365617318
            ],
            5.684121251305408
        ],
        [
            [
                219.69754200310865,
                416.9300372588619
            ],
            4.015144599546819
        ],
        [
            [
                325.3514642725909,
                505.075618967965
            ],
            3.0019446540574863
        ],
        [
            [
                505.136460012812,
                319.756721478753
            ],
            4.1448286408477975
        ],
        [
            [
                139.45035148538267,
                119.04374201175828
            ],
            3.4811238534012663
        ],
        [
            [
                402.8899117037876,
                448.5838087699828
            ],
            3.293476698637461
        ],
        [
            [
                480.4057527816302,
                274.11628861463333
            ],
            5.570971852687527
        ],
        [
            [
                290.4440766597235,
                235.8739168228843
            ],
            4.282644439603348
        ],
        [
            [
                409.1071720193013,
                157.66994485287523
            ],
            5.997428234913301
        ],
        [
            [
                371.20279427423696,
                30.057847907600912
            ],
            3.587063839146654
        ],
        [
            [
                358.4670344938551,
                456.6244064137095
            ],
            4.393862016663088
        ],
        [
            [
                292.60301270608863,
                66.53991289728732
            ],
            4.311134319602897
        ],
        [
            [
                478.1166169465457,
                430.11716616525115
            ],
            5.36572951786045
        ],
        [
            [
                324.12984428113515,
                32.75415957416766
            ],
            3.516148631148001
        ],
        [
            [
                259.3278754374957,
                414.85327486961324
            ],
            3.554604869152675
        ],
        [
            [
                203.16127458195007,
                481.2517653196254
            ],
            3.445542068482271
        ],
        [
            [
                34.50953514401612,
                99.56363713709344
            ],
            4.9868117600663755
        ],
        [
            [
                246.99135018780873,
                360.53572413677995
            ],
            4.3428859469383525
        ],
        [
            [
                58.7957456292931,
                450.8496484410093
            ],
            3.6298240299439155
        ],
        [
            [
                369.40562778643056,
                125.21087854088645
            ],
            4.530019171565126
        ],
        [
            [
                452.43491266558124,
                129.61139891614542
            ],
            4.1961548818826655
        ],
        [
            [
                251.7032241386038,
                349.7386586168413
            ],
            5.977035104197264
        ],
        [
            [
                284.3131939391521,
                353.30584382786145
            ],
            4.21670345252737
        ],
        [
            [
                61.843530861178664,
                292.36363053707106
            ],
            4.308268867049124
        ],
        [
            [
                202.08942744690626,
                252.09015009753747
            ],
            3.0887383875713668
        ],
        [
            [
                350.07734791890226,
                111.47925944527796
            ],
            3.4991675743367887
        ],
        [
            [
                179.80788154069452,
                121.42537612214603
            ],
            4.6455312735767
        ],
        [
            [
                378.52416663725575,
                136.37195731812966
            ],
            4.438299980986839
        ],
        [
            [
                200.83250656930528,
                284.1478229566353
            ],
            3.3355432031675187
        ],
        [
            [
                322.2214864440989,
                45.31253799597405
            ],
            5.529021495983697
        ],
        [
            [
                22.727583259007503,
                342.1664125961672
            ],
            5.5207951484896745
        ],
        [
            [
                55.63730906422525,
                323.1725446414919
            ],
            3.143951536122114
        ],
        [
            [
                452.4744207347341,
                413.1984450426731
            ],
            3.8008391406691757
        ],
        [
            [
                300.1302581692277,
                397.4555594097437
            ],
            3.831501664578853
        ],
        [
            [
                106.67076522272443,
                199.16315142863522
            ],
            3.8028400377258804
        ],
        [
            [
                13.169381579097891,
                95.18946210116847
            ],
            4.525834939842841
        ],
        [
            [
                301.86670733622486,
                293.33956095074103
            ],
            4.435481257349981
        ],
        [
            [
                236.2015340527574,
                72.70744108411034
            ],
            4.7791730203456595
        ],
        [
            [
                229.82936309383606,
                496.75926522304303
            ],
            5.188538355113531
        ],
        [
            [
                178.29935393596918,
                179.9823033031532
            ],
            3.400730589863069
        ],
        [
            [
                196.28802680734753,
                102.6228540561843
            ],
            3.989431032306192
        ],
        [
            [
                77.27262149376969,
                507.22243747211985
            ],
            4.226184917626352
        ],
        [
            [
                506.6788871088545,
                128.8485927025839
            ],
            5.042167777125291
        ],
        [
            [
                247.32072691001193,
                108.75071121538957
            ],
            5.5874569201173525
        ],
        [
            [
                394.5133647242111,
