{
    "start": [
        [
            21.86649216516907,
            132.07549977313178
        ],
        4.0
    ],
    "goal": [
        [
            490.5746753833569,
            403.3530818369837
        ],
        4.0
    ],
    "obstacles": [
        [
            [
                141.58527209190098,
                416.1052144790472
            ],
            4.898165808693026
        ],
        [
            [
                391.1475079628938,
                309.9783661048626
            ],
            4.134519941922515
        ],
        [
            [
                372.16845392153755,
                174.58834592659457
            ],
            3.1791239349286635
        ],
        [
            [
                335.4274714766377,
                296.66286575529506
            ],
            5.5088287216929155
        ],
        [
            [
                446.72392672567673,
                459.28542376335173
            ],
            5.593105606389203
        ],
        [
            [
                214.40990720612376,
                313.69564506413957
            ],
            3.420456316690167
        ],
        [
            [
                392.11554953163085,
                227.91781051383384
            ],
            4.779897356727952
        ],
        [
            [
                124.2552614186248,
                329.1867955802227
            ],
            5.4547365850185
        ],
        [
            [
                160.87466693526812,
                474.5536782353325
            ],
            4.6133153604650925
        ],
        [
            [
                217.83244425239172,
                405.87931578639774
            ],
            3.4340664707886797
        ],
        [
            [
                109.01832293328206,
                275.46057496669016
            ],
            4.0596819911774915
        ],
        [
            [
                33.61022629294712,
                389.11678018308396
            ],
            3.356574809989372
        ],
        [
            [
                21.5435341203047,
                57.33744698567478
            ],
            5.790526264880022
        ],
        [
            [
                344.76860477374447,
                250.08977591013272
            ],
            4.836132454617449
        ],
        [
            [
                311.1486940578166,
                305.69138090541327
            ],
            4.146260252503644
        ],
        [
            [
                433.554446778662,
                108.26646997243283
            ],
            4.870035484556754
        ],
        [
            [
                256.31297442424824,
                264.61379784974423
            ],
            3.1827226710375376
        ],
        [
            [
                36.134395557749926,
                404.28024598903994
            ],
            4.544157377224318
        ],
        [
            [
                103.10985159282251,
                228.98698994293954
            ],
            3.089177268409876
        ],
        [
            [
                107.15373548770447,
                255.54405015355485
            ],
            4.4231372900249895
        ],
        [
            [
                464.87660410992675,
                137.17168826490672
            ],
            3.1451745658018515
        ],
        [
            [
                433.83986459221205,
                360.4871683527219
            ],
            4.935742200092172
        ],
        [
            [
                56.45977381971714,
                301.1884503734728
            ],
            3.923000096162851
        ],
        [
            [
                189.38891615556747,
                407.2542538869593
            ],
            5.115898217710864
        ],
        [
            [
                368.6585178697225,
                272.998594125494
            ],
            3.8325808350433523
        ],
        [
            [
                464.62735837796976,
                98.57729455318055
            ],
            4.056351546592456
        ],
        [
            [
                384.1900449721229,
                274.1065245270412
            ],
            4.634690262796377
        ],
        [
            [
                143.33172954602898,
                316.9557538880453
            ],
            5.732777490227841
        ],
        [
            [
                441.17313372877885,
                278.1312111570983
            ],
            5.842068347829184
        ],
        [
            [
                503.9899041813408,
                285.2493611728908
            ],
            3.8952707011566687
        ],
        [
            [
                193.28505650499733,
                160.72640806001996
            ],
            3.1007278255356776
        ],
        [
            [
                233.10670233041253,
                433.6828459897989
            ],
            5.049312057776862
        ],
        [
            [
                106.25212108377514,
                494.575290199861
            ],
            3.1375188529476628
        ],
        [
            [
                337.7519223481128,
                211.61055645378121
            ],
            4.49429191778984
        ],
        [
            [
                392.002985579829,
                291.46168601251634
            ],
            3.4288269566853975
        ],
        [
            [
                122.30392302494488,
                314.45024847950515
            ],
            5.1431143767206216
        ],
        [
            [
                415.5485774173502,
                96.2448662252617
            ],
            4.96326677324142
        ],
        [
            [
                308.5152324237728,
                451.2001430212357
            ],
            5.592273104086672
        ],
        [
            [
                133.3965907949973,
                31.43774176202146
            ],
            5.976728728786076
        ],
        [
            [
                65.98274210794217,
                446.0418939072701
            ],
            4.670492271575876
        ],
        [
            [
                166.43343251627317,
                492.84890643353936
            ],
            4.410336912490949
        ],
        [
            [
                443.44708572974184,
                187.97415123487545
            ],
            4.387337623057569
        ],
        [
            [
                56.6971876403922,
                142.91650428364835
            ],
            3.9066245083606717
        ],
        [
            [
                155.31476890614738,
                59.27441246441066
            ],
            4.498418310847805
        ],
        [
            [
                501.4957394617005,
                66.47190149429211
            ],
            4.264849460901842
        ],
        [
            [
                331.0961844906258,
                364.4997324244249
            ],
            3.2393877771132793
        ],
        [
            [
                378.37460816889825,
                80.31281602218965
            ],
            5.077213298863562
        ],
        [
            [
                57.54141430955244,
                483.4565344043154
            ],
            5.6651832535037485
        ],
        [
            [
                396.2430703982919,
                142.7129339409911
            ],
            4.2070868946923685
        ],
        [
            [
                432.8977791115939,
                96.98395015118501
            ],
            4.795854817141814
        ],
        [
            [
                228.82015619175237,
                301.6817534278046
            ],
            5.0219917220570185
        ],
        [
            [
                211.63987581707198,
