{
    "start": [
        [
            25.496170086288945,
            409.48893334283053
        ],
        4.0
    ],
    "goal": [
        [
            502.57405576826653,
            294.83600087371775
        ],
        4.0
    ],
    "obstacles": [
        [
            [
                152.8946788772645,
                454.47407698240016
            ],
            4.245839037118073
        ],
        [
            [
                459.61555636889835,
                211.59758993771246
            ],
            4.466453218854992
        ],
        [
            [
                262.8605702036881,
                131.88035755476216
            ],
            4.061277166794241
        ],
        [
            [
                395.9277851115883,
                148.18613507558277
            ],
            3.973525220046876
        ],
        [
            [
                238.33172584030905,
                352.893052235105
            ],
            3.350167668047681
        ],
        [
            [
                491.81311806568596,
                174.7241170239716
            ],
            4.430926617871437
        ],
        [
            [
                37.49529146475421,
                6.691155646731827
            ],
            3.3841181562487046
        ],
        [
            [
                446.4465647673342,
                385.65851276712317
            ],
            3.983074028514406
        ],
        [
            [
                304.8767745174303,
                490.800517225003
            ],
            3.2069278000840615
        ],
        [
            [
                466.7941981889935,
                132.70470809239004
            ],
            5.552575992648599
        ],
        [
            [
                173.35312643482135,
                173.32586031843334
            ],
            3.639577774420298
        ],
        [
            [
                376.0762688535289,
                256.85150353467117
            ],
            5.563421030402536
        ],
        [
            [
                375.6291937283628,
                354.9589442600458
            ],
            5.750078402514706
        ],
        [
            [
                145.4654102742766,
                283.941802395408
            ],
            4.808054762917969
        ],
        [
            [
                19.55484615381576,
                129.92403581792178
            ],
            3.62122741691911
        ],
        [
            [
                289.541059604851,
                72.13313368969371
            ],
            5.775017221206089
        ],
        [
            [
                235.45277296541317,
                140.98621155719007
            ],
            3.8246215379785697
        ],
        [
            [
                492.2688610580344,
                386.64674411974113
            ],
            4.600460345186974
        ],
        [
            [
                132.34717862654182,
                62.54474576631671
            ],
            3.2257268473469716
        ],
        [
            [
                289.4930608429542,
                440.076878408243
            ],
            4.357901200918304
        ],
        [
            [
                336.1540730645265,
                414.32335619537196
            ],
            4.803933341115061
        ],
        [
            [
                475.1628433257207,
                43.69905801133008
            ],
            3.2163429707009095
        ],
        [
            [
                396.70132527022884,
                57.621426711590544
            ],
            3.9223946814574058
        ],
        [
            [
                481.850849580588,
                475.5158226688263
            ],
            4.007641945356954
        ],
        [
            [
                278.4983874682514,
                490.1555103754005
            ],
            3.5894629853898663
        ],
        [
            [
                24.30066949035611,
                356.08084792361933
            ],
            5.5077441270739484
        ],
        [
            [
                12.890343980849533,
                31.581789733316185
            ],
            3.1119735093538172
        ],
        [
            [
                357.4686942932679,
                37.937282366343055
            ],
            5.156309824894745
        ],
        [
            [
                62.2054197371567,
                473.6456836553018
            ],
            4.686174381853542
        ],
        [
            [
                377.8834197091344,
                81.18207245624004
            ],
            3.0310887925318135
        ],
        [
            [
                135.54369119963545,
                257.3446958400498
            ],
            4.783941655873206
        ],
        [
            [
                410.81521047424764,
                475.41707212544884
            ],
            5.25770874517709
        ],
        [
            [
                410.6855934771493,
                105.50695940531881
            ],
            3.428695811598778
        ],
        [
            [
                269.69401135584826,
                16.90805575590326
            ],
            5.525336694056919
        ],
        [
            [
                55.839868044302534,
                382.88018607842804
            ],
            5.290094438275208
        ],
        [
            [
                124.58708283171603,
                431.2268900241562
            ],
            3.064799514788446
        ],
        [
            [
                186.17010989115317,
                166.1541153532034
            ],
            4.75845013206338
        ],
        [
            [
                413.7868369307344,
                68.65051036688371
            ],
            5.137766963856407
        ],
        [
            [
                50.885869838727686,
                178.0616391967439
            ],
            3.9832140429962744
        ],
        [
            [
                282.963614015142,
                359.4120796664566
            ],
            4.2953015909681955
        ],
        [
            [
                259.135247175792,
                293.7464210435203
            ],
            4.452540377067956
        ],
        [
            [
                410.80534457376837,
                401.3755219260092
            ],
            4.7812876513670615
        ],
        [
            [
                79.89593570296489,
                24.37634566971304
            ],
            4.651759864868625
        ],
        [
            [
                393.815194868452,
                240.5577249184783
            ],
            3.807046191437167
        ],
        [
            [
                323.472062821639,
                277.3598280716539
            ],
            3.313092858116371
        ],
        [
            [
                428.5494873548771,
                72.13303587254184
            ],
            3.8921131146055257
        ],
        [
            [
                471.4885824953019,
                187.11613217814883
            ],
            5.952610877106635
        ],
        [
            [
                211.99571032801637,
                395.01799310817444
            ],
            3.4765005676036913
        ],
        [
            [
                123.5088572302823,
                8.344806458710172
            ],
            5.137766155478129
        ],
        [
            [
                157.28986762090148,
                113.74043676860772
            ],
            4.779467946589973
        ],
        [
            [
                37.72142322775713,
                211.51969599234138
            ],
            5.965388723877854
        ],
        [
            [
                401.38852662601647,
                71.47424522712811
