{
    "start": [
        [
            18.740035871134964,
            429.57754273566064
        ],
        4.0
    ],
    "goal": [
        [
            499.42965172987635,
            299.4555076680353
        ],
        4.0
    ],
    "obstacles": [
        [
            [
                279.57688388694373,
                8.176192247132303
            ],
            4.374637091838439
        ],
        [
            [
                111.38355547874357,
                445.6316535533468
            ],
            4.442742233228407
        ],
        [
            [
                422.6392164808646,
                456.03289484694915
            ],
            5.259724787801623
        ],
        [
            [
                390.6210875080406,
                123.00879681650271
            ],
            3.71201289472978
        ],
        [
            [
                93.3578562034531,
                253.2975802532711
            ],
            3.837571938367055
        ],
        [
            [
                105.5999717263005,
                483.66998593085276
            ],
            4.457039552841893
        ],
        [
            [
                452.2864973786738,
                472.04764946876764
            ],
            5.909167342731088
        ],
        [
            [
                223.7369461299462,
                339.2236614273223
            ],
            3.7235801624637235
        ],
        [
            [
                434.64633829040866,
                10.86024501857583
            ],
            5.907522260640212
        ],
        [
            [
                459.7301457098347,
                441.89396711119804
            ],
            3.046117840061446
        ],
        [
            [
                136.7163763834506,
                102.14363045118073
            ],
            3.1625964732944767
        ],
        [
            [
                24.757234622994414,
                303.13703022888893
            ],
            4.720581146651469
        ],
        [
            [
                494.0777034514049,
                435.9874624787803
            ],
            3.648925784749953
        ],
        [
            [
                146.46170049578845,
                146.45901732591142
            ],
            3.5607041986491024
        ],
        [
            [
                46.97159648951455,
                371.425793856203
            ],
            3.1073137140247966
        ],
        [
            [
                57.59566365829575,
                176.65676812758173
            ],
            4.50416982325844
        ],
        [
            [
                217.19218085019418,
                15.94847647509148
            ],
            5.508451931545267
        ],
        [
            [
                490.649041199046,
                230.97451632617305
            ],
            4.36541381455156
        ],
        [
            [
                89.4374725765035,
                312.0796210171357
            ],
            4.104484636572977
        ],
        [
            [
                36.38187216708316,
                337.5396344442407
            ],
            3.845235078172336
        ],
        [
            [
                250.8109794852517,
                223.90500959415277
            ],
            4.25159190815069
        ],
        [
            [
                447.82952464059093,
                271.6228114783373
            ],
            5.430277559463102
        ],
        [
            [
                61.66234843465927,
                188.65219849086748
            ],
            5.284168805927985
        ],
        [
            [
                71.42267955518538,
                415.16385945836356
            ],
            5.687846237262594
        ],
        [
            [
                75.9071982721909,
                176.56765046815784
            ],
            5.96277839943724
        ],
        [
            [
                393.2378131499388,
                137.77924958029053
            ],
            4.392176035707802
        ],
        [
            [
                494.72414559066874,
                121.43846060318317
            ],
            5.045147584714758
        ],
        [
            [
                155.59556588095163,
                78.98351690158795
            ],
            3.2894660824916864
        ],
        [
            [
                174.47638990691766,
                27.396263163043876
            ],
            5.237403802905423
        ],
        [
            [
                485.2939312241319,
                354.40337385428785
            ],
            4.983712377273502
        ],
        [
            [
                67.38096737445674,
                241.2298643287112
            ],
            5.62775212813497
        ],
        [
            [
                346.1221101047721,
                318.48401398238
            ],
            4.706210433211546
        ],
        [
            [
                227.31127246328887,
                274.84768845933183
            ],
            5.24062500086294
        ],
        [
            [
                171.73196730731598,
                316.5670414297374
            ],
            3.817292625304977
        ],
        [
            [
                314.2709708664602,
                221.4136913606204
            ],
            3.9520004679049716
        ],
        [
            [
                235.85925913611513,
                472.21840223479376
            ],
            5.764100860371255
        ],
        [
            [
                429.28169459841826,
                473.6835013282201
            ],
            3.234796323100648
        ],
        [
            [
                390.6232661151308,
                27.7102800538944
            ],
            4.019649190036308
        ],
        [
            [
                207.97595868110594,
                66.79724175890857
            ],
            5.577148656922388
        ],
        [
            [
                495.724270468691,
                40.00065127127126
            ],
            4.248229614136283
        ],
        [
            [
                291.84610728839755,
                246.9406202449476
            ],
            4.2424796511408704
        ],
        [
            [
                70.17956201445044,
                288.8666151981393
            ],
            4.180549247751847
        ],
        [
            [
                411.1341186156365,
                439.6975131709556
            ],
            4.949918686901704
        ],
        [
            [
                131.08584692131225,
                78.53344607253915
            ],
            4.250873702907004
        ],
        [
            [
                419.85997033063666,
                432.41334627145227
            ],
            5.50514087972115
        ],
        [
            [
                401.5629894522607,
                355.2177959335053
            ],
            3.5566467666138264
        ],
        [
            [
                489.1144924721946,
                13.689873213098508
            ],
            4.970083355126342
        ],
        [
            [
                197.88500066708713,
                283.80670916128975
            ],
            4.3707817331318575
        ],
        [
            [
                403.76436073026895,
                219.4776283031466
            ],
            4.677110044580845
        ],
        [
            [
                352.98686388689356,
                233.95356890151155
            ],
            4.327701206492884
        ],
        [
            [
                220.0853471484021,
                115.6151027322009
            ],
            4.231229416212177
        ],
        [
            [
                116.82373815571738,
                190.87870645707326
