{
    "start": [
        [
            19.821132697946023,
            52.328945244380854
        ],
        4.0
    ],
    "goal": [
        [
            506.8665811589854,
            478.129555864614
        ],
        4.0
    ],
    "obstacles": [
        [
            [
                424.85714913703544,
                497.6093368197678
            ],
            5.179259004549696
        ],
        [
            [
                366.9765889601002,
                314.7619687003298
            ],
            4.009766332073731
        ],
        [
            [
                186.99452316959795,
                32.33371774741558
            ],
            3.880433291113078
        ],
        [
            [
                481.46861623005015,
                323.66452018405886
            ],
            5.541467201785877
        ],
        [
            [
                504.59366316155945,
                90.35154370514506
            ],
            5.16899176426503
        ],
        [
            [
                84.91761098718425,
                90.45568721924626
            ],
            5.224085900901215
        ],
        [
            [
                281.0630820085758,
                304.44267845927743
            ],
            4.221227380337165
        ],
        [
            [
                409.5236333689485,
                217.0589119734877
            ],
            3.3588187768412396
        ],
        [
            [
                230.44327312457781,
                262.8830713113803
            ],
            4.042690771558973
        ],
        [
            [
                53.04695988154886,
                448.1834875038531
            ],
            4.044874182312329
        ],
        [
            [
                101.265623623777,
                299.75385268370565
            ],
            3.212790458156771
        ],
        [
            [
                31.225547797096695,
                248.90412134170202
            ],
            5.232859473321199
        ],
        [
            [
                258.83399439128596,
                192.32765684347106
            ],
            5.677618545164422
        ],
        [
            [
                178.98782379880848,
                42.65109806874352
            ],
            3.476283004972828
        ],
        [
            [
                221.9964963632438,
                11.671863652711117
            ],
            5.183724514164404
        ],
        [
            [
                87.10603041440781,
                499.64571217772436
            ],
            5.098097245078614
        ],
        [
            [
                122.13064265196866,
                344.18671950130835
            ],
            3.596597637102419
        ],
        [
            [
                290.4644179491401,
                242.99921495473558
            ],
            4.8552562742620875
        ],
        [
            [
                358.60814317365504,
                104.98341901687786
            ],
            3.9260148909471164
        ],
        [
            [
                73.75656342636537,
                117.60404867758052
            ],
            4.263654166950873
        ],
        [
            [
                504.94001102360556,
                423.20179004832875
            ],
            5.001226396504274
        ],
        [
            [
                460.7161734860979,
                273.85860540227264
            ],
            5.7825575284129265
        ],
        [
            [
                219.02976651549292,
                315.40472670799545
            ],
            5.307439370672846
        ],
        [
            [
                431.2701134808579,
                348.39561906936274
            ],
            5.110710766640401
        ],
        [
            [
                199.95000756282576,
                271.180578664978
            ],
            3.732931294513597
        ],
        [
            [
                455.2777784943365,
                236.5872976551277
            ],
            4.960865396915317
        ],
        [
            [
                450.22707252705544,
                117.87519906025659
            ],
            4.616112675526854
        ],
        [
            [
                476.39966942619617,
                43.496751376068985
            ],
            5.189512281810883
        ],
        [
            [
                318.193286202466,
                81.26948793176973
            ],
            3.0751458285406486
        ],
        [
            [
                164.2549361151012,
                342.6724046254128
            ],
            3.0188529841272973
        ],
        [
            [
                155.3834933226589,
                14.572380649503842
            ],
            4.886125575378367
        ],
        [
            [
                64.43050361320185,
                226.79418142764186
            ],
            4.660966766870517
        ],
        [
            [
                8.709229657985247,
                55.03980406071609
            ],
            4.006064052597097
        ],
        [
            [
                266.05479922487217,
                253.3550312510287
            ],
            4.436595874501629
        ],
        [
            [
                467.6032702257592,
                346.4315585937409
            ],
            5.305803158086448
        ],
        [
            [
                73.1859216775451,
                209.23413388508848
            ],
            4.02731076519629
        ],
        [
            [
                342.300491513576,
                14.801022171178628
            ],
            5.872931541419824
        ],
        [
            [
                290.9597413957241,
                320.48948454996525
            ],
            5.0384963895750055
        ],
        [
            [
                289.7343938299854,
                472.522466592343
            ],
            4.420364509157942
        ],
        [
            [
                21.71303537434834,
                317.19507030141614
            ],
            3.855120538834656
        ],
        [
            [
                476.08935599955066,
                335.167251574805
            ],
            5.736074256548352
        ],
        [
            [
                229.88950248029963,
                337.24297611939426
            ],
            4.052861100710485
        ],
        [
            [
                498.88730566885977,
                297.3402091145522
            ],
            5.9099895778053195
        ],
        [
            [
                462.7819817614371,
                35.895272605263
            ],
            3.4176532461977893
        ],
        [
            [
                251.2254644439631,
                131.10352470038129
            ],
            4.083044673710367
        ],
        [
            [
                250.97088918130584,
                323.1627622657599
            ],
            4.289570557922312
        ],
        [
            [
                103.06593696537803,
                337.8019424059354
            ],
            3.0269579519196683
        ],
        [
            [
                161.4273283404077,
                386.56801635241817
            ],
            5.291491054997822
        ],
        [
            [
                95.00164885207776,
                31.002120737466576
            ],
            4.099212952101363
        ],
        [
            [
                495.88760431950743,
                354.55630662438193
            ],
            5.005927705130293
        ],
        [
            [
                452.6764701057323,
                319.1449729091738
            ],
            4.84618450649852
        ],
        [
            [
                292.8361909214413,
                35.20303286721302
