{
    "start": [
        [
            24.15348760200152,
            340.6625366265763
        ],
        4.0
    ],
    "goal": [
        [
            497.5448262487136,
            288.6725610378775
        ],
        4.0
    ],
    "obstacles": [
        [
            [
                165.9099003005862,
                109.94479263066756
            ],
            5.870810284080973
        ],
        [
            [
                140.13759922976854,
                174.6499113496826
            ],
            3.485800277837506
        ],
        [
            [
                109.93483252152022,
                297.86945789804616
            ],
            3.0238106735838297
        ],
        [
            [
                127.68850023175733,
                77.85863045237792
            ],
            5.083382281145308
        ],
        [
            [
                444.21223159562993,
                437.6841085920052
            ],
            5.781466728040602
        ],
        [
            [
                246.01775434280358,
                326.3348747311305
            ],
            3.8143774911038926
        ],
        [
            [
                431.7225916396952,
                166.16591294057488
            ],
            3.6239789349117677
        ],
        [
            [
                450.15219679153404,
                241.6492551135775
            ],
            4.347401282198095
        ],
        [
            [
                333.81635097691844,
                402.9791619452883
            ],
            5.865279614539743
        ],
        [
            [
                461.96478374193,
                343.9406840107929
            ],
            3.7230470995114264
        ],
        [
            [
                404.3571352135693,
                445.1728232019103
            ],
            3.1855656532121976
        ],
        [
            [
                176.9477239619289,
                125.14632455882501
            ],
            3.715180544525721
        ],
        [
            [
                415.7792769719419,
                23.322169077372205
            ],
            5.012380732344028
        ],
        [
            [
                182.012115950865,
                89.04356384409434
            ],
            5.708090953064811
        ],
        [
            [
                139.5858265601665,
                347.0233534330805
            ],
            3.1937801714952627
        ],
        [
            [
                432.78464962243424,
                408.84420649864137
            ],
            4.111178916715536
        ],
        [
            [
                53.47230330823898,
                229.45093203059324
            ],
            5.440531428053216
        ],
        [
            [
                121.67098035875487,
                383.2824338636952
            ],
            5.47862288421281
        ],
        [
            [
                267.8663124833165,
                249.17306814703497
            ],
            3.191863420469856
        ],
        [
            [
                452.55009772729534,
                423.35927521797066
            ],
            4.652232500114664
        ],
        [
            [
                126.8813586160524,
                106.35889757429118
            ],
            4.810113645766394
        ],
        [
            [
                50.42246843235707,
                95.66949235835715
            ],
            3.9806530701751686
        ],
        [
            [
                77.82430107246401,
                383.4025505379134
            ],
            4.020159092304969
        ],
        [
            [
                348.6837325771238,
                6.614399806766453
            ],
            4.812225674043372
        ],
        [
            [
                402.77308102289254,
                218.3070103662556
            ],
            4.693444568496117
        ],
        [
            [
                200.9426554691342,
                314.8040006923967
            ],
            3.140989957950721
        ],
        [
            [
                249.1073206192604,
                118.05146302746748
            ],
            4.774267824869915
        ],
        [
            [
                324.01806293975835,
                497.2935353524788
            ],
            5.4170854698405275
        ],
        [
            [
                207.0733326199192,
                338.7538021502883
            ],
            3.609335214877166
        ],
        [
            [
                24.874534371264257,
                266.18159857846854
            ],
            4.536416444345522
        ],
        [
            [
                339.614827397384,
                425.82920567739444
            ],
            4.91783758385533
        ],
        [
            [
                18.861980959138304,
                285.158390731136
            ],
            5.064333608913435
        ],
        [
            [
                168.81653685858006,
                342.9883416383159
            ],
            5.378278605859527
        ],
        [
            [
                164.4862585047578,
                497.36220706368005
            ],
            5.1790036733352185
        ],
        [
            [
                149.5956222506228,
                269.6667792662923
            ],
            4.437161815933107
        ],
        [
            [
                204.65812513750942,
                263.95311658947463
            ],
            3.973516266576584
        ],
        [
            [
                432.48189007795105,
                431.11629140779553
            ],
            3.8575017424968374
        ],
        [
            [
                29.808041995146446,
                228.89239176354175
            ],
            5.366658362737509
        ],
        [
            [
                20.691709096322676,
                94.48322077558876
            ],
            4.607678198545514
        ],
        [
            [
                17.11316473906723,
                54.67821874387107
            ],
            3.9452475161867593
        ],
        [
            [
                500.55390933305415,
                103.71309305182993
            ],
            5.718033377092038
        ],
        [
            [
                235.83627711316183,
                153.4256699417363
            ],
            5.801604913771547
        ],
        [
            [
                370.1573501811328,
                478.40990383295156
            ],
            5.634708480548962
        ],
        [
            [
                172.3339121505932,
                291.95818761713696
            ],
            4.177548090455212
        ],
        [
            [
                124.55498166944997,
                120.62265876173763
            ],
            4.895600847152529
        ],
        [
            [
                428.5520283480726,
                495.44873126557115
            ],
            5.254950658423535
        ],
        [
            [
                19.262191651827813,
                150.98283053263688
            ],
            4.6084522104900545
        ],
        [
            [
                92.03375382412142,
                482.6359850017466
            ],
            3.684459362393289
        ],
        [
            [
                354.68865963941823,
                293.6824502086937
            ],
            5.746441980625056
        ],
        [
            [
                195.69663910710813,
                93.89239514001869
            ],
            5.906965282735502
        ],
        [
            [
                249.19925561427303,
                66.52152431204102
            ],
            5.760759531742611
        ],
        [
            [
                209.7446928769597,
                457.15972447606686
