{
    "start": [
        [
            23.152532698189738,
            197.4247857358769
        ],
        4.0
    ],
    "goal": [
        [
            501.60553914173926,
            193.03833023765938
        ],
        4.0
    ],
    "obstacles": [
        [
            [
                277.93315550710287,
                256.0101605587675
            ],
            3.7402758348641036
        ],
        [
            [
                280.56201385642817,
                327.77218925860666
            ],
            5.711893943448169
        ],
        [
            [
                283.4124414139824,
                381.3084931118903
            ],
            3.851082538089203
        ],
        [
            [
                15.093544250775237,
                11.680240105121843
            ],
            3.8518702698445395
        ],
        [
            [
                129.1232081884227,
                132.33946519221868
            ],
            4.958287410759314
        ],
        [
            [
                271.68489270585985,
                42.250125321525104
            ],
            4.922887713706748
        ],
        [
            [
                377.3502229348275,
                359.75022840842973
            ],
            3.712597343533288
        ],
        [
            [
                438.767110107422,
                127.77881162331892
            ],
            5.097901411508349
        ],
        [
            [
                267.3512998723441,
                124.95154454528338
            ],
            5.465979902928801
        ],
        [
            [
                375.952624120716,
                113.71101643075355
            ],
            4.342089396699962
        ],
        [
            [
                452.5896891296735,
                149.70570259904696
            ],
            3.6667441047205105
        ],
        [
            [
                81.67783581433436,
                289.0796685774326
            ],
            3.3838083686177227
        ],
        [
            [
                461.43967303561317,
                449.5490807498968
            ],
            4.59225329472722
        ],
        [
            [
                267.10723015930574,
                463.1117586562317
            ],
            5.1550137940631355
        ],
        [
            [
                454.78206444795046,
                495.5916427944973
            ],
            3.3466821205618995
        ],
        [
            [
                345.21984509569586,
                305.41551664827455
            ],
            4.212272311247894
        ],
        [
            [
                138.33864605276108,
                491.74379052698663
            ],
            5.963896608621549
        ],
        [
            [
                383.76883543132067,
                191.04461929282098
            ],
            4.380694904898509
        ],
        [
            [
                343.9916853358937,
                499.65106226496107
            ],
            4.154389082684107
        ],
        [
            [
                328.0634045445133,
                43.88747961986614
            ],
            4.446085539518844
        ],
        [
            [
                104.9104330980751,
                128.88609630543036
            ],
            5.4707711176958025
        ],
        [
            [
                356.9956014331474,
                18.733550919682656
            ],
            4.801924288450863
        ],
        [
            [
                302.380183774067,
                269.2340390155005
            ],
            5.609055252898236
        ],
        [
            [
                343.41426499424676,
                189.73774704560748
            ],
            5.097748824124384
        ],
        [
            [
                356.3722295997305,
                106.35153693097273
            ],
            5.0576966770163825
        ],
        [
            [
                116.86733140414957,
                15.756251120876058
            ],
            4.875810821901092
        ],
        [
            [
                471.5665128536345,
                471.5329480338712
            ],
            4.450773921059655
        ],
        [
            [
                182.72198926648167,
                12.373791025323865
            ],
            3.8798536532223027
        ],
        [
            [
                459.3183117828001,
                76.20061279412018
            ],
            5.567885839108587
        ],
        [
            [
                204.219211925431,
                355.69866346044694
            ],
            4.385262330025325
        ],
        [
            [
                499.21382202161095,
                372.61539393834727
            ],
            3.178482851495901
        ],
        [
            [
                299.9870705555744,
                312.9348457092475
            ],
            4.853967034326672
        ],
        [
            [
                33.7509072218694,
                40.01847858278374
            ],
            4.559842962453876
        ],
        [
            [
                110.11611618752508,
                348.7789375459472
            ],
            3.663359761252785
        ],
        [
            [
                502.85200847835273,
                437.5952979503985
            ],
            5.5578080777048
        ],
        [
            [
                386.9593591232276,
                307.19378455595063
            ],
            4.566285833129054
        ],
        [
            [
                118.26575132993435,
                208.18674918997925
            ],
            5.665095589897748
        ],
        [
            [
                404.70339102545506,
                325.389474963555
            ],
            5.466783370380234
        ],
        [
            [
                452.9213537325166,
                506.32337383786376
            ],
            3.9885688348013364
        ],
        [
            [
                466.30393271050195,
                31.406144926029047
            ],
            5.089497135205979
        ],
        [
            [
                72.73385955599761,
                58.19205776667066
            ],
            4.130499973894731
        ],
        [
            [
                486.4163371781314,
                136.1409693426395
            ],
            4.875770018870039
        ],
        [
            [
                353.9389013222143,
                465.3488172338709
            ],
            5.579189953136771
        ],
        [
            [
                353.6747667079159,
                118.63352829113069
            ],
            5.194897071517351
        ],
        [
            [
                264.3446996292352,
                97.1581738748173
            ],
            5.479340262174454
        ],
        [
            [
                299.7740479630418,
                293.4365956218222
            ],
            5.274261779491905
        ],
        [
            [
                190.4235696247556,
                45.83936111153222
            ],
            5.409909655670058
        ],
        [
            [
                31.477430916200433,
                247.39642002510305
            ],
            5.783440721393609
        ],
        [
            [
                46.61034558725774,
                371.0583567687229
            ],
            5.305174003814413
        ],
        [
            [
                337.50069071246713,
                83.83858572670515
            ],
            5.144216907385412
        ],
        [
            [
                75.01628039167741,
                496.2132697341317
            ],
            5.177117088086369
        ],
        [
            [
                169.6122131438387,
                112.32724879240722
