{
    "start": [
        [
            11.106483635516895,
            164.91188753296737
        ],
        4.0
    ],
    "goal": [
        [
            503.2860286879687,
            100.53567911549402
        ],
        4.0
    ],
    "obstacles": [
        [
            [
                91.21105794767354,
                260.18707052239193
            ],
            3.9904846130916027
        ],
        [
            [
                494.110991538896,
                439.46986907234503
            ],
            5.248690747978583
        ],
        [
            [
                432.0584529638433,
                167.02050855470782
            ],
            4.715488492922478
        ],
        [
            [
                504.42160908577506,
                385.38314679785117
            ],
            3.00280373783612
        ],
        [
            [
                325.66660613940786,
                435.8886466459794
            ],
            3.4602045711383322
        ],
        [
            [
                435.4936952476195,
                87.0229286681297
            ],
            3.6160364684080895
        ],
        [
            [
                470.848308035035,
                235.5487479091814
            ],
            5.419665814607865
        ],
        [
            [
                335.7367506354293,
                197.03294967527972
            ],
            4.376039728589925
        ],
        [
            [
                210.26763482784276,
                405.04241389895975
            ],
            5.518101402175482
        ],
        [
            [
                478.1677655960328,
                115.05113356500077
            ],
            3.534398777953563
        ],
        [
            [
                194.89655840119318,
                504.5609501730748
            ],
            4.389985357510249
        ],
        [
            [
                451.30785972092383,
                144.31917641358265
            ],
            4.519550537948142
        ],
        [
            [
                142.87574425125342,
                215.34182933164453
            ],
            4.438752352082359
        ],
        [
            [
                6.142347171811727,
                338.40341385844107
            ],
            4.012556933496832
        ],
        [
            [
                54.84580719104715,
                283.62422645579977
            ],
            3.6591550858041204
        ],
        [
            [
                300.86832295944,
                353.98922636553044
            ],
            3.64740013277827
        ],
        [
            [
                19.903857178534764,
                4.765520598251081
            ],
            3.07325947071113
        ],
        [
            [
                380.6230556252643,
                86.13219488161819
            ],
            5.400956015445919
        ],
        [
            [
                356.3299188326745,
                220.4223445861994
            ],
            4.446682097850849
        ],
        [
            [
                102.40551111219126,
                255.05248492978382
            ],
            3.6862527132153304
        ],
        [
            [
                408.8254962451778,
                371.94962210794205
            ],
            4.956727800409716
        ],
        [
            [
                458.47589328026277,
                493.0904842396285
            ],
            4.864391236253358
        ],
        [
            [
                369.0346792473957,
                60.65491237029694
            ],
            4.922636452678445
        ],
        [
            [
                329.13926264933644,
                504.5402767415725
            ],
            3.492804082403919
        ],
        [
            [
                287.8930169074157,
                70.31359489607038
            ],
            3.2485341844885105
        ],
        [
            [
                437.15228746920855,
                403.95411613881026
            ],
            3.9057189353928914
        ],
        [
            [
                49.28055332072515,
                34.15658967093218
            ],
            4.3428310472687155
        ],
        [
            [
                37.51093141140336,
                254.39621672590582
            ],
            5.441687691476863
        ],
        [
            [
                178.88242129989317,
                107.04757098159381
            ],
            3.634182574111264
        ],
        [
            [
                352.43565749768675,
                56.47064663810267
            ],
            3.742442373410099
        ],
        [
            [
                489.69153575599574,
                14.843515063735968
            ],
            4.742502869141113
        ],
        [
            [
                135.29784177880057,
                157.63290264770052
            ],
            5.738117118673962
        ],
        [
            [
                133.76065784594687,
                21.266195578259737
            ],
            4.161760493994738
        ],
        [
            [
                341.6649289189682,
                254.84464533079841
            ],
            5.008747973540821
        ],
        [
            [
                435.25407131494484,
                197.73313183157916
            ],
            3.382971129315153
        ],
        [
            [
                52.36272925566679,
                261.0732408635481
            ],
            4.485649820201973
        ],
        [
            [
                443.62265153024896,
                412.4050110239493
            ],
            4.3027868560440385
        ],
        [
            [
                157.02632385007814,
                108.97134431299996
            ],
            4.170971838825343
        ],
        [
            [
                157.98808370090205,
                260.48962843270357
            ],
            5.282945786503155
        ],
        [
            [
                145.63759042483284,
                430.6419008933538
            ],
            4.369446456903534
        ],
        [
            [
                64.55736817185429,
                9.70079153020086
            ],
            4.724506064483286
        ],
        [
            [
                322.3862841299142,
                85.11109570326413
            ],
            4.776226049530377
        ],
        [
            [
                371.11305129259557,
                426.42232499456026
            ],
            5.46153229177127
        ],
        [
            [
                281.4162374341976,
                312.02742976460183
            ],
            5.796238210256352
        ],
        [
            [
                432.14049640691513,
                94.7279649574256
            ],
            4.220116670081755
        ],
        [
            [
                342.25616752840045,
                166.380037990807
            ],
            3.299354078270148
        ],
        [
            [
                65.82188688313914,
                138.5473031211441
            ],
            4.618249817885053
        ],
        [
            [
                101.74788710079153,
                118.49706600272113
            ],
            4.026214945960264
        ],
        [
            [
                83.17121681972131,
                201.4610362751489
            ],
            3.4895401169729863
        ],
        [
            [
                69.8830824642525,
                354.5029890923064
            ],
            3.647302082003017
        ],
        [
            [
                287.04498073421865,
                369.361607077771
            ],
            5.36985387819015
        ],
        [
            [
                361.7661910529467,
                92.58737539343363
