{
    "start": [
        [
            4.934568305175014,
            224.28314590907996
        ],
        4.0
    ],
    "goal": [
        [
            507.70203136359146,
            89.37022454022423
        ],
        4.0
    ],
    "obstacles": [
        [
            [
                98.09310868723631,
                427.1520963966312
            ],
            4.9868378134895375
        ],
        [
            [
                274.5771048969719,
                227.48197999679024
            ],
            3.5084538054591206
        ],
        [
            [
                267.8760844965276,
                381.266702461576
            ],
            4.372699169719968
        ],
        [
            [
                41.73421178496106,
                461.40930114661785
            ],
            3.6068924920457524
        ],
        [
            [
                399.9657911507579,
                87.41547691953787
            ],
            5.64734018503029
        ],
        [
            [
                433.7505093045551,
                76.18531521869328
            ],
            4.246716429714053
        ],
        [
            [
                348.075610305714,
                14.905202155682781
            ],
            5.009223758750126
        ],
        [
            [
                437.0188589175742,
                248.2575435574335
            ],
            4.876414918085956
        ],
        [
            [
                469.4111555916038,
                117.01406852273064
            ],
            5.864837588823576
        ],
        [
            [
                355.84967369432513,
                485.60497547342993
            ],
            5.2211607194486
        ],
        [
            [
                331.2494819416179,
                419.0259047757685
            ],
            4.765884902398435
        ],
        [
            [
                372.54008567356277,
                342.0266038999696
            ],
            4.23205513266735
        ],
        [
            [
                403.89637922404336,
                367.7636928624118
            ],
            4.160103544481397
        ],
        [
            [
                471.88448301739544,
                402.25926907818206
            ],
            4.796220470742771
        ],
        [
            [
                52.226725922885905,
                407.33801331238664
            ],
            4.181312074091279
        ],
        [
            [
                180.3583972348621,
                272.1262955949149
            ],
            3.5117754384095985
        ],
        [
            [
                285.8660721755481,
                459.9560572372021
            ],
            4.974280880438574
        ],
        [
            [
                19.185251702039,
                470.491403176023
            ],
            4.606350207427823
        ],
        [
            [
                186.80004570262122,
                445.35240882828793
            ],
            3.1642547434764126
        ],
        [
            [
                476.6669262858864,
                254.38984583484995
            ],
            3.178859263644636
        ],
        [
            [
                52.59605979498646,
                293.40061840981076
            ],
            5.78573067057369
        ],
        [
            [
                456.4076606863918,
                346.0741969616495
            ],
            4.379820538087922
        ],
        [
            [
                253.08582454969257,
                47.45475317620362
            ],
            3.2893359422899016
        ],
        [
            [
                202.95167020287025,
                231.22940510683827
            ],
            5.174305412316478
        ],
        [
            [
                472.40567425387,
                425.27592873768396
            ],
            3.6032568011437416
        ],
        [
            [
                388.43115513395804,
                263.9453713052441
            ],
            4.068748029063141
        ],
        [
            [
                93.0652783147074,
                334.9467252973068
            ],
            4.1797456886413045
        ],
        [
            [
                302.4081998552448,
                406.11405142647186
            ],
            5.1966964953342725
        ],
        [
            [
                134.62805474019873,
                162.70926774669547
            ],
            4.796172477258677
        ],
        [
            [
                80.01692035252997,
                143.35006122719327
            ],
            5.857674482094746
        ],
        [
            [
                268.89088061477014,
                505.36175875868196
            ],
            5.93053575793634
        ],
        [
            [
                326.6391305369437,
                103.29690773412969
            ],
            3.149083657054545
        ],
        [
            [
                283.79523381375515,
                500.93316914838266
            ],
            5.472689871782352
        ],
        [
            [
                387.5729492252878,
                463.9944653808292
            ],
            4.292235457504217
        ],
        [
            [
                246.12352735165342,
                417.2327773723202
            ],
            4.536623297088736
        ],
        [
            [
                145.59592780487048,
                156.04218749609282
            ],
            3.6033113992065653
        ],
        [
            [
                183.59965633511123,
                148.4701364061292
            ],
            4.6600398622902235
        ],
        [
            [
                43.627971846607835,
                379.21427643841497
            ],
            5.38531177270041
        ],
        [
            [
                154.31106571796622,
                384.0778470844196
            ],
            5.618795464910869
        ],
        [
            [
                214.95592463081857,
                238.92801804361497
            ],
            4.242678061907191
        ],
        [
            [
                448.5084510693998,
                293.08567596548846
            ],
            3.4828939713577176
        ],
        [
            [
                142.24716135926934,
                147.28250674893573
            ],
            4.11569633849504
        ],
        [
            [
                130.42675225176794,
                298.8955500760855
            ],
            3.2324595987019196
        ],
        [
            [
                142.68632407141922,
                338.05243360840547
            ],
            5.624421080928008
        ],
        [
            [
                267.55335440495105,
                341.4241732832499
            ],
            3.113789808437845
        ],
        [
            [
                132.0061471186302,
                274.5239778035155
            ],
            5.195047799159334
        ],
        [
            [
                194.87886553357893,
                465.63739776990184
            ],
            4.975227380156566
        ],
        [
            [
                185.9750120796112,
                421.753560868835
            ],
            4.126922293299913
        ],
        [
            [
                340.7669579907381,
                285.7412718080923
            ],
            3.959519713418678
        ],
        [
            [
                184.1097634394802,
                114.16345325431011
            ],
            3.9658042032169236
        ],
        [
            [
                191.04861555901206,
                402.16896361909807
            ],
            5.480029422642863
        ],
        [
            [
                48.80482499637044,
                309.86757236964905
