{
    "start": [
        [
            16.470854045349583,
            121.33189607691683
        ],
        4.0
    ],
    "goal": [
        [
            505.0784323264802,
            209.57332668920762
        ],
        4.0
    ],
    "obstacles": [
        [
            [
                247.04520597601604,
                295.87692375222065
            ],
            3.590507996267017
        ],
        [
            [
                19.23568439125419,
                456.2143561628661
            ],
            5.39867315770128
        ],
        [
            [
                200.00787490365292,
                326.6706830134683
            ],
            3.9576326864365474
        ],
        [
            [
                390.428148501263,
                31.64907428525862
            ],
            4.242761284275733
        ],
        [
            [
                186.7018359897071,
                74.38216308713528
            ],
            3.3699666237502095
        ],
        [
            [
                353.2919928187119,
                363.7731506673117
            ],
            4.217559624187222
        ],
        [
            [
                339.14416133416864,
                57.23646888665051
            ],
            4.210420110469668
        ],
        [
            [
                301.70190410759915,
                366.20583824685264
            ],
            4.968669835145583
        ],
        [
            [
                384.48219809175544,
                311.2627294944845
            ],
            5.621522778374716
        ],
        [
            [
                147.0016557480625,
                29.538572799497715
            ],
            3.0404675510052543
        ],
        [
            [
                366.41387906318306,
                424.61360776022224
            ],
            4.149021733769919
        ],
        [
            [
                224.63263219771179,
                36.92651807043377
            ],
            3.105563248247301
        ],
        [
            [
                303.4142531146119,
                196.31027671275965
            ],
            3.821261544512322
        ],
        [
            [
                22.10238533170285,
                366.5883473490621
            ],
            5.791321442969176
        ],
        [
            [
                477.06881635892125,
                214.57749848506572
            ],
            3.476311433696559
        ],
        [
            [
                305.56124887634024,
                472.3676704732348
            ],
            3.008041765325568
        ],
        [
            [
                75.02012102334874,
                178.9252562430297
            ],
            5.279389913252267
        ],
        [
            [
                174.46911159902922,
                436.95962143574167
            ],
            4.0199233651009445
        ],
        [
            [
                159.85246034337354,
                340.70345992727096
            ],
            4.712723195876492
        ],
        [
            [
                269.341502456128,
                46.61116880371466
            ],
            4.838104877331082
        ],
        [
            [
                12.950547299717233,
                182.89083834614286
            ],
            4.616237055002667
        ],
        [
            [
                80.24669171083049,
                437.6046063289333
            ],
            4.374301746052507
        ],
        [
            [
                155.02272175683203,
                79.97978954898545
            ],
            3.1344801385648293
        ],
        [
            [
                340.82796791595547,
                91.1909667700248
            ],
            5.0474315853277965
        ],
        [
            [
                368.63127017264907,
                73.49848096935001
            ],
            3.2832503923028984
        ],
        [
            [
                25.201658014750706,
                500.1140597483481
            ],
            3.493689445334196
        ],
        [
            [
                180.0474846846056,
                414.11347402624597
            ],
            4.127244474984618
        ],
        [
            [
                78.8437820037342,
                52.24716789011216
            ],
            5.7053275621926485
        ],
        [
            [
                70.43442776700505,
                308.8749708495206
            ],
            3.8703957795368296
        ],
        [
            [
                499.40346915893326,
                368.27222092498624
            ],
            5.110213636946676
        ],
        [
            [
                261.7405657389145,
                59.236457731599074
            ],
            3.402089274509221
        ],
        [
            [
                327.84052372226745,
                344.2756854138761
            ],
            5.890052188534606
        ],
        [
            [
                471.34850295676887,
                90.73568387766707
            ],
            5.571319733105012
        ],
        [
            [
                498.8273765656047,
                480.1274817776368
            ],
            5.295085439762278
        ],
        [
            [
                232.30876483507348,
                500.0756096646305
            ],
            4.3878304565929
        ],
        [
            [
                352.47263589318095,
                445.09711610508896
            ],
            5.548177540097775
        ],
        [
            [
                214.89549687828136,
                409.2460477368235
            ],
            5.273238674732065
        ],
        [
            [
                503.8639886324784,
                116.96802643223062
            ],
            5.662650643469436
        ],
        [
            [
                16.437881752353114,
                130.87117108988156
            ],
            4.152502673443825
        ],
        [
            [
                155.63286656092345,
                108.54908183749833
            ],
            4.537165071361144
        ],
        [
            [
                479.1154495416853,
                399.5073619359774
            ],
            3.474874463958485
        ],
        [
            [
                154.48815330832198,
                384.06852640705455
            ],
            3.155610358225418
        ],
        [
            [
                140.51735637078443,
                6.498663806892657
            ],
            3.173605089454185
        ],
        [
            [
                343.5490905850214,
                265.94269244993365
            ],
            3.54715030969418
        ],
        [
            [
                363.1574050333832,
                337.22653123615777
            ],
            5.649331252693357
        ],
        [
            [
                296.42720140453406,
                332.2918084479858
            ],
            5.488005997392364
        ],
        [
            [
                197.71799562046542,
                109.46237677376813
            ],
            4.530025380005378
        ],
        [
            [
                124.50891714016322,
                8.33369472033748
            ],
            4.202244506049702
        ],
        [
            [
                173.8896330342781,
                408.7823833299487
            ],
            3.5081185829507193
        ],
        [
            [
                319.76204244861424,
                360.0959406710528
            ],
            4.207465376932703
        ],
        [
            [
                268.6129075987188,
                119.37169237065098
            ],
            4.6276727819909524
        ],
        [
            [
                88.31328373117722,
