{
    "start": [
        [
            13.154128184377011,
            137.83108106688644
        ],
        4.0
    ],
    "goal": [
        [
            496.74172144262207,
            208.06798675465657
        ],
        4.0
    ],
    "obstacles": [
        [
            [
                351.59344972183135,
                47.60918622935736
            ],
            3.4730692297503634
        ],
        [
            [
                183.49566287789423,
                204.7070384098412
            ],
            4.5245669507510575
        ],
        [
            [
                29.3394621729744,
                334.27767111923714
            ],
            4.412061400330632
        ],
        [
            [
                428.4926486000279,
                100.74428379118282
            ],
            5.1114406869694875
        ],
        [
            [
                469.0806484594788,
                87.64331681670984
            ],
            3.622029927723357
        ],
        [
            [
                141.611344412744,
                505.8171780771812
            ],
            3.2584818877482276
        ],
        [
            [
                170.9487010384257,
                216.0103006961897
            ],
            5.0945870987694155
        ],
        [
            [
                305.7298045322258,
                464.1087006771444
            ],
            5.289660262217199
        ],
        [
            [
                439.9389659456265,
                260.751137413298
            ],
            4.437852782066076
        ],
        [
            [
                145.34511623382247,
                413.3031222390973
            ],
            3.952732256357182
        ],
        [
            [
                366.92440105862613,
                222.07270219020785
            ],
            3.8030836621888158
        ],
        [
            [
                225.49029499286905,
                505.65854981293074
            ],
            5.603635665888582
        ],
        [
            [
                438.01602242689097,
                376.42938767933947
            ],
            4.349893337650312
        ],
        [
            [
                483.09164657478317,
                291.08048584303896
            ],
            5.915983624849663
        ],
        [
            [
                400.5785845429974,
                506.1318283022911
            ],
            5.6097199644947295
        ],
        [
            [
                335.86979341802487,
                453.27165876626964
            ],
            4.500953645489185
        ],
        [
            [
                463.67076345279105,
                178.01958020239732
            ],
            5.591536319549257
        ],
        [
            [
                161.07418093862475,
                347.8016825053531
            ],
            5.740435436192139
        ],
        [
            [
                305.06939651710815,
                60.38120687679617
            ],
            5.557440960956849
        ],
        [
            [
                482.4963078221787,
                443.82463751698333
            ],
            5.16010695232755
        ],
        [
            [
                152.20384756492427,
                358.19491635578885
            ],
            4.86756295833759
        ],
        [
            [
                500.6212749124935,
                21.319502673424587
            ],
            5.969737088148566
        ],
        [
            [
                411.3871432947387,
                377.1574700926603
            ],
            3.283923464906449
        ],
        [
            [
                256.21828325177387,
                506.6453282604786
            ],
            3.8983113668047973
        ],
        [
            [
                85.59697288022622,
                215.99754505799072
            ],
            3.917462179155477
        ],
        [
            [
                227.01761024069572,
                313.87490642817215
            ],
            5.916293619722792
        ],
        [
            [
                379.65133916582704,
                490.6957763128203
            ],
            5.571974326107871
        ],
        [
            [
                338.2866652040168,
                5.0871218199871375
            ],
            4.4981051842725
        ],
        [
            [
                28.983207880751806,
                175.35630102783946
            ],
            5.251897287200033
        ],
        [
            [
                240.26763072367842,
                323.6265557543012
            ],
            5.110617197653093
        ],
        [
            [
                336.60305624773383,
                349.0059312650348
            ],
            5.555174978300101
        ],
        [
            [
                21.726424644109912,
                206.6488265922615
            ],
            5.137062064148433
        ],
        [
            [
                482.8201082165856,
                372.87680028416867
            ],
            5.343212681736461
        ],
        [
            [
                466.9088193742974,
                241.30945077831356
            ],
            4.157231969831473
        ],
        [
            [
                156.64730554414456,
                37.188411649278805
            ],
            4.178041740333486
        ],
        [
            [
                302.92721293926417,
                272.88676053167734
            ],
            4.639134283986769
        ],
        [
            [
                107.33563876379881,
                99.96674060244084
            ],
            3.1272078485275276
        ],
        [
            [
                210.6377016984172,
                449.6640895510486
            ],
            5.239798096560948
        ],
        [
            [
                144.51776291026053,
                240.91101688088224
            ],
            3.128712748995591
        ],
        [
            [
                310.1846164172237,
                118.14800241264484
            ],
            4.2570291712347395
        ],
        [
            [
                244.29285437303452,
                445.49771136966336
            ],
            5.677238824681675
        ],
        [
            [
                56.02913236616289,
                181.29941808137454
            ],
            3.4221645940045833
        ],
        [
            [
                234.98068077326363,
                110.17236135558477
            ],
            4.683031866665921
        ],
        [
            [
                75.62803625947035,
                39.03764003459426
            ],
            3.82316625539808
        ],
        [
            [
                116.65687548400928,
                335.2154294845266
            ],
            5.1691645271343205
        ],
        [
            [
                175.15840623283992,
                345.3973355468958
            ],
            4.080368177099205
        ],
        [
            [
                232.0024182398468,
                457.2325164180111
            ],
            5.987485479926484
        ],
        [
            [
                295.2559226621317,
                443.77206414256466
            ],
            5.811234549838844
        ],
        [
            [
                430.78216140734077,
                431.7195188530953
            ],
            4.486679624901821
        ],
        [
            [
                450.2153550594209,
                404.388509342396
            ],
            3.193256788011452
        ],
        [
            [
                175.98201702688402,
                416.14969735205693
            ],
            5.902502504541777
        ],
        [
            [
                308.0718557437734,
