{
    "start": [
        [
            7.35027209041435,
            194.50121331484993
        ],
        4.0
    ],
    "goal": [
        [
            503.55651548463396,
            238.86218519108184
        ],
        4.0
    ],
    "obstacles": [
        [
            [
                38.16114141770043,
                371.22977723152394
            ],
            4.494037347659387
        ],
        [
            [
                310.2397943745759,
                218.2210882157981
            ],
            5.802643087235621
        ],
        [
            [
                230.2625841175154,
                199.85559975826192
            ],
            3.79313280772739
        ],
        [
            [
                42.4535418487088,
                399.7613309775836
            ],
            3.4299604065441542
        ],
        [
            [
                107.66781565381409,
                268.7745926450895
            ],
            5.407405119853731
        ],
        [
            [
                439.46040177025577,
                145.3395589805241
            ],
            5.734446000070905
        ],
        [
            [
                463.0495498879354,
                441.5059875171313
            ],
            3.02401310254456
        ],
        [
            [
                314.79674080771883,
                164.28198526591666
            ],
            3.6054704151602617
        ],
        [
            [
                415.6369193594192,
                392.88392961314975
            ],
            3.5080042636534827
        ],
        [
            [
                142.3024695979574,
                83.63338591757002
            ],
            5.862824751760815
        ],
        [
            [
                318.13609848534867,
                421.05658907082216
            ],
            5.348358421218551
        ],
        [
            [
                6.975648699103159,
                404.26184304638195
            ],
            4.9064276037704815
        ],
        [
            [
                377.3102432650615,
                409.50621871962886
            ],
            4.751251843268152
        ],
        [
            [
                418.6602128145824,
                445.34133098168707
            ],
            5.840057743952359
        ],
        [
            [
                409.79003040070825,
                423.0631734509772
            ],
            5.553748838474671
        ],
        [
            [
                221.99058984570902,
                378.57072996252816
            ],
            5.778232881033823
        ],
        [
            [
                39.41100189914633,
                106.9015395079113
            ],
            5.349380703889161
        ],
        [
            [
                430.6137245094339,
                257.05791084153446
            ],
            5.305579566235687
        ],
        [
            [
                265.8435633155378,
                110.90277735322022
            ],
            5.563909852700354
        ],
        [
            [
                33.787741810614264,
                325.5949242281865
            ],
            3.686854718351288
        ],
        [
            [
                170.59118425197175,
                298.5107554677688
            ],
            5.958784426706696
        ],
        [
            [
                282.58994271920625,
                331.43121416956006
            ],
            5.727667575494909
        ],
        [
            [
                12.822918227349845,
                336.12557163706276
            ],
            4.318414616227204
        ],
        [
            [
                222.64233691884886,
                494.1486359173106
            ],
            4.263030266182326
        ],
        [
            [
                188.49443186841964,
                80.15670330284732
            ],
            5.319655665456879
        ],
        [
            [
                257.83019612374596,
                471.57692841248297
            ],
            5.606770645667577
        ],
        [
            [
                504.0851380317987,
                17.72001805172807
            ],
            4.642364619035078
        ],
        [
            [
                449.40387209197166,
                284.38839462922823
            ],
            3.569617152009399
        ],
        [
            [
                152.0298883411839,
                456.80569034426645
            ],
            4.405246391730671
        ],
        [
            [
                323.08665060410067,
                261.341594011772
            ],
            4.700156343209624
        ],
        [
            [
                181.14956727988934,
                503.42346780220527
            ],
            5.597650633675444
        ],
        [
            [
                378.3643614264842,
                368.43687910286366
            ],
            5.676545477501432
        ],
        [
            [
                478.75962979859116,
                147.81520223229833
            ],
            4.139220258254264
        ],
        [
            [
                432.3330617157508,
                324.7976607616743
            ],
            4.054453540629767
        ],
        [
            [
                300.0583485701469,
                388.19345870300475
            ],
            4.318486794513901
        ],
        [
            [
                167.09884736877322,
                440.30484720151054
            ],
            5.446130476934782
        ],
        [
            [
                434.1058022650237,
                52.00558677369705
            ],
            5.421304431530411
        ],
        [
            [
                406.41565628388526,
                122.27747942435535
            ],
            3.9212496715058514
        ],
        [
            [
                499.8068743373998,
                7.637230811987045
            ],
            4.329676516757472
        ],
        [
            [
                406.52845052494,
                281.5171037214819
            ],
            3.13852112049561
        ],
        [
            [
                497.9282071765229,
                427.90064595254586
            ],
            4.181741784688514
        ],
        [
            [
                440.36435041799115,
                28.25540511862433
            ],
            4.81369981025024
        ],
        [
            [
                362.71103153054736,
                41.559187691495254
            ],
            4.743068666202522
        ],
        [
            [
                16.163738231976957,
                203.61901988396647
            ],
            3.969540078509542
        ],
        [
            [
                160.15287454325073,
                166.69814856930824
            ],
            5.116912925038283
        ],
        [
            [
                161.25909093204717,
                495.01650555555324
            ],
            5.899883367599107
        ],
        [
            [
                340.7669715161405,
                419.16430326939735
            ],
            4.6205241391908585
        ],
        [
            [
                147.90507416952784,
                110.020766157845
            ],
            3.614466882240068
        ],
        [
            [
                57.695250244397045,
                291.29541244944386
            ],
            5.103893185997273
        ],
        [
            [
                139.28677194198076,
                390.0542308400096
            ],
            4.356029244345407
        ],
        [
            [
                385.65597202868395,
                346.8665878442791
            ],
            3.227118509264173
        ],
        [
            [
                289.7859173760719,
