{
    "start": [
        [
            23.78209825244509,
            61.374881412548135
        ],
        4.0
    ],
    "goal": [
        [
            500.9185789015912,
            425.89325302602407
        ],
        4.0
    ],
    "obstacles": [
        [
            [
                284.39262223262403,
                12.38445672858673
            ],
            4.389721093752623
        ],
        [
            [
                165.12668684492994,
                402.5650980620329
            ],
            4.1531612801516
        ],
        [
            [
                97.37371194396516,
                202.18135375635597
            ],
            5.628665832516447
        ],
        [
            [
                104.62572289684915,
                434.912084888515
            ],
            4.559923770239687
        ],
        [
            [
                466.6855467785367,
                134.8507767063896
            ],
            5.66164390940807
        ],
        [
            [
                190.37162202484635,
                298.2956604908154
            ],
            5.356263425371193
        ],
        [
            [
                218.39234880158682,
                237.7248973522172
            ],
            3.1605319851384186
        ],
        [
            [
                448.0365965295127,
                134.96562343221316
            ],
            4.052157315569392
        ],
        [
            [
                310.0390090655545,
                470.2873129615413
            ],
            3.4345761146666636
        ],
        [
            [
                135.99671659075327,
                259.11706951551366
            ],
            3.501043694486602
        ],
        [
            [
                453.1776829331322,
                500.53992118583824
            ],
            4.378063700112809
        ],
        [
            [
                415.3806125810561,
                269.83622395238655
            ],
            3.8575073127819337
        ],
        [
            [
                406.90572516572934,
                158.97935849285753
            ],
            5.381111546587533
        ],
        [
            [
                33.85635413444699,
                51.84668256714643
            ],
            4.539833912880034
        ],
        [
            [
                408.39036139124505,
                353.99047699823456
            ],
            4.846753133940997
        ],
        [
            [
                175.83917892837377,
                232.4961813263549
            ],
            4.9664927963681285
        ],
        [
            [
                312.25508163282024,
                23.416185732232837
            ],
            3.395920301411972
        ],
        [
            [
                381.2930172706982,
                33.11753670282395
            ],
            5.528768619313054
        ],
        [
            [
                303.12270731442203,
                150.21518733633403
            ],
            4.017085486582203
        ],
        [
            [
                500.19753490028,
                3.31720106993079
            ],
            3.2094073489440538
        ],
        [
            [
                95.89151524391627,
                336.8238323397731
            ],
            4.6913014036623295
        ],
        [
            [
                419.9073153518411,
                370.72253449095115
            ],
            3.528356430039991
        ],
        [
            [
                270.0279882993006,
                408.2177338121092
            ],
            4.147647215272771
        ],
        [
            [
                288.03951284029574,
                97.2611883792998
            ],
            5.178885504894396
        ],
        [
            [
                165.8437947048335,
                421.2063353416832
            ],
            4.91903210843679
        ],
        [
            [
                269.94397976479524,
                258.9934998103046
            ],
            3.012191680911753
        ],
        [
            [
                220.15707817961678,
                179.06868977508182
            ],
            3.2511637838622756
        ],
        [
            [
                94.47940385694064,
                114.12053752596833
            ],
            3.2688282570736993
        ],
        [
            [
                154.06984528694173,
                136.26983214271985
            ],
            5.056046271422268
        ],
        [
            [
                490.243023776062,
                170.0910924045734
            ],
            4.220112036903023
        ],
        [
            [
                83.50469687117447,
                223.16181899351898
            ],
            4.184378504799049
        ],
        [
            [
                397.63483692947636,
                492.37989189455374
            ],
            3.5293002916413516
        ],
        [
            [
                336.09378002694405,
                355.55839332789594
            ],
            3.9222734260549683
        ],
        [
            [
                468.2755355080225,
                166.82365236508792
            ],
            3.3123020666375025
        ],
        [
            [
                281.23478876988213,
                344.4789338343972
            ],
            3.588775566648243
        ],
        [
            [
                86.21916582596471,
                6.566313517315186
            ],
            5.3165191905574725
        ],
        [
            [
                329.720661470767,
                124.58156619838786
            ],
            4.527309913880442
        ],
        [
            [
                507.9095905267042,
                394.00489209780915
            ],
            3.9212550032241293
        ],
        [
            [
                67.67689043727154,
                23.813808420229464
            ],
            5.9579335153127335
        ],
        [
            [
                94.43909811179654,
                175.07005634138255
            ],
            3.5279061467113246
        ],
        [
            [
                210.4613632056016,
                71.9980787444267
            ],
            4.2500233225167845
        ],
        [
            [
                150.78577632945894,
                148.59305587841317
            ],
            4.496513630010201
        ],
        [
            [
                415.43594856973374,
                392.4819561306113
            ],
            4.257737353739917
        ],
        [
            [
                200.4777993735972,
                359.492617761709
            ],
            5.351482063006221
        ],
        [
            [
                63.943525392665876,
                63.859765295622346
            ],
            3.432619460904918
        ],
        [
            [
                253.10296301787506,
                411.33158261404895
            ],
            3.266498172126641
        ],
        [
            [
                355.7840748166995,
                115.82021291095224
            ],
            4.381434117527231
        ],
        [
            [
                60.920018031389674,
                323.16993220815806
            ],
            4.28095230888194
        ],
        [
            [
                124.97640301723,
                365.33626950565815
            ],
            3.966463165369481
        ],
        [
            [
                314.19572808978717,
                246.9458599297997
            ],
            5.038903300031876
        ],
        [
            [
                465.60313380659176,
                30.790249073810788
            ],
            3.2013676009749545
        ],
        [
            [
                397.61836733345024,
