{
    "start": [
        [
            16.981464792477325,
            84.67287226193973
        ],
        4.0
    ],
    "goal": [
        [
            486.49851772516104,
            184.08924098770905
        ],
        4.0
    ],
    "obstacles": [
        [
            [
                403.949444716935,
                289.56036132647677
            ],
            4.51676285431414
        ],
        [
            [
                343.4586237671699,
                164.5155510876718
            ],
            5.372898320270559
        ],
        [
            [
                385.49611833267574,
                96.30361109218025
            ],
            3.5075320106547925
        ],
        [
            [
                201.01278294514174,
                316.1534367473407
            ],
            5.097598419043354
        ],
        [
            [
                369.83483849750536,
                212.67702518910602
            ],
            3.4535574908487505
        ],
        [
            [
                329.5642662070236,
                325.54566575403817
            ],
            4.098019824190354
        ],
        [
            [
                100.72980326595551,
                128.69400278401392
            ],
            5.097716087732291
        ],
        [
            [
                160.74161848182285,
                314.6409699976219
            ],
            3.123709485693518
        ],
        [
            [
                170.84889251536086,
                392.8109771901805
            ],
            5.381700678084938
        ],
        [
            [
                385.46909218252426,
                312.9400803208223
            ],
            5.319672422321943
        ],
        [
            [
                192.62502467285188,
                25.46964438482857
            ],
            3.563240654319039
        ],
        [
            [
                173.614856164479,
                87.19707023751936
            ],
            4.607195364381798
        ],
        [
            [
                106.27759311817867,
                181.20969118621932
            ],
            3.8392787045286476
        ],
        [
            [
                80.84473566763869,
                105.08117078076735
            ],
            4.215347973901279
        ],
        [
            [
                383.2900198787521,
                189.39643377258778
            ],
            5.699840352744974
        ],
        [
            [
                452.6959692050345,
                139.81713798221207
            ],
            3.2464285027207156
        ],
        [
            [
                104.94842904345022,
                430.6030609750426
            ],
            3.693637302052871
        ],
        [
            [
                184.22755155471853,
                365.7072464856359
            ],
            3.7793722234915372
        ],
        [
            [
                238.22105895198956,
                328.7659829377167
            ],
            3.0111414126653635
        ],
        [
            [
                285.24851261598053,
                33.287940589027855
            ],
            3.690987671296794
        ],
        [
            [
                123.88449453387715,
                384.189400347904
            ],
            5.1110602033681864
        ],
        [
            [
                238.83494674197587,
                262.1271298991266
            ],
            3.058596620481654
        ],
        [
            [
                90.9604251410579,
                348.41071966827934
            ],
            4.173150785688572
        ],
        [
            [
                118.81312668388604,
                281.5963254179161
            ],
            4.003286923001492
        ],
        [
            [
                500.8338723757328,
                55.466210525984934
            ],
            4.044409429292233
        ],
        [
            [
                273.11690713223226,
                485.9316050884767
            ],
            3.5122015861446787
        ],
        [
            [
                166.16831087031088,
                264.02122683815077
            ],
            4.211612969101106
        ],
        [
            [
                328.69414235777566,
                220.8247814883877
            ],
            3.7807358648903167
        ],
        [
            [
                103.27962932100533,
                170.11666890738633
            ],
            3.3030956713929385
        ],
        [
            [
                338.35771557650605,
                29.97749923771741
            ],
            5.64726915535212
        ],
        [
            [
                353.25983194229167,
                41.97144746244554
            ],
            3.217052992030016
        ],
        [
            [
                130.6495552597799,
                213.38657265945906
            ],
            5.354826901400636
        ],
        [
            [
                359.87757067553304,
                274.27448630073764
            ],
            4.82893870180688
        ],
        [
            [
                145.66819899026885,
                412.9262162520239
            ],
            5.821871814226647
        ],
        [
            [
                219.6872324769922,
                27.553214633824723
            ],
            5.268263972567177
        ],
        [
            [
                254.63709167895507,
                87.14544662998922
            ],
            5.843266594584093
        ],
        [
            [
                278.6528293845256,
                229.38262639745176
            ],
            4.1518763917840324
        ],
        [
            [
                427.6131158087458,
                198.60037424141663
            ],
            3.4272804520501596
        ],
        [
            [
                394.2317757379377,
                449.6957927458659
            ],
            4.84800615362664
        ],
        [
            [
                175.91169907668373,
                180.22027756473136
            ],
            4.122125442606261
        ],
        [
            [
                104.9588913305745,
                344.8315444864054
            ],
            5.107403069918377
        ],
        [
            [
                312.8210434665419,
                469.1020424106821
            ],
            3.3451965051201373
        ],
        [
            [
                56.46250339651682,
                299.82321966841215
            ],
            5.662336828777151
        ],
        [
            [
                334.642321468253,
                188.50049720538675
            ],
            3.544085001703472
        ],
        [
            [
                430.9698653758282,
                140.060866211713
            ],
            3.2116106888942437
        ],
        [
            [
                484.6336741950392,
                267.5577546210998
            ],
            5.37549243617899
        ],
        [
            [
                78.74341711833326,
                44.859135046890685
            ],
            4.403353209968141
        ],
        [
            [
                151.70005466403717,
                131.04162540081168
            ],
            3.9293702089561986
        ],
        [
            [
                85.61153417946028,
                432.0550048436215
            ],
            4.248696554512029
        ],
        [
            [
                277.145545282676,
                467.5807989699611
            ],
            5.247007697650247
        ],
        [
            [
                157.34376189808822,
                355.4158135860318
            ],
            4.27098956838584
        ],
        [
            [
                435.3073090044416,
