{
    "start": [
        [
            22.35153503168743,
            487.2490308338973
        ],
        4.0
    ],
    "goal": [
        [
            491.447407338606,
            49.732906420361694
        ],
        4.0
    ],
    "obstacles": [
        [
            [
                102.93825254159655,
                104.84596886229325
            ],
            3.6960459756822144
        ],
        [
            [
                240.25863434529927,
                408.1812400297413
            ],
            5.42858504021837
        ],
        [
            [
                270.5715142181942,
                409.89106450426294
            ],
            5.743023162437078
        ],
        [
            [
                150.9747421604031,
                357.9191172458871
            ],
            5.95738952148266
        ],
        [
            [
                214.59154710514014,
                18.8070672298143
            ],
            4.917586304013746
        ],
        [
            [
                290.5624335061276,
                418.59377693490615
            ],
            3.9094207753518533
        ],
        [
            [
                433.95831410502507,
                437.7418418080749
            ],
            4.488661278754435
        ],
        [
            [
                332.40107696702097,
                445.4811355879236
            ],
            4.265540942243349
        ],
        [
            [
                71.2698339588642,
                95.39875010244903
            ],
            5.4129317228783655
        ],
        [
            [
                391.2083833962385,
                214.66432069808346
            ],
            5.006447532616862
        ],
        [
            [
                55.72580425979068,
                152.00425069774505
            ],
            5.23680758164333
        ],
        [
            [
                329.9582806885518,
                24.298742884076916
            ],
            5.476397574406603
        ],
        [
            [
                433.0847212297641,
                497.68287612102245
            ],
            3.533670131218096
        ],
        [
            [
                73.29084899074164,
                459.1220217637509
            ],
            3.774847815473658
        ],
        [
            [
                284.9527794455151,
                313.1499656999569
            ],
            4.806126030847706
        ],
        [
            [
                172.7921925095947,
                7.78303410614938
            ],
            3.2728362128548527
        ],
        [
            [
                244.6841537062416,
                171.9551366594184
            ],
            4.369136264704498
        ],
        [
            [
                205.8756348091934,
                428.6390323309047
            ],
            4.72346447211223
        ],
        [
            [
                418.7038688597351,
                26.976734227368077
            ],
            3.2610208396328515
        ],
        [
            [
                486.475861563452,
                461.439910473229
            ],
            4.8250713235320974
        ],
        [
            [
                472.7927526553624,
                355.72085535918313
            ],
            4.861365862011655
        ],
        [
            [
                474.103183137125,
                409.81186121064576
            ],
            4.574880939770776
        ],
        [
            [
                475.7980922345797,
                278.3025704770924
            ],
            3.0389189298824304
        ],
        [
            [
                88.25688307834284,
                182.89814107661573
            ],
            3.5639451912950184
        ],
        [
            [
                66.3269847669953,
                11.318894517811884
            ],
            4.334380187710429
        ],
        [
            [
                268.7679564595391,
                460.00854733696167
            ],
            4.874139815351484
        ],
        [
            [
                189.31748327963064,
                467.34205293224835
            ],
            3.4857026137693237
        ],
        [
            [
                98.68495543160292,
                371.3934828999404
            ],
            4.064477022397
        ],
        [
            [
                413.5572848079508,
                440.17133283043376
            ],
            3.760396771670709
        ],
        [
            [
                125.57919375920055,
                329.7168564155595
            ],
            4.951640593439572
        ],
        [
            [
                492.3598962030695,
                218.8649924288731
            ],
            4.719535639054808
        ],
        [
            [
                63.983272220225125,
                241.1905138669662
            ],
            3.940897988606193
        ],
        [
            [
                446.6656628933664,
                296.39899470227374
            ],
            4.331519108276721
        ],
        [
            [
                224.34804474079257,
                315.8982223071168
            ],
            5.582514311679985
        ],
        [
            [
                19.468462410451636,
                478.1068689727018
            ],
            5.538902459722286
        ],
        [
            [
                152.6540474091394,
                494.4493642681292
            ],
            5.834332470823034
        ],
        [
            [
                478.284419673266,
                322.0932447213062
            ],
            3.1895216345130137
        ],
        [
            [
                167.6483097902169,
                371.8625442030268
            ],
            4.163289952370707
        ],
        [
            [
                194.77984259499686,
                118.24529533770009
            ],
            4.536983073274589
        ],
        [
            [
                388.0910453917626,
                147.43973119409603
            ],
            5.172154988129568
        ],
        [
            [
                232.6630982747699,
                473.24927031877286
            ],
            5.504348450897632
        ],
        [
            [
                487.72976285275865,
                499.6498466873862
            ],
            4.496623054628658
        ],
        [
            [
                164.7785764736506,
                184.2401865289563
            ],
            5.743260790279129
        ],
        [
            [
                77.4275429915262,
                130.25593751228905
            ],
            3.96113359307235
        ],
        [
            [
                319.02514198996346,
                432.5524251232441
            ],
            3.325234721932502
        ],
        [
            [
                34.37599278690827,
                224.06799830632104
            ],
            4.502144291418112
        ],
        [
            [
                492.9922059830591,
                299.28332548443956
            ],
            4.548887930755871
        ],
        [
            [
                273.80434387865307,
                117.38567530409705
            ],
            3.6166851917269147
        ],
        [
            [
                435.3086019242681,
                394.3679600143689
            ],
            4.652963545035553
        ],
        [
            [
                306.0486382169072,
                435.1591104202449
            ],
            3.386593812730577
        ],
        [
            [
                277.0165982243043,
                188.81162669231065
            ],
            5.165781243171879
        ],
        [
            [
                277.57382330543027,
                54.44020457646761
            ],
