{
    "start": [
        [
            7.917412079951894,
            11.122353092474569
        ],
        4.0
    ],
    "goal": [
        [
            496.24111105720624,
            227.18927350434666
        ],
        4.0
    ],
    "obstacles": [
        [
            [
                478.1039696842468,
                229.68651870974517
            ],
            3.870319990460811
        ],
        [
            [
                110.14872641717218,
                35.30908364216978
            ],
            3.1199607781073273
        ],
        [
            [
                91.84365747438707,
                276.3120802806934
            ],
            4.938887017046172
        ],
        [
            [
                482.2413967681342,
                180.57119354582096
            ],
            5.311818519822882
        ],
        [
            [
                277.9195113236661,
                433.3093248465554
            ],
            4.030847838903716
        ],
        [
            [
                403.19407306843374,
                39.5103689210037
            ],
            4.597147274563827
        ],
        [
            [
                283.972818107663,
                185.49919933451596
            ],
            4.768791409491772
        ],
        [
            [
                116.40644331048327,
                161.54276112112115
            ],
            5.849729366893664
        ],
        [
            [
                45.63336639687084,
                382.66878422233674
            ],
            4.387940970095814
        ],
        [
            [
                404.82055341473875,
                134.81137979840418
            ],
            3.397286799516347
        ],
        [
            [
                212.79864160591183,
                402.8098734211603
            ],
            3.4874924859973366
        ],
        [
            [
                364.9607448413495,
                204.3820565982821
            ],
            3.918003273254581
        ],
        [
            [
                460.2628836146439,
                195.3150735771887
            ],
            3.9646666530778654
        ],
        [
            [
                65.53124581610328,
                503.33577408974526
            ],
            5.293065136784074
        ],
        [
            [
                138.43441557864026,
                256.1166297613448
            ],
            5.131784758958704
        ],
        [
            [
                67.2733541793176,
                169.23509114718013
            ],
            3.8376460958761154
        ],
        [
            [
                138.46305745672126,
                115.32951894204781
            ],
            5.193754575115774
        ],
        [
            [
                197.73300007560735,
                280.5855458406007
            ],
            4.6143354780762555
        ],
        [
            [
                475.05576930575467,
                288.9982787772941
            ],
            5.899503060003481
        ],
        [
            [
                43.02259994278161,
                192.0871198527279
            ],
            5.418991959040621
        ],
        [
            [
                297.00245306598373,
                203.77247419136748
            ],
            4.989559739658093
        ],
        [
            [
                397.54889891092694,
                18.551532916017653
            ],
            4.866530007692556
        ],
        [
            [
                149.0453613200859,
                13.358432080163755
            ],
            4.876713641739995
        ],
        [
            [
                467.49535024232154,
                298.38831197966294
            ],
            4.833773077871559
        ],
        [
            [
                425.4622374524474,
                381.9887388001446
            ],
            4.494473630551216
        ],
        [
            [
                25.625143132792424,
                215.48427642432142
            ],
            5.983824608738141
        ],
        [
            [
                99.25370500566665,
                218.3510494211456
            ],
            5.136163133946596
        ],
        [
            [
                364.13838484123266,
                37.854957685565374
            ],
            3.468708567473895
        ],
        [
            [
                293.3668202546473,
                179.8364643956438
            ],
            4.176178979132184
        ],
        [
            [
                298.82881116127896,
                100.26647018344575
            ],
            3.8621529253328974
        ],
        [
            [
                167.47618467943659,
                405.15002400137786
            ],
            3.51058655286839
        ],
        [
            [
                399.02792284094255,
                507.4051252362095
            ],
            3.0834578744638463
        ],
        [
            [
                496.30604643154373,
                41.98113509864591
            ],
            5.429821962741238
        ],
        [
            [
                207.3318547193985,
                20.306506063044925
            ],
            3.8162184190601525
        ],
        [
            [
                363.81596070885075,
                172.0176903966725
            ],
            5.799751261542382
        ],
        [
            [
                111.63714517376754,
                48.94280228388452
            ],
            5.765520004848194
        ],
        [
            [
                176.82446788592955,
                345.06688744157293
            ],
            5.703093154226829
        ],
        [
            [
                330.1074986332738,
                223.51312804849803
            ],
            4.857667830579228
        ],
        [
            [
                256.1429587107544,
                476.99476069721777
            ],
            3.417158746153019
        ],
        [
            [
                417.03063169217,
                61.517166353566125
            ],
            3.092327646970917
        ],
        [
            [
                285.19987865566696,
                377.2662330970449
            ],
            5.159708700831381
        ],
        [
            [
                496.23692215813094,
                463.69339210072127
            ],
            3.1460908785866515
        ],
        [
            [
                258.0021580189184,
                99.04386551128266
            ],
            5.228138220405484
        ],
        [
            [
                9.930288774939381,
                499.5423243123464
            ],
            5.022456375377568
        ],
        [
            [
                38.271936750886624,
                433.3329576529517
            ],
            3.539381666207126
        ],
        [
            [
                500.0017509126472,
                276.59866584014577
            ],
            3.2515302158232666
        ],
        [
            [
                85.73903091333563,
                52.06421748743948
            ],
            5.885003480805892
        ],
        [
            [
                19.978371077220864,
                426.4502616179177
            ],
            4.473908849810828
        ],
        [
            [
                382.94933744699176,
                92.34634744025908
            ],
            3.2768312219578766
        ],
        [
            [
                186.81263533446713,
                467.77312970561786
            ],
            4.227063903070142
        ],
        [
            [
                331.6133278422055,
                238.5020421527116
            ],
            4.456602732567285
        ],
        [
            [
                506.93138738090676,
