{
    "start": [
        [
            4.434586358495169,
            422.1540034395227
        ],
        4.0
    ],
    "goal": [
        [
            499.88613688625856,
            260.30239922097087
        ],
        4.0
    ],
    "obstacles": [
        [
            [
                412.60220912792494,
                68.62495989278989
            ],
            4.856136866671664
        ],
        [
            [
                116.76462733710538,
                425.8940389502271
            ],
            3.5674102423712886
        ],
        [
            [
                357.84031095889753,
                54.98209280044449
            ],
            5.043216822284083
        ],
        [
            [
                317.3487224439042,
                26.817844243232486
            ],
            4.765195044476749
        ],
        [
            [
                127.11870562809183,
                342.8092867692844
            ],
            4.852463870164784
        ],
        [
            [
                423.7185395610857,
                140.8192083553588
            ],
            3.2992546551040567
        ],
        [
            [
                200.840062272455,
                100.16424559111908
            ],
            5.193227388452676
        ],
        [
            [
                456.4058195197051,
                347.7049983178059
            ],
            5.079445632359704
        ],
        [
            [
                184.95180593479063,
                32.84737690237414
            ],
            5.821627842746816
        ],
        [
            [
                152.25257319361506,
                237.13663720840145
            ],
            5.537897738215845
        ],
        [
            [
                253.38264998428787,
                115.03310611980399
            ],
            3.5192597508980725
        ],
        [
            [
                404.1085186977799,
                26.69449950158375
            ],
            5.482042769486705
        ],
        [
            [
                469.0221923927084,
                243.14357655505464
            ],
            3.3644170379822014
        ],
        [
            [
                348.9519767555868,
                93.83586890908609
            ],
            4.480164117404458
        ],
        [
            [
                476.55344111546265,
                73.96366478432195
            ],
            5.632164118584859
        ],
        [
            [
                248.06758608363216,
                478.7630062225842
            ],
            4.670095153288946
        ],
        [
            [
                365.3380705550133,
                359.37576837093883
            ],
            5.8476419918937
        ],
        [
            [
                259.4180695587272,
                338.7036583907154
            ],
            4.96521348712606
        ],
        [
            [
                92.12500640582817,
                389.82536589815425
            ],
            5.429932449280752
        ],
        [
            [
                6.818761485755458,
                132.22737644980003
            ],
            5.344092374060187
        ],
        [
            [
                10.113995199452749,
                403.6328402627282
            ],
            4.6125199143143485
        ],
        [
            [
                476.88184836318527,
                110.76346060015283
            ],
            5.306000455674335
        ],
        [
            [
                252.32388940409456,
                460.0455382654519
            ],
            5.03760420092566
        ],
        [
            [
                308.2506574994981,
                379.92851558097254
            ],
            3.3615659811050587
        ],
        [
            [
                365.2735512185431,
                273.44037717713303
            ],
            5.881280745727629
        ],
        [
            [
                256.81064727962104,
                104.80457675521527
            ],
            3.437890222532239
        ],
        [
            [
                483.7357095827434,
                272.0402884292125
            ],
            3.6124239910317173
        ],
        [
            [
                419.46422017110535,
                445.56557430733704
            ],
            3.092976534721262
        ],
        [
            [
                203.30059072678458,
                139.94207760681394
            ],
            4.773425344898801
        ],
        [
            [
                6.995469760498379,
                295.6719251783925
            ],
            5.776886234659977
        ],
        [
            [
                220.85625872129634,
                143.4462989804667
            ],
            3.345824091252808
        ],
        [
            [
                269.47412799861695,
                461.511598010625
            ],
            4.602165100446324
        ],
        [
            [
                306.86319915164967,
                255.3424643671419
            ],
            5.5545221928922555
        ],
        [
            [
                354.30485062819537,
                233.08595099587816
            ],
            3.6758461490985592
        ],
        [
            [
                138.03515430214532,
                261.2966241596932
            ],
            3.7006481005820624
        ],
        [
            [
                11.058937012670592,
                19.99425780627475
            ],
            5.370432705944284
        ],
        [
            [
                52.496598038584466,
                328.2289908704824
            ],
            5.273739717235124
        ],
        [
            [
                39.88487298398821,
                245.42496938118745
            ],
            3.9395846688147076
        ],
        [
            [
                173.68668772460768,
                145.21503749662236
            ],
            3.6192725421791736
        ],
        [
            [
                501.52722462072916,
                185.41826963429023
            ],
            4.404493233640918
        ],
        [
            [
                407.1507524949116,
                288.629245841394
            ],
            3.9567371892142598
        ],
        [
            [
                234.76223513296284,
                349.2527678040592
            ],
            3.235863115642692
        ],
        [
            [
                340.97339450470497,
                150.13545628101824
            ],
            4.016468893567572
        ],
        [
            [
                447.1715421503028,
                449.88546768310886
            ],
            4.391935636725998
        ],
        [
            [
                479.8549500660762,
                250.0463282905212
            ],
            4.879393487463306
        ],
        [
            [
                192.83699045907326,
                468.6679438500758
            ],
            4.024240894850411
        ],
        [
            [
                496.8765535436156,
                130.48174918161166
            ],
            5.622616720840524
        ],
        [
            [
                210.75454513593237,
                253.73414935516607
            ],
            5.934672618168694
        ],
        [
            [
                110.40574311857425,
                371.93366870972426
            ],
            5.863002964723763
        ],
        [
            [
                130.86971291623234,
                66.3048193601824
            ],
            4.986655857829877
        ],
        [
            [
                24.422122179732526,
                367.85122223072887
            ],
            5.398396495649225
        ],
        [
            [
                487.95343181261217,
