{
    "start": [
        [
            9.581044432998027,
            341.61323213518574
        ],
        4.0
    ],
    "goal": [
        [
            486.51553967164017,
            248.1394218878686
        ],
        4.0
    ],
    "obstacles": [
        [
            [
                103.52896119861828,
                117.81688749597129
            ],
            3.0177944871246964
        ],
        [
            [
                370.6681405203064,
                111.17399842434767
            ],
            4.277190583258296
        ],
        [
            [
                414.05292113802244,
                218.39906087370412
            ],
            3.1912507110840664
        ],
        [
            [
                8.462616577740434,
                15.62839870618118
            ],
            5.118571308629633
        ],
        [
            [
                157.85789786107082,
                34.89891530840733
            ],
            5.302103359422203
        ],
        [
            [
                481.43060003501495,
                10.318618428666587
            ],
            5.83036058231285
        ],
        [
            [
                408.0765095999772,
                10.672049641080717
            ],
            3.309815798269767
        ],
        [
            [
                339.48986141203665,
                422.58253488277614
            ],
            4.483923040514784
        ],
        [
            [
                144.63250458387816,
                477.5387731519577
            ],
            3.7197581010333565
        ],
        [
            [
                349.8154029790311,
                284.5211615495887
            ],
            4.41454885009007
        ],
        [
            [
                357.8720135278942,
                379.40861148897795
            ],
            3.350892153490329
        ],
        [
            [
                507.17530849576303,
                333.7056159298315
            ],
            3.6814805201825505
        ],
        [
            [
                436.3638183314095,
                182.93247784610924
            ],
            3.686493172770418
        ],
        [
            [
                48.698708946192305,
                137.6088940103854
            ],
            3.9680121384719906
        ],
        [
            [
                489.5110696275613,
                19.607658394415242
            ],
            5.067722793789007
        ],
        [
            [
                283.19547163563544,
                159.0112649555767
            ],
            5.217273950769074
        ],
        [
            [
                246.96819745070906,
                339.2569629630344
            ],
            4.831513837475558
        ],
        [
            [
                83.4833331386398,
                383.25387405944525
            ],
            4.715624829883506
        ],
        [
            [
                189.2922296821697,
                260.72821378001015
            ],
            4.467269477804011
        ],
        [
            [
                53.69862303581182,
                65.9557684489619
            ],
            3.296200093161741
        ],
        [
            [
                391.78015281651926,
                223.44740982870894
            ],
            3.721529753060105
        ],
        [
            [
                189.82895462849734,
                17.87642137873167
            ],
            3.6684437182439806
        ],
        [
            [
                444.6490548099833,
                284.6171539265598
            ],
            3.217683385023212
        ],
        [
            [
                413.97635588781924,
                375.5446050220942
            ],
            3.6610757218155534
        ],
        [
            [
                473.421180339978,
                440.96428099112495
            ],
            4.361861940259265
        ],
        [
            [
                97.88774242153568,
                59.24163628714431
            ],
            4.6950025004686315
        ],
        [
            [
                82.69890688700451,
                109.07197511374193
            ],
            5.025814939457577
        ],
        [
            [
                454.6522656861745,
                281.282649592728
            ],
            3.103255194712313
        ],
        [
            [
                430.8118158407483,
                421.04810628318694
            ],
            5.903204934286427
        ],
        [
            [
                89.055776325975,
                361.3154663449018
            ],
            5.507452715329379
        ],
        [
            [
                163.98719551051082,
                469.8804575888946
            ],
            3.649116502878204
        ],
        [
            [
                312.80738981899026,
                413.8658939652745
            ],
            5.197256363428608
        ],
        [
            [
                324.66349840153725,
                277.8929149496636
            ],
            3.8228051603599615
        ],
        [
            [
                502.9826908018363,
                159.57593299767328
            ],
            5.244661628842895
        ],
        [
            [
                211.6431516727885,
                85.37441994537214
            ],
            3.8647734484877283
        ],
        [
            [
                493.4962848784271,
                127.94268228479797
            ],
            5.863011345512438
        ],
        [
            [
                96.4554856526537,
                175.24882237006324
            ],
            5.439176178261935
        ],
        [
            [
                319.5131221256599,
                41.05471995825794
            ],
            3.2475457412010647
        ],
        [
            [
                308.7052779546776,
                314.23746699643476
            ],
            4.584090179851715
        ],
        [
            [
                403.4076464944484,
                54.62258483864718
            ],
            3.4293615383641614
        ],
        [
            [
                176.64575897028394,
                336.09342663522847
            ],
            5.191900345875256
        ],
        [
            [
                302.4603408481798,
                64.469416021219
            ],
            5.693276340656513
        ],
        [
            [
                479.7307035729919,
                281.37048419039735
            ],
            5.606327542628154
        ],
        [
            [
                45.009901109005646,
                381.8962284176248
            ],
            4.634986705264214
        ],
        [
            [
                370.9999852807439,
                486.58813792736106
            ],
            5.581119653891415
        ],
        [
            [
                450.04559554979386,
                81.89376705950475
            ],
            3.1373995865135385
        ],
        [
            [
                134.94884998965875,
                86.65898741210874
            ],
            5.958554291463958
        ],
        [
            [
                425.70624984547806,
                29.89057478851952
            ],
            5.6081778088726955
        ],
        [
            [
                175.35238577269106,
                225.04038788653904
            ],
            5.5019334831461295
        ],
        [
            [
                437.3421671123235,
                460.11369350497887
            ],
            4.951560119405915
        ],
        [
            [
                343.7106772235875,
                407.45344828895287
            ],
            4.3837581749122325
        ],
        [
            [
                479.934888180414,
                387.9006921986314
