{
    "start": [
        [
            4.777738085501462,
            59.92796800619658
        ],
        4.0
    ],
    "goal": [
        [
            494.47272477153274,
            216.1254826139023
        ],
        4.0
    ],
    "obstacles": [
        [
            [
                397.8952768126125,
                89.34650923971549
            ],
            3.5938292873174373
        ],
        [
            [
                257.3933736192236,
                226.0659674027663
            ],
            4.816497679602476
        ],
        [
            [
                397.22324971845376,
                448.399206805081
            ],
            3.854539902205949
        ],
        [
            [
                236.31987461976072,
                498.3044090075025
            ],
            5.139930479972113
        ],
        [
            [
                318.6103309997234,
                445.2758023728376
            ],
            3.4491628947773654
        ],
        [
            [
                340.95497560644736,
                68.26275945611081
            ],
            3.751778100964827
        ],
        [
            [
                225.82279980584758,
                272.92451218609347
            ],
            5.7895353062223105
        ],
        [
            [
                269.038200319871,
                364.92033504565103
            ],
            4.363684828561361
        ],
        [
            [
                236.5736409125344,
                329.15061217910227
            ],
            4.900258894522107
        ],
        [
            [
                96.68202214343745,
                258.60733633735487
            ],
            4.4728496424428
        ],
        [
            [
                347.42722896220556,
                89.54505823372206
            ],
            5.197495914344845
        ],
        [
            [
                181.95489717768902,
                111.52432230517827
            ],
            5.1712590431898295
        ],
        [
            [
                387.356207189908,
                506.41336642482634
            ],
            4.980367106919637
        ],
        [
            [
                165.6712203065371,
                201.27431687172387
            ],
            4.773222747733008
        ],
        [
            [
                391.2170066061354,
                496.8597987632417
            ],
            3.0837302391336063
        ],
        [
            [
                188.61819887553386,
                352.95603993127946
            ],
            4.90600803916104
        ],
        [
            [
                218.08685131460345,
                393.6619528452073
            ],
            4.463490048303724
        ],
        [
            [
                53.202093749253436,
                395.38605473872053
            ],
            4.973747031805094
        ],
        [
            [
                25.425220440353623,
                273.04716261338126
            ],
            4.2626814972692175
        ],
        [
            [
                82.34792267065649,
                340.700800985875
            ],
            4.214867746999644
        ],
        [
            [
                252.44528597145086,
                258.1876044449616
            ],
            3.3819397550737724
        ],
        [
            [
                82.6117714402844,
                304.95217405134264
            ],
            4.511863649819974
        ],
        [
            [
                364.558568358561,
                467.5548857381563
            ],
            3.3677957193215184
        ],
        [
            [
                5.438699118731414,
                406.6013061237799
            ],
            5.264905535587459
        ],
        [
            [
                42.6018405632341,
                336.91060969129575
            ],
            5.4725903084811245
        ],
        [
            [
                163.55553768327582,
                228.36552923153013
            ],
            5.53123087395326
        ],
        [
            [
                133.62252165311293,
                394.02524789037244
            ],
            3.76477162100893
        ],
        [
            [
                183.71266168601818,
                161.78052393421513
            ],
            4.804420660533637
        ],
        [
            [
                347.5500878882651,
                323.507136496206
            ],
            4.451070532746414
        ],
        [
            [
                304.8547327969425,
                323.60011173433855
            ],
            3.766677717754512
        ],
        [
            [
                85.27336443177049,
                316.65891047555186
            ],
            3.0203374299979293
        ],
        [
            [
                234.38794391846534,
                380.76759504201783
            ],
            5.776075699826857
        ],
        [
            [
                110.28525840541238,
                24.908463074756337
            ],
            5.10370708980183
        ],
        [
            [
                213.28693850626024,
                244.4508149743794
            ],
            3.1100477754428146
        ],
        [
            [
                224.49019817009184,
                114.98885754948911
            ],
            4.119451400357858
        ],
        [
            [
                460.17880358022626,
                311.32371654710954
            ],
            3.6324812040229735
        ],
        [
            [
                420.116947660534,
                348.5607054760138
            ],
            3.5377782529253534
        ],
        [
            [
                405.82627381834124,
                362.8995960276332
            ],
            4.168122406297711
        ],
        [
            [
                360.8342840598021,
                119.63589838066623
            ],
            5.235597652422863
        ],
        [
            [
                145.28524063344972,
                159.62083823731092
            ],
            3.36230410660823
        ],
        [
            [
                42.780628522025324,
                478.9190251968813
            ],
            5.704576358229334
        ],
        [
            [
                216.11640672692894,
                254.05386336937556
            ],
            5.09348665205162
        ],
        [
            [
                230.8500202146913,
                444.0538325328884
            ],
            3.787028366769743
        ],
        [
            [
                459.54586952105353,
                323.4769075582557
            ],
            4.317934274853955
        ],
        [
            [
                402.73945336409054,
                375.48274752513737
            ],
            4.368173064985019
        ],
        [
            [
                188.35711582962608,
                299.32970313412187
            ],
            4.325350932205545
        ],
        [
            [
                274.56920009106676,
                442.0684709889189
            ],
            3.429455801952673
        ],
        [
            [
                400.7943826720734,
                99.07563029501772
            ],
            4.602098721517931
        ],
        [
            [
                479.1024001355519,
                163.443730177572
            ],
            3.7099068285298804
        ],
        [
            [
                389.6858759180864,
                111.04819757763806
            ],
            4.973879719331106
        ],
        [
            [
                502.0913828405478,
                312.52216790812923
            ],
            3.3614921870996337
        ],
        [
            [
                31.8119243430747,
                359.4939701839187
