{
    "start": [
        [
            25.85781617859017,
            150.35234576154735
        ],
        4.0
    ],
    "goal": [
        [
            490.56695829836445,
            485.0618361194554
        ],
        4.0
    ],
    "obstacles": [
        [
            [
                140.56616832384984,
                40.56156496017646
            ],
            5.4773340017782415
        ],
        [
            [
                280.09563146377343,
                267.1466567376888
            ],
            5.67370609294592
        ],
        [
            [
                446.5799207103498,
                139.45878885376362
            ],
            4.77009534496753
        ],
        [
            [
                201.6676621614453,
                407.98442982469084
            ],
            5.194410963937571
        ],
        [
            [
                338.37170713989195,
                400.94697060842526
            ],
            3.3012864692726573
        ],
        [
            [
                164.42322193335593,
                144.2959350879928
            ],
            4.706565826872143
        ],
        [
            [
                88.38496721006067,
                93.99837467256691
            ],
            5.442574274400378
        ],
        [
            [
                279.2184636017796,
                363.5383502707368
            ],
            4.3313350251177445
        ],
        [
            [
                484.3360073973202,
                469.96893291837415
            ],
            4.340558026289676
        ],
        [
            [
                128.67156632820053,
                435.2451944344839
            ],
            3.0048535362538056
        ],
        [
            [
                311.01588230162474,
                426.5419865911019
            ],
            5.851090034362418
        ],
        [
            [
                17.7989326090022,
                384.54709348696656
            ],
            3.5423692961885407
        ],
        [
            [
                173.51333859423536,
                12.73059039108376
            ],
            4.010908727642102
        ],
        [
            [
                332.372082351449,
                66.54728764590818
            ],
            4.500041873304351
        ],
        [
            [
                68.1806893409867,
                205.45638997231416
            ],
            5.905940483967831
        ],
        [
            [
                465.06219689605996,
                337.8792062251596
            ],
            5.500592007137558
        ],
        [
            [
                181.95739363653226,
                170.90836179938742
            ],
            4.656311736915804
        ],
        [
            [
                320.2968674685197,
                374.90260173683936
            ],
            3.3675664713530993
        ],
        [
            [
                216.74877877685662,
                357.4221055333294
            ],
            3.827326197572544
        ],
        [
            [
                113.67922156698509,
                101.53907524372488
            ],
            4.423625539910875
        ],
        [
            [
                62.21797470347812,
                193.51110416253422
            ],
            3.3906125006568986
        ],
        [
            [
                6.173522926192608,
                316.9110146637562
            ],
            5.304142274983826
        ],
        [
            [
                311.1161561626783,
                443.84767804805375
            ],
            5.068902531455844
        ],
        [
            [
                165.29252223012747,
                490.11012507335573
            ],
            4.384311614818545
        ],
        [
            [
                343.21777109387085,
                280.53182989618944
            ],
            5.115289651967953
        ],
        [
            [
                176.38923874141224,
                212.3353537912182
            ],
            3.0292233314484065
        ],
        [
            [
                121.27745872456069,
                438.58545144233636
            ],
            4.827947688287209
        ],
        [
            [
                175.34042102422978,
                77.78140591656293
            ],
            5.468305108703877
        ],
        [
            [
                80.07962833078417,
                490.408847017192
            ],
            5.926800391399781
        ],
        [
            [
                85.05709196469333,
                322.5954889603683
            ],
            4.332493666540843
        ],
        [
            [
                290.6850029037646,
                357.69595773465005
            ],
            4.491621630081539
        ],
        [
            [
                413.09987178201504,
                6.7355859324104905
            ],
            3.1201299101934685
        ],
        [
            [
                176.14119894171924,
                129.30137127744624
            ],
            4.948006324685485
        ],
        [
            [
                458.49173700950735,
                466.77831060155853
            ],
            3.825775693792144
        ],
        [
            [
                5.875780799731303,
                53.51986348918131
            ],
            4.970090023248674
        ],
        [
            [
                209.07338377283688,
                314.2597473707632
            ],
            3.774670460421408
        ],
        [
            [
                312.35256655954043,
                63.984063530754995
            ],
            4.76607889540596
        ],
        [
            [
                188.85784751032253,
                179.6790835490882
            ],
            3.7610295326810235
        ],
        [
            [
                350.4516602262033,
                201.00225161170127
            ],
            5.110863772536245
        ],
        [
            [
                194.987146019722,
                171.3835665594728
            ],
            4.781911389291331
        ],
        [
            [
                254.96704950897382,
                241.69096943273576
            ],
            3.9694790018296775
        ],
        [
            [
                373.2000121695748,
                497.36833540964415
            ],
            5.594964167975316
        ],
        [
            [
                245.22904226524153,
                376.7332709568384
            ],
            3.5826031204996833
        ],
        [
            [
                362.33166870416625,
                243.83103677981177
            ],
            3.1050420865826003
        ],
        [
            [
                482.565384869669,
                338.6284068362923
            ],
            3.8690049736329364
        ],
        [
            [
                436.9689099020444,
                144.69286900361294
            ],
            5.50288345634398
        ],
        [
            [
                278.8068903807721,
                193.67321193150062
            ],
            5.970991344068112
        ],
        [
            [
                73.10445113768752,
                238.0689279711543
            ],
            5.5164836546390426
        ],
        [
            [
                29.41050988157465,
                100.29257387858348
            ],
            3.4726620884515387
        ],
        [
            [
                370.4469384466314,
                156.00725125642876
            ],
            3.298340364945077
        ],
        [
            [
                364.7061274668503,
                411.419814351017
            ],
            3.776861892551456
        ],
        [
            [
                136.95171513827307,
