{
    "start": [
        [
            19.340458431181546,
            345.6458045854638
        ],
        4.0
    ],
    "goal": [
        [
            493.6278892405088,
            356.4401256186862
        ],
        4.0
    ],
    "obstacles": [
        [
            [
                269.70881968422134,
                450.570701622305
            ],
            4.888514477679546
        ],
        [
            [
                117.58796452914387,
                463.5844981948596
            ],
            5.986706939247448
        ],
        [
            [
                348.67520450355187,
                295.97117477332046
            ],
            4.722037982635678
        ],
        [
            [
                413.86599543351196,
                396.10960502964224
            ],
            5.721527136204902
        ],
        [
            [
                118.90008463493653,
                265.9297764255424
            ],
            3.0375833900565636
        ],
        [
            [
                197.4703872891363,
                244.03220129943193
            ],
            3.4875957178084644
        ],
        [
            [
                463.10304523147823,
                137.7427546460925
            ],
            4.662544761555931
        ],
        [
            [
                341.00371826279303,
                130.73604986133094
            ],
            4.071181569067537
        ],
        [
            [
                427.9888885534758,
                71.55453494322519
            ],
            4.25969446108508
        ],
        [
            [
                487.6485279817592,
                41.4240235284616
            ],
            5.263248702229722
        ],
        [
            [
                417.36419092714584,
                278.44076132750735
            ],
            4.087047140595283
        ],
        [
            [
                437.03486252412534,
                275.09345135492026
            ],
            3.9702952373766385
        ],
        [
            [
                232.13564806648603,
                181.30264977885037
            ],
            5.463052028618052
        ],
        [
            [
                299.80631599222176,
                172.8742748852533
            ],
            4.250856144917982
        ],
        [
            [
                239.50903260440188,
                367.136676259984
            ],
            5.603732881054336
        ],
        [
            [
                72.02568743294135,
                53.2541045067111
            ],
            4.373640413743814
        ],
        [
            [
                391.98899308145303,
                115.47318314235434
            ],
            4.536763570222723
        ],
        [
            [
                504.38271668962904,
                389.4658882427005
            ],
            3.423144836302399
        ],
        [
            [
                457.0504612773031,
                82.70344166190458
            ],
            5.849905983350332
        ],
        [
            [
                124.84838873198767,
                219.83289924104875
            ],
            4.52063540939808
        ],
        [
            [
                369.4158741899627,
                314.6480955563193
            ],
            3.040674577929932
        ],
        [
            [
                353.8473876826979,
                31.799012098543358
            ],
            4.415380787258931
        ],
        [
            [
                245.65508534656857,
                182.21136192648143
            ],
            3.6030271406930345
        ],
        [
            [
                165.67767517395203,
                13.313985613826807
            ],
            3.752493564644892
        ],
        [
            [
                49.64361972722046,
                394.85213481894715
            ],
            4.443779491971561
        ],
        [
            [
                390.0031712769772,
                259.6413423784329
            ],
            4.140969130941054
        ],
        [
            [
                153.3086676285085,
                233.574688150949
            ],
            5.9035867720544815
        ],
        [
            [
                494.3392347207591,
                160.11226278784903
            ],
            3.1211577138229254
        ],
        [
            [
                41.71070924475314,
                90.71050580604758
            ],
            5.493583653093912
        ],
        [
            [
                478.4954235362714,
                129.2894981296589
            ],
            3.2694525998711286
        ],
        [
            [
                448.52872033925246,
                374.03497075203194
            ],
            4.306062992152424
        ],
        [
            [
                255.2112002935365,
                436.26981303596443
            ],
            3.0536059091757117
        ],
        [
            [
                420.63339129517175,
                226.8388136702201
            ],
            3.3571956030130923
        ],
        [
            [
                348.4476979926362,
                168.35580930789348
            ],
            5.101449315376916
        ],
        [
            [
                52.790510501107406,
                113.72151170945297
            ],
            3.169154038565929
        ],
        [
            [
                12.520142987834873,
                310.8348758162267
            ],
            5.3897417816325275
        ],
        [
            [
                79.01365686401901,
                86.07524948764211
            ],
            3.4667935854994187
        ],
        [
            [
                181.2553360391495,
                129.38370367974306
            ],
            4.723350798908851
        ],
        [
            [
                493.63631500995757,
                68.20524746088873
            ],
            4.390182177414505
        ],
        [
            [
                334.06590240274255,
                193.7474368303604
            ],
            4.184579242103229
        ],
        [
            [
                139.31251005365786,
                448.032224147329
            ],
            5.217799914480781
        ],
        [
            [
                50.95962194584765,
                331.5601782957745
            ],
            3.673268984208668
        ],
        [
            [
                108.21884849475241,
                349.59807963167714
            ],
            3.4925366128243724
        ],
        [
            [
                142.96273377824215,
                122.58402610038266
            ],
            4.148686059652407
        ],
        [
            [
                279.738267820171,
                165.5043499187529
            ],
            5.622422702771092
        ],
        [
            [
                444.35303431304754,
                69.14388818333194
            ],
            4.465400488750865
        ],
        [
            [
                262.545641136968,
                248.97242047387547
            ],
            5.100174369534767
        ],
        [
            [
                118.76804780764581,
                426.8856581303384
            ],
            3.3765964041955705
        ],
        [
            [
                294.05351357560244,
                131.9554658776169
            ],
            5.629033771928483
        ],
        [
            [
                357.00787222602287,
                41.81935881387855
            ],
            3.5877747055652756
        ],
        [
            [
                401.35700251286517,
                243.3912664182238
            ],
            3.9391233327420676
        ],
        [
            [
                317.57961915432367,
