{
    "start": [
        [
            19.16365355233853,
            418.2333329246659
        ],
        4.0
    ],
    "goal": [
        [
            499.63433680128094,
            191.16408875380637
        ],
        4.0
    ],
    "obstacles": [
        [
            [
                278.5719491753951,
                232.87214276742327
            ],
            3.553043677762253
        ],
        [
            [
                18.545630680697595,
                111.96977369708405
            ],
            3.1908944703145194
        ],
        [
            [
                226.6736604301023,
                170.1911256237003
            ],
            5.231385447486734
        ],
        [
            [
                147.45312484851115,
                274.6450291834845
            ],
            4.7768616431512685
        ],
        [
            [
                168.19930689430893,
                60.8863280061954
            ],
            5.027701999317083
        ],
        [
            [
                231.29195006612835,
                236.87900288774404
            ],
            5.145110128392229
        ],
        [
            [
                369.1232100702225,
                437.89270043640073
            ],
            3.5982644830019757
        ],
        [
            [
                92.08491383367777,
                491.93926610581883
            ],
            5.407983292753337
        ],
        [
            [
                60.22708532655558,
                127.03582291613272
            ],
            5.301900123897202
        ],
        [
            [
                126.3232451357983,
                244.8787113250262
            ],
            3.327573831509266
        ],
        [
            [
                398.1311386604185,
                59.37682467853675
            ],
            3.5083681226100385
        ],
        [
            [
                90.63867924775421,
                61.74790846091855
            ],
            5.532829036374437
        ],
        [
            [
                178.90357668481613,
                185.8715006265273
            ],
            4.736009191527103
        ],
        [
            [
                234.82920245268926,
                29.644342622072724
            ],
            3.4150717882805206
        ],
        [
            [
                265.6131694887406,
                499.96665854012616
            ],
            4.975251108166167
        ],
        [
            [
                217.82280172152562,
                240.20185128736472
            ],
            4.8201135369645804
        ],
        [
            [
                300.312751112717,
                167.89905610088164
            ],
            3.880556206726977
        ],
        [
            [
                150.38716387463563,
                395.6765216174891
            ],
            3.2785704889206135
        ],
        [
            [
                185.29543580568657,
                124.10055017117236
            ],
            4.1888125860175265
        ],
        [
            [
                119.43097456150359,
                438.54779112294506
            ],
            3.8672863779195517
        ],
        [
            [
                448.0066331863336,
                99.13158038506612
            ],
            3.57702519509468
        ],
        [
            [
                143.0976055473067,
                103.50759832323766
            ],
            5.79314670162642
        ],
        [
            [
                284.0978123049544,
                90.01513218218567
            ],
            4.335858793045346
        ],
        [
            [
                34.28524259686343,
                255.15794875817537
            ],
            5.855407443870357
        ],
        [
            [
                71.89173290079063,
                257.07159505189935
            ],
            3.7950355364443924
        ],
        [
            [
                409.28918759842395,
                264.1016935841914
            ],
            4.162405474518234
        ],
        [
            [
                324.4742775427251,
                444.2804071318182
            ],
            4.898352169754711
        ],
        [
            [
                265.42221235615966,
                446.1795566276743
            ],
            4.54068745323888
        ],
        [
            [
                101.07792372309248,
                403.51604722604185
            ],
            5.902581116531041
        ],
        [
            [
                466.55825481547964,
                68.70792137085748
            ],
            3.605588629738966
        ],
        [
            [
                155.42516092746618,
                140.9962520624882
            ],
            4.841938810028195
        ],
        [
            [
                199.87076095843702,
                14.404755030516032
            ],
            4.020959658020976
        ],
        [
            [
                319.4977855883157,
                336.2819977191801
            ],
            4.034059823437989
        ],
        [
            [
                192.8147029643968,
                434.82198696913457
            ],
            3.939054986164748
        ],
        [
            [
                298.5278666048903,
                333.5874752135859
            ],
            3.124849849287002
        ],
        [
            [
                420.07059126750084,
                330.6874428141515
            ],
            3.7347204620556345
        ],
        [
            [
                152.05018696453837,
                296.0069742437991
            ],
            4.698536961416545
        ],
        [
            [
                92.00848993996532,
                27.846625239555138
            ],
            5.8864648484838344
        ],
        [
            [
                366.16858929761224,
                42.5313344542824
            ],
            5.019030042720857
        ],
        [
            [
                238.5829961567738,
                86.49135624313823
            ],
            4.850416591187416
        ],
        [
            [
                359.01900563858743,
                350.2589098776127
            ],
            4.886663225168428
        ],
        [
            [
                276.94250574438024,
                53.24867072976869
            ],
            4.97862077625756
        ],
        [
            [
                461.25633204308207,
                180.7900697477084
            ],
            3.5383084896674175
        ],
        [
            [
                489.66938352848325,
                460.18149556398845
            ],
            4.011008131337241
        ],
        [
            [
                165.47173597465726,
                496.5741162634632
            ],
            3.581131738270931
        ],
        [
            [
                235.35404791455406,
                343.24424177050633
            ],
            3.019083527657541
        ],
        [
            [
                336.20614076348824,
                300.55191390318095
            ],
            3.147418851748582
        ],
        [
            [
                263.24026019065946,
                313.9466616974436
            ],
            5.64697426711345
        ],
        [
            [
                215.53149396310252,
                391.1607765771194
            ],
            4.63724630985154
        ],
        [
            [
                153.96929343295392,
                324.5844949052429
            ],
            3.0533290411161453
        ],
        [
            [
                449.8051459961464,
                478.12611104338043
            ],
            3.593805262105144
        ],
        [
            [
                131.26654863141246,
