{
    "start": [
        [
            18.034517976237385,
            32.502957685648376
        ],
        4.0
    ],
    "goal": [
        [
            487.552883097379,
            138.79339964081237
        ],
        4.0
    ],
    "obstacles": [
        [
            [
                127.77613111677165,
                409.668440470635
            ],
            4.427457534409299
        ],
        [
            [
                180.13080684790617,
                210.4576634524117
            ],
            5.606100276237584
        ],
        [
            [
                453.9189125247705,
                176.25166338928395
            ],
            3.020115745650834
        ],
        [
            [
                91.22240598314683,
                226.86416583247427
            ],
            4.959445975277708
        ],
        [
            [
                99.52241514813932,
                259.7330078679831
            ],
            5.52740430387
        ],
        [
            [
                66.38541976813278,
                361.6282679076122
            ],
            3.048490829699238
        ],
        [
            [
                376.2284799952419,
                255.57168474394734
            ],
            5.892426375877562
        ],
        [
            [
                434.3808044656352,
                131.4938642346826
            ],
            3.402230877913284
        ],
        [
            [
                239.84227278663735,
                444.9444929967772
            ],
            3.82910728626873
        ],
        [
            [
                137.4249487551368,
                501.68237626345876
            ],
            4.739288717687319
        ],
        [
            [
                439.0674741801632,
                439.67513992084184
            ],
            3.898051185690627
        ],
        [
            [
                62.67804118142675,
                20.68646655563763
            ],
            3.0524934542839293
        ],
        [
            [
                134.01463499876746,
                109.85690275706469
            ],
            5.141711494697414
        ],
        [
            [
                381.4010464957295,
                338.0663999509338
            ],
            4.565834713339674
        ],
        [
            [
                333.5735656909653,
                299.45992191692466
            ],
            3.5088341772115017
        ],
        [
            [
                337.17685312977363,
                38.03995193788597
            ],
            4.342560447376223
        ],
        [
            [
                195.74910794356586,
                52.82859579358553
            ],
            5.8130112051693015
        ],
        [
            [
                28.62455316287132,
                201.4384116160435
            ],
            4.9108689579141505
        ],
        [
            [
                238.1137732350743,
                293.2408016390458
            ],
            5.535004132297818
        ],
        [
            [
                403.40431508662203,
                424.0968462610413
            ],
            4.538377094132628
        ],
        [
            [
                446.47985669972286,
                108.01974295640842
            ],
            4.3372165299779715
        ],
        [
            [
                404.0295151654124,
                306.7530131014139
            ],
            3.938267655141751
        ],
        [
            [
                472.817170111863,
                123.52134513572328
            ],
            4.011057778561298
        ],
        [
            [
                297.1897257092035,
                198.4067945977242
            ],
            3.0715195907287973
        ],
        [
            [
                504.4561865381602,
                307.66232343813823
            ],
            4.074348069880753
        ],
        [
            [
                24.680275317572256,
                83.06540127723552
            ],
            4.159520169034263
        ],
        [
            [
                364.2836214457332,
                306.2586814234507
            ],
            3.9154997210060842
        ],
        [
            [
                427.6993109850008,
                437.28572226777897
            ],
            5.404019700353359
        ],
        [
            [
                76.72023228119829,
                457.5252010209986
            ],
            4.29381323377528
        ],
        [
            [
                19.869331393576477,
                234.63153151980094
            ],
            3.79258258623292
        ],
        [
            [
                404.63090147861465,
                70.44011541035287
            ],
            5.183000750505128
        ],
        [
            [
                329.4088714141294,
                35.121129527419214
            ],
            3.8458580139948615
        ],
        [
            [
                159.74694508349017,
                379.9082436927103
            ],
            3.6033462091701187
        ],
        [
            [
                300.3945808952512,
                418.7547005629
            ],
            3.7636720591347497
        ],
        [
            [
                185.90426481804514,
                499.60728588441316
            ],
            4.967147915065965
        ],
        [
            [
                61.215361690904146,
                93.13778341607605
            ],
            4.055030461919044
        ],
        [
            [
                367.3412249372845,
                290.7488362811367
            ],
            5.936033020667928
        ],
        [
            [
                146.80923410475154,
                174.51503411680065
            ],
            4.080690701570699
        ],
        [
            [
                184.96968362125992,
                337.2304348218254
            ],
            5.907565483475404
        ],
        [
            [
                146.7078307918962,
                122.23573740853595
            ],
            5.830606426955523
        ],
        [
            [
                365.5540843123169,
                220.8654407774044
            ],
            3.25079007061347
        ],
        [
            [
                88.84391614607385,
                366.64483383618114
            ],
            3.450023293728967
        ],
        [
            [
                304.05459542616126,
                343.5850174524357
            ],
            4.67890521451166
        ],
        [
            [
                327.96862128447304,
                451.3353336902467
            ],
            4.4720464265542414
        ],
        [
            [
                12.89322461384083,
                244.0250750507074
            ],
            5.6413617075463005
        ],
        [
            [
                153.4726143483621,
                316.5417722559639
            ],
            4.466867759680242
        ],
        [
            [
                417.0911585718726,
                444.11702619270847
            ],
            3.224361801178951
        ],
        [
            [
                64.7946925640952,
                220.39897557749998
            ],
            3.49747716711013
        ],
        [
            [
                460.97757773159447,
                376.99317196094967
            ],
            4.796124666842854
        ],
        [
            [
                159.2592262144768,
                503.9003324337669
            ],
            4.756230481399321
        ],
        [
            [
                164.55105105756402,
                205.68153712779448
            ],
            5.813131854727844
        ],
        [
            [
                361.90713100122895,
                263.8219917611935
            ],
