{
    "start": [
        [
            25.414420080857084,
            87.92531607998197
        ],
        4.0
    ],
    "goal": [
        [
            501.0915918041407,
            215.00009741186076
        ],
        4.0
    ],
    "obstacles": [
        [
            [
                389.1240891489706,
                296.5654400844926
            ],
            3.565923396032153
        ],
        [
            [
                38.70375595505151,
                393.6170901512824
            ],
            3.8119475108676015
        ],
        [
            [
                139.9384472340416,
                196.0307779330131
            ],
            3.5440553812348217
        ],
        [
            [
                289.012846396536,
                114.56085187040665
            ],
            4.563788336923343
        ],
        [
            [
                338.4350882925167,
                222.4748726959853
            ],
            4.156181677059227
        ],
        [
            [
                413.6862429580377,
                251.89771299760204
            ],
            4.136753162074294
        ],
        [
            [
                170.84108040531999,
                466.37118938406053
            ],
            5.7324289124044965
        ],
        [
            [
                74.43967535435736,
                378.17666640809733
            ],
            3.457593731784599
        ],
        [
            [
                84.29803604698772,
                449.77489767749177
            ],
            4.143172543335632
        ],
        [
            [
                501.53227438029273,
                278.0241606229853
            ],
            3.8679515378541605
        ],
        [
            [
                342.5644856390605,
                361.5248945978534
            ],
            3.156879590169488
        ],
        [
            [
                413.8741075510138,
                214.69664281418085
            ],
            4.721454720549914
        ],
        [
            [
                319.0985955537544,
                483.2515008857033
            ],
            5.06634918319875
        ],
        [
            [
                292.2640058099232,
                490.2571864676921
            ],
            4.136986802061045
        ],
        [
            [
                241.43749623652354,
                231.19555992239592
            ],
            4.493483892792607
        ],
        [
            [
                8.379913789902535,
                206.93881418260816
            ],
            5.552367539702132
        ],
        [
            [
                14.817012605908403,
                77.75150551303649
            ],
            3.2382221713714
        ],
        [
            [
                181.56091904482153,
                232.10867845023762
            ],
            4.7296488022822345
        ],
        [
            [
                66.77955876963591,
                477.1004361063598
            ],
            4.70340399366161
        ],
        [
            [
                288.82866108723533,
                147.21474483179617
            ],
            5.65827512411833
        ],
        [
            [
                365.95337247263893,
                211.0750713321895
            ],
            5.6662706083353305
        ],
        [
            [
                108.4094678512464,
                295.3031581183961
            ],
            4.272462330717467
        ],
        [
            [
                307.04358597213144,
                151.8223203124724
            ],
            3.6012534336813693
        ],
        [
            [
                486.5806240103436,
                158.92290923022804
            ],
            4.152451397096128
        ],
        [
            [
                187.75746949013475,
                95.44479267593648
            ],
            5.2877829024902265
        ],
        [
            [
                99.63948772243974,
                89.17462903939973
            ],
            4.53579198248702
        ],
        [
            [
                387.85735351992145,
                315.12502545880074
            ],
            3.8240504958409947
        ],
        [
            [
                212.04741799270337,
                212.98242319730994
            ],
            5.8947206547123
        ],
        [
            [
                136.33645871240333,
                63.84513006902165
            ],
            5.6220094236161575
        ],
        [
            [
                445.2112069236763,
                158.1896031606155
            ],
            5.506011510959725
        ],
        [
            [
                61.02664528236395,
                432.4536811576552
            ],
            5.463812177810467
        ],
        [
            [
                104.88059992083029,
                309.55572421420203
            ],
            4.412282290101574
        ],
        [
            [
                438.5632398322415,
                199.27187906114918
            ],
            3.049218892286235
        ],
        [
            [
                482.1743736707588,
                213.12199369488152
            ],
            4.066873638661885
        ],
        [
            [
                319.5531092774702,
                140.96432318513692
            ],
            3.247164296527076
        ],
        [
            [
                204.36593294176953,
                198.14267033555385
            ],
            4.086853020710083
        ],
        [
            [
                77.19138338942686,
                499.974710466626
            ],
            4.502692304784335
        ],
        [
            [
                239.41444468285684,
                429.0543627095216
            ],
            4.071226779826612
        ],
        [
            [
                299.9022505741822,
                238.51472648949493
            ],
            4.791836210392103
        ],
        [
            [
                8.542660658412538,
                161.06218731261694
            ],
            4.4329786785085386
        ],
        [
            [
                112.83242995962004,
                16.62670145655277
            ],
            3.741152257144836
        ],
        [
            [
                298.72746103700524,
                277.65709147133896
            ],
            5.113688458170655
        ],
        [
            [
                178.09669667494327,
                19.409622679427695
            ],
            4.64983789780636
        ],
        [
            [
                78.48627434253139,
                370.10223845106293
            ],
            3.6887292762437434
        ],
        [
            [
                491.34211744947345,
                33.47252283953736
            ],
            4.523860988125904
        ],
        [
            [
                291.3038089890196,
                381.49280798427867
            ],
            4.519162528748774
        ],
        [
            [
                327.9759265214237,
                321.34157128866747
            ],
            3.3784556340312726
        ],
        [
            [
                339.3754510899883,
                181.25905826648702
            ],
            3.0474047987628143
        ],
        [
            [
                16.406477422427287,
                215.31934959677292
            ],
            4.61393494646217
        ],
        [
            [
                194.76214003269968,
                138.43801851803602
            ],
            5.772109738616338
        ],
        [
            [
                352.0275781051723,
                243.08507851350785
            ],
            4.565371423645574
        ],
        [
            [
                450.7646855317173,
                452.77296063876975
