{
    "start": [
        [
            10.194100350352823,
            294.19070479375193
        ],
        4.0
    ],
    "goal": [
        [
            490.68304893863746,
            489.34703588723187
        ],
        4.0
    ],
    "obstacles": [
        [
            [
                253.2783765399333,
                73.78553741189587
            ],
            4.0046756587296475
        ],
        [
            [
                145.9652972026564,
                497.93842140227304
            ],
            4.135355135475203
        ],
        [
            [
                504.16415382879984,
                152.1928498672141
            ],
            3.1449045195201784
        ],
        [
            [
                476.60594131458754,
                319.6566110050495
            ],
            5.240714031689654
        ],
        [
            [
                204.59171562288583,
                41.420905841899454
            ],
            5.4040978496147005
        ],
        [
            [
                298.51227985335777,
                96.87763039897415
            ],
            5.778090895242419
        ],
        [
            [
                224.15474895831497,
                424.6728631769264
            ],
            4.905721260740938
        ],
        [
            [
                65.23175518944964,
                399.61875527552917
            ],
            3.3059666081696175
        ],
        [
            [
                162.01225202209915,
                67.21220490537587
            ],
            5.0556308777762915
        ],
        [
            [
                158.7240996664,
                164.2662329356117
            ],
            3.7010400822687517
        ],
        [
            [
                245.9663308828848,
                359.9742920083855
            ],
            5.804188948091065
        ],
        [
            [
                288.54264315067843,
                207.15457731758488
            ],
            5.874928031867434
        ],
        [
            [
                161.76924735977934,
                235.24731735804392
            ],
            5.693811831384483
        ],
        [
            [
                238.75012136523952,
                211.8499985256651
            ],
            5.6774246073939345
        ],
        [
            [
                219.39266381512573,
                250.48076149511732
            ],
            3.5957591578396912
        ],
        [
            [
                83.52536661022972,
                504.91041954486184
            ],
            4.63341767247424
        ],
        [
            [
                338.4055936329907,
                70.12934588444577
            ],
            5.639395747661949
        ],
        [
            [
                258.5465121793171,
                430.04955296051804
            ],
            5.654111885381748
        ],
        [
            [
                370.79342797066244,
                431.4478330418324
            ],
            3.98126508851319
        ],
        [
            [
                47.1806216549239,
                116.59742547120281
            ],
            3.4603717217815673
        ],
        [
            [
                8.28066886510669,
                87.64875750612379
            ],
            3.327860327386929
        ],
        [
            [
                122.51572661392142,
                99.96997308301435
            ],
            3.1058970638919705
        ],
        [
            [
                249.3536445751138,
                468.5609450295143
            ],
            4.071480768384614
        ],
        [
            [
                121.39117921228357,
                234.6642272779847
            ],
            3.189535436742416
        ],
        [
            [
                350.584332960508,
                67.52505618723308
            ],
            5.634697830280862
        ],
        [
            [
                154.28207381061125,
                224.8550186820093
            ],
            3.644686505086659
        ],
        [
            [
                300.1857150231891,
                318.2407569414063
            ],
            3.5454826615492805
        ],
        [
            [
                105.43639963247227,
                79.6135300382536
            ],
            4.872114271385792
        ],
        [
            [
                334.7732345050949,
                477.732545505358
            ],
            4.378588438301189
        ],
        [
            [
                325.9911929261272,
                343.94483527100465
            ],
            5.480749283907743
        ],
        [
            [
                180.49983056183498,
                22.14484379891136
            ],
            5.936128561300999
        ],
        [
            [
                211.40641688671943,
                148.86113869305706
            ],
            5.61835077175315
        ],
        [
            [
                446.89921141875595,
                298.0858904272206
            ],
            5.045440134227353
        ],
        [
            [
                158.33963194618389,
                331.79034646712336
            ],
            3.135359448282286
        ],
        [
            [
                410.20696159544184,
                40.226421271284316
            ],
            3.756682962612218
        ],
        [
            [
                266.642253071842,
                393.97803997689687
            ],
            5.308754742635989
        ],
        [
            [
                205.6389482655253,
                260.71376731564715
            ],
            4.840823073857626
        ],
        [
            [
                325.20495811088074,
                215.336485762919
            ],
            5.929360508827178
        ],
        [
            [
                85.62003211474189,
                278.73184705805767
            ],
            3.502977910719225
        ],
        [
            [
                312.52398615532576,
                180.77784955957907
            ],
            5.147587833670269
        ],
        [
            [
                120.70901999692443,
                193.43744053710077
            ],
            4.4058563340798695
        ],
        [
            [
                27.70521976231991,
                325.9214304778983
            ],
            4.376222950136011
        ],
        [
            [
                109.21064662783094,
                282.8909871445831
            ],
            4.435104624422459
        ],
        [
            [
                4.933014805110536,
                427.5130949055552
            ],
            4.507650610748355
        ],
        [
            [
                267.54427418702267,
                82.87751839593821
            ],
            5.492397909507131
        ],
        [
            [
                10.42584870260698,
                209.17827314176395
            ],
            5.524721374867372
        ],
        [
            [
                381.7755779082534,
                32.704215928842196
            ],
            3.3913638376409514
        ],
        [
            [
                117.38267524893338,
                372.8351770987128
            ],
            4.205073823100482
        ],
        [
            [
                319.81250698111955,
                158.12688413416237
            ],
            4.872175700946801
        ],
        [
            [
                278.4903336193244,
                254.35090262142472
            ],
            4.775189482722131
        ],
        [
            [
                430.0276817344593,
                32.33061831420245
            ],
            5.026407363122708
        ],
        [
            [
                355.9481663647701,
                370.76947119998744
