{
    "start": [
        [
            27.030924547177538,
            20.859894988255906
        ],
        4.0
    ],
    "goal": [
        [
            502.9848605144485,
            279.4833459579448
        ],
        4.0
    ],
    "obstacles": [
        [
            [
                113.12294262617726,
                121.86229534239223
            ],
            5.543595720605489
        ],
        [
            [
                30.237084261119993,
                228.04300746716135
            ],
            3.998357482246349
        ],
        [
            [
                54.63628234387623,
                66.18307686207994
            ],
            3.3118132224699095
        ],
        [
            [
                119.969515892925,
                468.13527682629984
            ],
            5.017955363049238
        ],
        [
            [
                285.56216790725557,
                393.92719431585493
            ],
            5.586394317525591
        ],
        [
            [
                93.94116914950938,
                372.41528525130514
            ],
            5.0615814223966415
        ],
        [
            [
                97.1970764211843,
                299.8557590682096
            ],
            5.6119200677365795
        ],
        [
            [
                289.83242851456373,
                172.61526782932393
            ],
            5.6343213273587285
        ],
        [
            [
                26.906460158097854,
                332.49182441289696
            ],
            5.658003511542382
        ],
        [
            [
                295.0992007268411,
                72.76634636693537
            ],
            3.635184755065878
        ],
        [
            [
                487.0634156216114,
                242.08107315223214
            ],
            3.8889974143766612
        ],
        [
            [
                256.14341449471294,
                333.8289537398427
            ],
            4.192572703933582
        ],
        [
            [
                138.52770555883856,
                465.63615459459396
            ],
            4.355669384510957
        ],
        [
            [
                386.4147328973118,
                412.41395861197526
            ],
            4.668698559660445
        ],
        [
            [
                293.5447954276059,
                57.974194752663095
            ],
            4.53984652486643
        ],
        [
            [
                55.51274090408639,
                200.73924194631255
            ],
            4.616644754212643
        ],
        [
            [
                42.56686042450252,
                360.98738657531123
            ],
            5.965939661636156
        ],
        [
            [
                478.8750049758348,
                292.75474001123445
            ],
            4.195385128801687
        ],
        [
            [
                121.25207999559149,
                488.265445750992
            ],
            5.707499406748313
        ],
        [
            [
                286.8796624909458,
                478.3888167753956
            ],
            4.685189490565393
        ],
        [
            [
                254.4358900337277,
                255.81535177906346
            ],
            3.0725255840547825
        ],
        [
            [
                313.2562087418151,
                210.57728586871775
            ],
            4.7527432479000495
        ],
        [
            [
                282.4502358550147,
                424.450029604728
            ],
            4.11891345307109
        ],
        [
            [
                145.6989339141328,
                405.12806390392234
            ],
            4.2811097657964154
        ],
        [
            [
                147.36091268631736,
                352.62312431296783
            ],
            5.959095386283951
        ],
        [
            [
                402.355097445178,
                468.06396595741177
            ],
            5.234456216780205
        ],
        [
            [
                340.2498224927625,
                381.44839953811527
            ],
            3.0385642276330453
        ],
        [
            [
                317.7664682598723,
                329.2494950438149
            ],
            5.014321423354181
        ],
        [
            [
                311.61156019816644,
                439.7118309223416
            ],
            4.6443471674352015
        ],
        [
            [
                395.0196126091263,
                37.812485321495664
            ],
            3.219299055471639
        ],
        [
            [
                420.0893946775094,
                316.4749050400959
            ],
            3.1845805293292866
        ],
        [
            [
                368.06579536230686,
                492.6419845077534
            ],
            4.622797700186007
        ],
        [
            [
                280.53922081785845,
                322.198326364919
            ],
            3.3937130090469316
        ],
        [
            [
                422.8521222580043,
                66.3668833394453
            ],
            3.9987579948202763
        ],
        [
            [
                77.05646625824197,
                130.45119401255138
            ],
            4.717829248488595
        ],
        [
            [
                265.37524802788465,
                450.3245916499416
            ],
            4.415013454118355
        ],
        [
            [
                365.4410445160262,
                428.0132385301004
            ],
            4.738988355974749
        ],
        [
            [
                500.193815093046,
                366.2512502159474
            ],
            5.19494865078479
        ],
        [
            [
                257.28962111721796,
                502.5208903795123
            ],
            5.624933010064996
        ],
        [
            [
                94.78978240862939,
                458.64402685530075
            ],
            5.082831644223975
        ],
        [
            [
                242.4795505825396,
                487.4006540243805
            ],
            5.253799222872477
        ],
        [
            [
                464.22974957387225,
                497.39857603399423
            ],
            4.787314937229227
        ],
        [
            [
                268.53580445834854,
                278.2436975288472
            ],
            3.2484042880320856
        ],
        [
            [
                370.2523084914827,
                263.4591423662137
            ],
            4.6719330970161685
        ],
        [
            [
                84.08867081180416,
                406.88302593477613
            ],
            3.4859462958551535
        ],
        [
            [
                325.09720293859596,
                413.57893439435475
            ],
            3.665405247617282
        ],
        [
            [
                455.39490566428555,
                320.6132597537369
            ],
            4.207908859222642
        ],
        [
            [
                42.786798330374666,
                123.31390257669354
            ],
            3.702407761393861
        ],
        [
            [
                320.91055261563565,
                58.559764111757616
            ],
            4.174604418012788
        ],
        [
            [
                155.68396850463745,
                319.61706151553284
            ],
            3.9289104223306865
        ],
        [
            [
                362.7577961041403,
                160.34261085005622
            ],
            5.247516507914701
        ],
        [
            [
                266.80169705372793,
