{
    "start": [
        [
            22.499129868997255,
            213.69156768810234
        ],
        4.0
    ],
    "goal": [
        [
            492.96548097857567,
            136.50963800381098
        ],
        4.0
    ],
    "obstacles": [
        [
            [
                90.86831837645755,
                72.46783787345183
            ],
            3.4183990037512757
        ],
        [
            [
                150.39348359932816,
                76.3872406790311
            ],
            3.5702061329556902
        ],
        [
            [
                321.1606930681208,
                429.0069026195751
            ],
            4.023373604476359
        ],
        [
            [
                262.16257763993036,
                43.742832055833865
            ],
            3.0783236799817453
        ],
        [
            [
                406.1166977596082,
                45.190399889405555
            ],
            5.153009937751977
        ],
        [
            [
                105.19543116741656,
                360.5602756014881
            ],
            3.5332731409071103
        ],
        [
            [
                55.004723637290155,
                186.71664685177544
            ],
            3.2399510637528914
        ],
        [
            [
                26.696022121914076,
                238.53703301276227
            ],
            3.354421584222706
        ],
        [
            [
                214.1271045214662,
                51.722872477697635
            ],
            3.3269895829407945
        ],
        [
            [
                182.94649612000563,
                213.20650555163715
            ],
            4.557224731446227
        ],
        [
            [
                167.8268598105174,
                295.2415480186262
            ],
            4.664240170881836
        ],
        [
            [
                481.0111243707046,
                421.2878581038811
            ],
            3.408694797664347
        ],
        [
            [
                349.0874695128982,
                376.45559968309504
            ],
            3.6822582556826635
        ],
        [
            [
                164.0908480090998,
                53.86516781292345
            ],
            5.983788252123496
        ],
        [
            [
                210.76506526991156,
                40.41419200694893
            ],
            5.820034274985941
        ],
        [
            [
                413.32907642018,
                399.9783017375232
            ],
            5.008743290889421
        ],
        [
            [
                8.788404989474776,
                122.78841037707177
            ],
            5.131849064648023
        ],
        [
            [
                446.98458547256416,
                110.8388910176859
            ],
            3.4867213168331377
        ],
        [
            [
                249.95289695400206,
                429.13506538584056
            ],
            3.632342245446418
        ],
        [
            [
                464.30313901364997,
                224.33316451237414
            ],
            5.9988527468941015
        ],
        [
            [
                240.01839093108416,
                227.09844369797526
            ],
            5.598258631492778
        ],
        [
            [
                311.15286871436723,
                338.216326528112
            ],
            4.865275556985629
        ],
        [
            [
                311.1777001292538,
                115.7872627277172
            ],
            5.422566060291311
        ],
        [
            [
                425.67586158471454,
                318.1036016360497
            ],
            4.784808306433039
        ],
        [
            [
                337.2039125871777,
                487.5631129979702
            ],
            4.525727823515682
        ],
        [
            [
                463.27249795033225,
                391.7025989220763
            ],
            4.144477678106629
        ],
        [
            [
                25.178652356991048,
                122.80354111693048
            ],
            3.8397134057232187
        ],
        [
            [
                440.5389461627237,
                275.3203647447035
            ],
            3.1271942403590427
        ],
        [
            [
                484.9287130946629,
                309.8385550617041
            ],
            3.7236055455880726
        ],
        [
            [
                213.12566790567203,
                504.2021255782523
            ],
            3.3816990981225867
        ],
        [
            [
                218.79173423773153,
                69.07382621355259
            ],
            5.080219748173821
        ],
        [
            [
                378.0900545985436,
                52.3286180081265
            ],
            3.546862624225199
        ],
        [
            [
                430.9127144466884,
                161.02374244826188
            ],
            3.6188714764788625
        ],
        [
            [
                208.8238369895504,
                353.8468982963559
            ],
            5.233312983145271
        ],
        [
            [
                45.958118158802165,
                464.4332329331866
            ],
            4.483277494716146
        ],
        [
            [
                225.01190094389486,
                218.47809212845894
            ],
            4.547690088248549
        ],
        [
            [
                50.07853935297804,
                293.18201711629916
            ],
            3.388062881615692
        ],
        [
            [
                261.87125119853295,
                419.7199941093558
            ],
            4.980911845304506
        ],
        [
            [
                102.91328567810811,
                218.8456015273398
            ],
            3.3544153879315806
        ],
        [
            [
                454.5115983373295,
                344.21751987708694
            ],
            5.942264867284946
        ],
        [
            [
                369.1703782558463,
                128.69935989555898
            ],
            4.488368852881567
        ],
        [
            [
                365.2544940961521,
                505.26516251209597
            ],
            5.576541362590211
        ],
        [
            [
                96.90700229201457,
                272.5079943084428
            ],
            3.1852901734901113
        ],
        [
            [
                430.2291467578123,
                441.23384732490797
            ],
            3.3263791277022436
        ],
        [
            [
                115.18192293924017,
                459.6305641922534
            ],
            4.749685592329928
        ],
        [
            [
                452.8355071716682,
                158.9202753061743
            ],
            4.822588407468034
        ],
        [
            [
                197.3031212882473,
                41.871641140156434
            ],
            3.38971473053837
        ],
        [
            [
                446.9032157247534,
                219.46682879931834
            ],
            3.7512593046634852
        ],
        [
            [
                241.04166756579224,
                364.9605960317058
            ],
            3.120114433644255
        ],
        [
            [
                411.6310755058905,
                74.51487157458502
            ],
            3.2205687501385682
        ],
        [
            [
                339.9331628161667,
                52.06606526388731
            ],
            3.178767817176066
        ],
        [
            [
                16.798539722048297,
