{
    "start": [
        [
            21.955235217434016,
            363.74511057244797
        ],
        4.0
    ],
    "goal": [
        [
            507.42401997036893,
            402.22736618527665
        ],
        4.0
    ],
    "obstacles": [
        [
            [
                49.48033278859608,
                75.52016603483672
            ],
            3.23085051077828
        ],
        [
            [
                126.72366640838871,
                489.367863368224
            ],
            5.44708484241974
        ],
        [
            [
                297.98466293458955,
                475.3485089839638
            ],
            5.275561462458169
        ],
        [
            [
                429.8744501637906,
                148.05911192460388
            ],
            5.4835069747915695
        ],
        [
            [
                462.87107451100275,
                23.36918014714211
            ],
            4.712412080183681
        ],
        [
            [
                388.4012260007196,
                81.90976886902612
            ],
            5.474132411638328
        ],
        [
            [
                414.98632516408054,
                291.9998371751983
            ],
            3.916164309874506
        ],
        [
            [
                239.23952018965505,
                326.3792231289529
            ],
            3.1220860001403135
        ],
        [
            [
                238.04803417008804,
                413.1365848844137
            ],
            5.548590401835009
        ],
        [
            [
                181.46405671187563,
                204.7222413850575
            ],
            4.856881321330455
        ],
        [
            [
                473.940076301595,
                351.6795954881779
            ],
            5.955270209192664
        ],
        [
            [
                63.65596532383771,
                125.89304665894811
            ],
            5.682286961957715
        ],
        [
            [
                86.48212797463673,
                167.8986709589562
            ],
            3.347187471737789
        ],
        [
            [
                167.90570300525246,
                49.36402898850103
            ],
            4.64164324405455
        ],
        [
            [
                211.52711766340255,
                230.7599247215076
            ],
            4.611987466094507
        ],
        [
            [
                434.53868031775374,
                170.32052194430935
            ],
            4.1237588101873
        ],
        [
            [
                70.02372430321776,
                480.42020478436586
            ],
            3.2800976121667254
        ],
        [
            [
                22.157063324912418,
                471.3111621212272
            ],
            3.360592795738275
        ],
        [
            [
                245.22158409826193,
                334.1558902813914
            ],
            3.4785932014596654
        ],
        [
            [
                76.12597508243101,
                173.66597480321968
            ],
            3.4633955686399496
        ],
        [
            [
                25.411615506550447,
                183.71357654871161
            ],
            4.005299686132503
        ],
        [
            [
                268.6340909060797,
                185.0942809041407
            ],
            3.688510697662965
        ],
        [
            [
                109.26648882928082,
                315.04614556815585
            ],
            4.178260358485718
        ],
        [
            [
                154.630804228441,
                154.1060970057012
            ],
            3.4846813961186225
        ],
        [
            [
                179.66235488318807,
                380.98630272614656
            ],
            3.7670522078941033
        ],
        [
            [
                461.11068480354265,
                344.0288779563266
            ],
            3.0987259446761035
        ],
        [
            [
                440.87891013173055,
                201.5284498766535
            ],
            4.21957479981216
        ],
        [
            [
                72.42280068846152,
                60.35639157195083
            ],
            4.582172210725082
        ],
        [
            [
                341.10484915056827,
                252.79485091468686
            ],
            5.54349547113906
        ],
        [
            [
                494.80214266705093,
                348.2330040812312
            ],
            4.428215174397088
        ],
        [
            [
                189.62338975470215,
                314.3505777468969
            ],
            5.642481415459442
        ],
        [
            [
                24.563812684210845,
                114.3812914865741
            ],
            3.748069343496616
        ],
        [
            [
                215.87220625780958,
                14.181073816927634
            ],
            4.645951169224645
        ],
        [
            [
                278.70757490851776,
                465.9375994293477
            ],
            5.619413615922156
        ],
        [
            [
                136.25508388953554,
                321.37714572549856
            ],
            5.805139797025469
        ],
        [
            [
                269.8551676947204,
                98.09103670224412
            ],
            3.469767526762218
        ],
        [
            [
                380.38169730031024,
                176.20235932595128
            ],
            4.631118120011533
        ],
        [
            [
                48.7352968815375,
                374.829837045589
            ],
            5.911185881209869
        ],
        [
            [
                109.73107716174073,
                285.5954728348377
            ],
            5.075648252189568
        ],
        [
            [
                380.1087744361211,
                308.81047142408767
            ],
            3.98429652158826
        ],
        [
            [
                142.08326190139925,
                36.7184663970156
            ],
            5.304369218776566
        ],
        [
            [
                301.5908678950883,
                439.67445037037993
            ],
            5.578235106277599
        ],
        [
            [
                492.70656468375256,
                67.8065895317848
            ],
            3.8123919684709855
        ],
        [
            [
                481.83818397358675,
                88.61613883952352
            ],
            5.139040751507888
        ],
        [
            [
                109.35248179141311,
                464.8433740565203
            ],
            4.2136236925003345
        ],
        [
            [
                7.448320323017903,
                143.60433869336384
            ],
            3.4918715896035266
        ],
        [
            [
                319.2907922096451,
                173.2461812246601
            ],
            5.024215379859092
        ],
        [
            [
                146.29055918607142,
                458.4758759632392
            ],
            5.993555199200017
        ],
        [
            [
                281.4804249288453,
                245.1928002757933
            ],
            4.025748090548669
        ],
        [
            [
                141.3192597045329,
                372.6311026375892
            ],
            5.132500232971121
        ],
        [
            [
                287.9361118079462,
                104.6232223442757
            ],
            4.425727047083538
        ],
        [
            [
                364.5455850252504,
                294.4792919138497
