{
    "start": [
        [
            21.802668031937394,
            316.4883035074185
        ],
        4.0
    ],
    "goal": [
        [
            493.8912937453614,
            496.03577112095485
        ],
        4.0
    ],
    "obstacles": [
        [
            [
                179.77968086108189,
                245.42372250000747
            ],
            5.199062380929246
        ],
        [
            [
                466.8408147373511,
                493.10708962802585
            ],
            5.882933706020989
        ],
        [
            [
                278.4179580582464,
                179.3501589756966
            ],
            3.9366151615714124
        ],
        [
            [
                233.91674878543648,
                5.496720306868658
            ],
            4.828744600635728
        ],
        [
            [
                364.9774259377979,
                342.6057408130322
            ],
            3.793936639400784
        ],
        [
            [
                268.8613969119276,
                363.8276518116578
            ],
            5.892423094620534
        ],
        [
            [
                457.8085658608871,
                486.475443957943
            ],
            3.5518743943638187
        ],
        [
            [
                292.7269018751542,
                367.7294135024945
            ],
            5.894085511635732
        ],
        [
            [
                315.61015837542277,
                476.92671495265586
            ],
            4.700097103986983
        ],
        [
            [
                230.3207622360492,
                503.83256923555876
            ],
            3.10062578851273
        ],
        [
            [
                103.14376133192172,
                160.33763778466397
            ],
            4.167821535749647
        ],
        [
            [
                272.93949210507833,
                411.66247953728345
            ],
            5.659431978058752
        ],
        [
            [
                197.7215749879747,
                290.7196258298306
            ],
            4.497804814540758
        ],
        [
            [
                235.61229662252958,
                462.07732457591203
            ],
            3.009555712627791
        ],
        [
            [
                318.7139733523676,
                336.65811457166706
            ],
            3.4875347748652716
        ],
        [
            [
                414.65552502935617,
                483.37024848386625
            ],
            3.2698338994404437
        ],
        [
            [
                497.0064728219638,
                101.74144364309382
            ],
            3.326826142556722
        ],
        [
            [
                379.4300658950249,
                455.37144320449505
            ],
            5.221704818774304
        ],
        [
            [
                184.25546620064912,
                494.6369579423596
            ],
            5.78283113086901
        ],
        [
            [
                113.50677379089232,
                247.55736875287488
            ],
            3.6203859880785223
        ],
        [
            [
                475.400274354549,
                194.5187979304258
            ],
            4.906794749950554
        ],
        [
            [
                283.8733815342033,
                144.5910276223442
            ],
            4.338876620534318
        ],
        [
            [
                254.37109531252074,
                385.3212775741147
            ],
            3.3816791536886175
        ],
        [
            [
                450.81085313458766,
                196.94889824620262
            ],
            3.051729349025446
        ],
        [
            [
                270.2722045901081,
                92.99652351053071
            ],
            5.77068365476251
        ],
        [
            [
                191.36017624985897,
                357.6101808075357
            ],
            4.71346097530291
        ],
        [
            [
                428.6883902884695,
                444.34179460020556
            ],
            3.7030585089376165
        ],
        [
            [
                340.9467907701021,
                8.487456355323829
            ],
            3.20672515506698
        ],
        [
            [
                97.99475533316853,
                148.47276206751732
            ],
            4.050886298214563
        ],
        [
            [
                56.38128500296918,
                382.1791592829707
            ],
            4.820744009971409
        ],
        [
            [
                114.86941549545247,
                76.13550118155543
            ],
            3.1989206519434474
        ],
        [
            [
                77.89731219444754,
                248.1355492156203
            ],
            4.9418951188350775
        ],
        [
            [
                498.60620757323073,
                350.6843636024797
            ],
            5.41924347828431
        ],
        [
            [
                450.3444411118375,
                146.89376443595748
            ],
            4.413512083263648
        ],
        [
            [
                266.20683044642675,
                218.13124507810667
            ],
            3.5321526683282323
        ],
        [
            [
                291.2804108441463,
                98.32045082719358
            ],
            5.053211528897236
        ],
        [
            [
                231.57006257689474,
                236.5056321377602
            ],
            5.341488225745766
        ],
        [
            [
                269.99024553217777,
                457.7621237107147
            ],
            5.673035042383703
        ],
        [
            [
                447.00617193696905,
                223.3225093184468
            ],
            4.925894188338585
        ],
        [
            [
                241.8345654227869,
                362.6082454836254
            ],
            4.494550973941907
        ],
        [
            [
                417.86172817249235,
                134.9015270871389
            ],
            3.7130713547424405
        ],
        [
            [
                401.11732365860223,
                53.498424738474064
            ],
            3.4596590835242202
        ],
        [
            [
                146.33160693474193,
                200.11134173551721
            ],
            4.906865059731441
        ],
        [
            [
                402.5612870870082,
                302.11374402837873
            ],
            4.8644995489906595
        ],
        [
            [
                239.24841360306488,
                94.75216551419534
            ],
            5.886349226544473
        ],
        [
            [
                254.62508747704618,
                15.252028329120968
            ],
            4.228296962498942
        ],
        [
            [
                339.3220379891232,
                195.32182340382283
            ],
            4.756598944023229
        ],
        [
            [
                337.18592932853113,
                374.6476003812572
            ],
            4.930939465293018
        ],
        [
            [
                382.9744868576174,
                61.806174158065105
            ],
            4.847208508497981
        ],
        [
            [
                202.31218395021307,
                276.1180069682644
            ],
            3.9341778647076833
        ],
        [
            [
                115.1291311889994,
                163.99789862177184
            ],
            5.046399510885228
        ],
        [
            [
                469.8453284538006,
