{
    "start": [
        [
            24.61740104998492,
            349.208382687367
        ],
        4.0
    ],
    "goal": [
        [
            501.7002276006721,
            432.42945739849165
        ],
        4.0
    ],
    "obstacles": [
        [
            [
                447.3098356375483,
                271.8597333077799
            ],
            5.9654958087544525
        ],
        [
            [
                342.6489826876684,
                172.77885552666856
            ],
            5.22235721245533
        ],
        [
            [
                165.28492620317635,
                276.86122179734843
            ],
            3.897903504401529
        ],
        [
            [
                198.74518636775554,
                422.63009639767745
            ],
            5.854176119456498
        ],
        [
            [
                496.5816517101172,
                19.628505790029177
            ],
            5.720969325611883
        ],
        [
            [
                431.96599086832157,
                276.62621044126524
            ],
            3.1100833101079344
        ],
        [
            [
                342.0635413256586,
                94.50346143270764
            ],
            5.0485598808028085
        ],
        [
            [
                28.317310908208693,
                507.6394695954445
            ],
            3.0192778395833435
        ],
        [
            [
                477.73457725751626,
                428.8497578858845
            ],
            3.5416319446628064
        ],
        [
            [
                121.6761598093765,
                194.84893350790296
            ],
            3.2348591264537667
        ],
        [
            [
                15.605661964124387,
                447.1704299224306
            ],
            3.873703170889332
        ],
        [
            [
                474.6994997103185,
                9.020127586150247
            ],
            5.495475082768229
        ],
        [
            [
                337.3829788602146,
                267.64674441657513
            ],
            5.81541790033314
        ],
        [
            [
                33.72202559108835,
                84.15639025187578
            ],
            3.281381179034079
        ],
        [
            [
                311.376676370229,
                498.3965790941966
            ],
            3.4494486139859184
        ],
        [
            [
                111.31136749528342,
                399.46155684295866
            ],
            3.9113862072579306
        ],
        [
            [
                110.89804150644547,
                383.71869798288
            ],
            4.739012876842283
        ],
        [
            [
                336.5527657692727,
                24.987397784621514
            ],
            5.541510318608112
        ],
        [
            [
                283.53558484313606,
                112.40830500318323
            ],
            5.02873766529916
        ],
        [
            [
                213.57543744256782,
                37.62736227588663
            ],
            5.722672811353356
        ],
        [
            [
                264.7830833921056,
                194.52620557722963
            ],
            4.177552586710618
        ],
        [
            [
                101.98663538805306,
                12.901505117899958
            ],
            3.4736402656814698
        ],
        [
            [
                480.1681570936686,
                336.07587588705525
            ],
            4.17975375878224
        ],
        [
            [
                467.0669909385925,
                92.03952976615338
            ],
            3.689564195964192
        ],
        [
            [
                170.4084100283015,
                262.106248300603
            ],
            5.3757811307412915
        ],
        [
            [
                236.4410404073,
                446.49553451789774
            ],
            5.954561971108943
        ],
        [
            [
                63.512407230153954,
                143.58990790386295
            ],
            5.542667525193785
        ],
        [
            [
                242.46067028949358,
                31.42290109809105
            ],
            4.113068302154933
        ],
        [
            [
                504.1476464365824,
                490.7392355043941
            ],
            5.382364643161587
        ],
        [
            [
                300.6723535828079,
                175.1871625979721
            ],
            4.76810617431323
        ],
        [
            [
                479.8406474871856,
                310.37030703653295
            ],
            5.9660957852921195
        ],
        [
            [
                54.59425351631674,
                485.33817785567413
            ],
            5.606526859097958
        ],
        [
            [
                194.49222195758102,
                122.94190751801298
            ],
            5.39276511448336
        ],
        [
            [
                4.92239346156896,
                210.36040392426915
            ],
            3.452368813207195
        ],
        [
            [
                120.44058579999493,
                20.630708773466438
            ],
            5.724932328803506
        ],
        [
            [
                260.8829151815209,
                410.5126990144309
            ],
            4.24701843948827
        ],
        [
            [
                255.41599808311315,
                203.97876896729898
            ],
            5.669776551365578
        ],
        [
            [
                343.61398140669127,
                221.72956746567095
            ],
            3.6481894927359453
        ],
        [
            [
                305.49925783637036,
                261.5651075335771
            ],
            4.064594377716244
        ],
        [
            [
                227.92594855219795,
                373.3646063532662
            ],
            4.189186341826992
        ],
        [
            [
                111.20061409346957,
                143.5709719083431
            ],
            5.4860104601711335
        ],
        [
            [
                306.5851429947789,
                353.2353413436651
            ],
            4.452020199718271
        ],
        [
            [
                298.7566834960889,
                499.92546342338017
            ],
            3.4329006936049433
        ],
        [
            [
                169.50017085315315,
                301.70469076734236
            ],
            4.64487936314434
        ],
        [
            [
                217.42154781748678,
                313.45341777027016
            ],
            3.211421581457741
        ],
        [
            [
                46.60191145490914,
                193.85358862894964
            ],
            4.115431811841725
        ],
        [
            [
                6.103061966087318,
                439.0346282360181
            ],
            4.585786393903741
        ],
        [
            [
                66.94126447407777,
                362.8801711818683
            ],
            5.85725541651326
        ],
        [
            [
                389.26467543271525,
                271.87709902904476
            ],
            4.0349329552092215
        ],
        [
            [
                276.05230931962416,
                250.39826496229608
            ],
            4.997201174632276
        ],
        [
            [
                227.4326598754868,
                236.65691427690692
            ],
            5.91428435434042
        ],
        [
            [
                440.7076535942459,
                444.49498694857357
