{
    "start": [
        [
            25.33973256603977,
            88.80341668718607
        ],
        4.0
    ],
    "goal": [
        [
            507.58817193567563,
            26.121485290509764
        ],
        4.0
    ],
    "obstacles": [
        [
            [
                197.9954477948307,
                232.52274583147343
            ],
            5.001547787327632
        ],
        [
            [
                311.8426280391991,
                254.69908416694534
            ],
            3.3611644356992114
        ],
        [
            [
                404.0988812185277,
                325.15925966308754
            ],
            3.52749349753334
        ],
        [
            [
                240.77647452631558,
                127.52201879798172
            ],
            3.551366843082957
        ],
        [
            [
                224.18014873105213,
                54.48549273401761
            ],
            5.656139129777713
        ],
        [
            [
                186.36143984605502,
                19.898530928917964
            ],
            5.174514197662384
        ],
        [
            [
                458.9594803099264,
                417.65108964086875
            ],
            5.1998445726183355
        ],
        [
            [
                102.48831037141512,
                160.77568381813452
            ],
            4.893871715472233
        ],
        [
            [
                274.043997016631,
                380.0443451428855
            ],
            5.057806125810541
        ],
        [
            [
                212.87468033584352,
                147.72094078698402
            ],
            4.658024818798904
        ],
        [
            [
                440.0360899430946,
                374.51565582141365
            ],
            5.518275845587201
        ],
        [
            [
                96.40543484336058,
                460.6897775329312
            ],
            5.067624426667063
        ],
        [
            [
                243.1042179069492,
                80.01334439053029
            ],
            3.235026429350757
        ],
        [
            [
                180.54801898016214,
                280.3330830904221
            ],
            5.898038771686354
        ],
        [
            [
                385.5235892833418,
                395.08768114022644
            ],
            5.342908231392258
        ],
        [
            [
                121.24084355966573,
                257.05768971168294
            ],
            5.9151638019719
        ],
        [
            [
                237.64881435729828,
                317.1894250182195
            ],
            3.901740607629767
        ],
        [
            [
                243.23011974933587,
                451.25775180913683
            ],
            3.7565776366026022
        ],
        [
            [
                503.4180743641527,
                199.42548261131134
            ],
            3.972595181927688
        ],
        [
            [
                439.2271665312871,
                109.99095106134102
            ],
            5.792231451702018
        ],
        [
            [
                90.05678499224908,
                494.6013281102147
            ],
            4.581144231767226
        ],
        [
            [
                357.3975855407462,
                457.2026367899855
            ],
            5.327619712479107
        ],
        [
            [
                314.52487008888556,
                464.393315889403
            ],
            4.517076901978079
        ],
        [
            [
                64.47950853691954,
                309.9297100854989
            ],
            5.808181055810858
        ],
        [
            [
                72.60687999609605,
                334.18350898928696
            ],
            3.1549171023017806
        ],
        [
            [
                433.43864918593516,
                411.9454532116834
            ],
            4.203043810726953
        ],
        [
            [
                387.03447899139235,
                178.63557750399386
            ],
            3.4031498773557383
        ],
        [
            [
                483.29651227719745,
                367.7838348853552
            ],
            3.187008553716928
        ],
        [
            [
                69.20473650200731,
                411.6242573024749
            ],
            5.193995280792684
        ],
        [
            [
                105.12649757278234,
                271.33532166252996
            ],
            4.852017373409161
        ],
        [
            [
                358.61716597296527,
                282.99182270559595
            ],
            3.010295817847428
        ],
        [
            [
                159.0951517609036,
                390.69489478754986
            ],
            3.9843359251258637
        ],
        [
            [
                10.981079812608277,
                82.03513593033874
            ],
            5.897649676433096
        ],
        [
            [
                377.17050535644285,
                219.80712081986033
            ],
            4.634473025189392
        ],
        [
            [
                163.41348717229698,
                186.70572814793678
            ],
            5.6947015367325395
        ],
        [
            [
                315.1142586407015,
                165.2994410378248
            ],
            3.001166333069407
        ],
        [
            [
                479.0082144031761,
                199.7607847649032
            ],
            5.293190458413374
        ],
        [
            [
                232.84457289599,
                491.4988910636864
            ],
            4.417639776129366
        ],
        [
            [
                233.89332724981708,
                410.7395163351878
            ],
            3.9837896826669468
        ],
        [
            [
                169.33957950157898,
                303.6672953780289
            ],
            3.5488542813046786
        ],
        [
            [
                97.25468475547783,
                426.8108197504143
            ],
            4.527559332982083
        ],
        [
            [
                450.4075736099556,
                62.12503413000948
            ],
            3.880289170624553
        ],
        [
            [
                9.246823509006736,
                200.30222448212467
            ],
            3.3621068078872685
        ],
        [
            [
                344.582113095996,
                292.86335394796475
            ],
            5.2546509039419895
        ],
        [
            [
                485.09496613419407,
                170.26105025516046
            ],
            4.34636046987005
        ],
        [
            [
                374.3857705909593,
                197.16408075735552
            ],
            5.447704981891223
        ],
        [
            [
                338.4802055919981,
                179.56622958041294
            ],
            3.246547298669299
        ],
        [
            [
                114.94600536724619,
                284.6779118747586
            ],
            4.874742478604113
        ],
        [
            [
                44.047297356759955,
                188.7929420557233
            ],
            5.158483343009047
        ],
        [
            [
                99.7349835469748,
                106.85595659917468
            ],
            5.6017750014393
        ],
        [
            [
                451.27689371864875,
                334.4947101004029
            ],
            3.719380746062927
        ],
        [
            [
                90.2245917603951,
                437.8822505112457
