{
    "start": [
        [
            21.51699356215174,
            374.4859844468474
        ],
        4.0
    ],
    "goal": [
        [
            492.98694046419996,
            46.76324760112848
        ],
        4.0
    ],
    "obstacles": [
        [
            [
                370.15490831165437,
                247.44723135238144
            ],
            5.96913903408888
        ],
        [
            [
                462.9125834791559,
                330.62393927367384
            ],
            3.2653315771028346
        ],
        [
            [
                385.5473357453585,
                305.3602865618753
            ],
            5.531793739793042
        ],
        [
            [
                312.58665059538015,
                283.2332444918367
            ],
            3.651906292923261
        ],
        [
            [
                26.473383309664833,
                114.24044984660766
            ],
            5.045255928056422
        ],
        [
            [
                17.065235815147304,
                499.9436515340188
            ],
            5.389178915454654
        ],
        [
            [
                452.6223900067669,
                179.85265640199117
            ],
            5.074207200942597
        ],
        [
            [
                423.4848724166276,
                116.78155174922807
            ],
            4.784542206186714
        ],
        [
            [
                23.130802318863118,
                360.02689466184444
            ],
            4.12377774225341
        ],
        [
            [
                236.25221535667384,
                191.52690351397965
            ],
            5.0644177332689555
        ],
        [
            [
                428.6736914266537,
                96.53789162684471
            ],
            4.157283938343144
        ],
        [
            [
                109.53234616758967,
                30.90131221423006
            ],
            3.1533307214009647
        ],
        [
            [
                139.8678745614791,
                163.89727448668688
            ],
            4.373761240252407
        ],
        [
            [
                51.82148883632459,
                315.6782668680969
            ],
            3.0580563194839367
        ],
        [
            [
                13.353365555202785,
                487.8464504007764
            ],
            4.492280295542679
        ],
        [
            [
                101.70968868637841,
                261.57838892447177
            ],
            5.823827494338003
        ],
        [
            [
                271.2667536979607,
                59.30925068355131
            ],
            5.538214009480523
        ],
        [
            [
                335.1806090463381,
                506.3459977949613
            ],
            3.3766506392721616
        ],
        [
            [
                442.8605289889866,
                333.6100422353076
            ],
            3.5944091152059583
        ],
        [
            [
                248.19152498163228,
                466.2331592799536
            ],
            5.069357239861931
        ],
        [
            [
                53.57427919929187,
                32.2457647255094
            ],
            4.167876387555549
        ],
        [
            [
                358.2628333116379,
                101.34595697918927
            ],
            5.194092375894162
        ],
        [
            [
                307.384898483857,
                441.5153906942769
            ],
            5.825502805748334
        ],
        [
            [
                191.8714617740063,
                356.3741042726662
            ],
            5.298574656519389
        ],
        [
            [
                205.719825394465,
                205.85831100821147
            ],
            5.439913379814435
        ],
        [
            [
                210.2161375639146,
                236.29589351668528
            ],
            5.700618877379925
        ],
        [
            [
                312.1280660091999,
                162.37791779808643
            ],
            3.293931063033881
        ],
        [
            [
                30.512526102956784,
                128.11387636982025
            ],
            4.675497303495713
        ],
        [
            [
                465.2356795156073,
                413.8650357459471
            ],
            3.456004081200709
        ],
        [
            [
                191.8437376783632,
                71.10254180572447
            ],
            5.934861887195955
        ],
        [
            [
                220.2463068378886,
                463.94666374635614
            ],
            4.452047340579252
        ],
        [
            [
                180.69234213102447,
                342.96874662027125
            ],
            3.601569566838861
        ],
        [
            [
                9.341947079812472,
                168.05257581116766
            ],
            5.419469312247914
        ],
        [
            [
                192.94422893048258,
                99.15904725932424
            ],
            3.5949630143574343
        ],
        [
            [
                373.8309775271276,
                183.66159228811028
            ],
            4.159489116117532
        ],
        [
            [
                436.1920593903825,
                112.61443162812844
            ],
            3.141283186800154
        ],
        [
            [
                54.63132825825588,
                8.759228894708668
            ],
            3.1955247438102146
        ],
        [
            [
                328.4615075966557,
                316.23952845877886
            ],
            3.2802862067349405
        ],
        [
            [
                337.253034611127,
                382.7147982284794
            ],
            3.962074275136465
        ],
        [
            [
                16.395370695802022,
                48.011453682914514
            ],
            3.5183769389526987
        ],
        [
            [
                13.263985293800246,
                300.1816175805957
            ],
            3.5718690467276835
        ],
        [
            [
                109.02181292789727,
                468.73534212696416
            ],
            3.6603689543154934
        ],
        [
            [
                67.49962083313972,
                482.3413184196298
            ],
            5.446690726300698
        ],
        [
            [
                431.41029186825955,
                436.8170642676444
            ],
            4.595418335206616
        ],
        [
            [
                255.86815163874294,
                67.76195019853184
            ],
            3.382084033600412
        ],
        [
            [
                275.1512284874226,
                454.6295331551538
            ],
            5.008799048870831
        ],
        [
            [
                322.8930019940583,
                119.76401196750454
            ],
            3.8560282447701466
        ],
        [
            [
                325.83239915548927,
                381.30439832548217
            ],
            5.282515371929008
        ],
        [
            [
                56.53762079307201,
                98.78329137401593
            ],
            3.2418497275923324
        ],
        [
            [
                299.15493381405594,
                357.157620801756
            ],
            5.041201093949558
        ],
        [
            [
                161.79698407772273,
                307.4018566263285
            ],
            3.2571561517544554
        ],
        [
            [
                303.4321360150617,
                265.1745885910649
