{
    "start": [
        [
            5.404020466425711,
            342.00154083319075
        ],
        4.0
    ],
    "goal": [
        [
            486.41578445190754,
            468.4576950524053
        ],
        4.0
    ],
    "obstacles": [
        [
            [
                152.04900090605295,
                192.74014248600744
            ],
            3.838178537551647
        ],
        [
            [
                62.07507647430265,
                490.07675841662746
            ],
            4.695048204325788
        ],
        [
            [
                147.13935155032138,
                207.2984295323876
            ],
            5.271576403121747
        ],
        [
            [
                233.89285640528095,
                115.66268791484043
            ],
            4.634116261020964
        ],
        [
            [
                436.4331568425714,
                5.269978745848885
            ],
            3.4056283931233535
        ],
        [
            [
                437.04704137425904,
                410.73660567376606
            ],
            4.524961365554387
        ],
        [
            [
                317.8341450434367,
                453.98786988663426
            ],
            5.6545839169982495
        ],
        [
            [
                470.3168854926129,
                475.5626332443896
            ],
            3.8051987331408896
        ],
        [
            [
                491.5911557576018,
                31.312699524935923
            ],
            3.000034724648865
        ],
        [
            [
                103.96816224618165,
                462.92934917055976
            ],
            4.44349277118325
        ],
        [
            [
                217.13693058249058,
                474.6322291303016
            ],
            5.501588630867022
        ],
        [
            [
                255.56702319019905,
                435.66353420860764
            ],
            3.4534766438923237
        ],
        [
            [
                363.9686862550393,
                424.39946689828474
            ],
            3.34609254198563
        ],
        [
            [
                489.84753076762604,
                173.44790551113337
            ],
            5.973304941524009
        ],
        [
            [
                40.41320597644309,
                435.3936593810392
            ],
            4.153066969903705
        ],
        [
            [
                330.6768958858584,
                403.11243492749605
            ],
            4.669214518933009
        ],
        [
            [
                435.9362475998493,
                447.4066536732379
            ],
            4.831484236576425
        ],
        [
            [
                337.87056439320776,
                332.5003936999254
            ],
            5.408473401543695
        ],
        [
            [
                344.85223450562177,
                283.2575739384032
            ],
            5.84529075718978
        ],
        [
            [
                386.3671324259366,
                80.07165229194294
            ],
            4.8427668087492695
        ],
        [
            [
                270.1266836886817,
                4.345266320139836
            ],
            3.4660713642336387
        ],
        [
            [
                411.82528724704207,
                340.24766308764765
            ],
            4.191514734970348
        ],
        [
            [
                163.57229886673696,
                313.94490192566667
            ],
            5.348809792713826
        ],
        [
            [
                489.67228311240956,
                273.50537120920484
            ],
            4.250719551359215
        ],
        [
            [
                343.2888815490308,
                296.5755502755907
            ],
            5.840432822246397
        ],
        [
            [
                225.25951187012078,
                162.57609753096497
            ],
            3.1215960564516365
        ],
        [
            [
                110.30872492020669,
                48.97415609487782
            ],
            3.9425917357965443
        ],
        [
            [
                266.9337276905199,
                180.47952693620445
            ],
            3.300927080366272
        ],
        [
            [
                159.11712960264478,
                284.39339073978323
            ],
            4.270578740075848
        ],
        [
            [
                275.8824706512636,
                317.33454246489504
            ],
            5.443150449162901
        ],
        [
            [
                398.9772244121695,
                384.1083611345451
            ],
            3.00407271136331
        ],
        [
            [
                441.9304409387777,
                86.63618935297248
            ],
            5.796655077672632
        ],
        [
            [
                194.49458224060905,
                340.5982647708366
            ],
            4.286125114855559
        ],
        [
            [
                139.63171574635274,
                250.13184649436428
            ],
            4.343691416366536
        ],
        [
            [
                87.10658520589861,
                415.81825941742005
            ],
            5.7373220436167935
        ],
        [
            [
                385.50477673060226,
                127.02140309188795
            ],
            4.68992973059688
        ],
        [
            [
                336.64887376699244,
                109.4951354518088
            ],
            4.514449443057387
        ],
        [
            [
                381.69463075923727,
                190.1701611653545
            ],
            3.0533668744165112
        ],
        [
            [
                356.6092648501976,
                234.85269108704352
            ],
            4.48454311949314
        ],
        [
            [
                410.3553473090172,
                246.16377013340372
            ],
            4.072293377711276
        ],
        [
            [
                150.0051560897972,
                226.0002752039713
            ],
            3.55232181611471
        ],
        [
            [
                396.4416429062025,
                146.3273320830154
            ],
            3.3882473224681164
        ],
        [
            [
                319.11377529716884,
                111.24088211454745
            ],
            5.390752131370565
        ],
        [
            [
                142.45607977968507,
                317.4334955579606
            ],
            4.707375875836868
        ],
        [
            [
                472.98902626487285,
                353.25032505302755
            ],
            3.7954247864253663
        ],
        [
            [
                262.7446236520766,
                116.06486110957228
            ],
            4.920768571964684
        ],
        [
            [
                77.09312071427806,
                157.11085445414324
            ],
            5.733314122148493
        ],
        [
            [
                158.9954193633493,
                395.22194333501227
            ],
            5.4609402958742965
        ],
        [
            [
                61.361385470306764,
                105.8171717661975
            ],
            3.0537554990334455
        ],
        [
            [
                95.07747209068073,
                9.375626912030228
            ],
            4.269456446625556
        ],
        [
            [
                81.63211611423375,
                391.275983080132
            ],
            3.308610688218656
        ],
        [
            [
                433.94901349495245,
