{
    "start": [
        [
            20.247609383772218,
            409.6903347765918
        ],
        4.0
    ],
    "goal": [
        [
            487.89693520649536,
            208.2294922559776
        ],
        4.0
    ],
    "obstacles": [
        [
            [
                434.20382816598294,
                383.7244089033776
            ],
            5.346726485394372
        ],
        [
            [
                284.42622512449407,
                328.41423302711024
            ],
            3.4771222700752316
        ],
        [
            [
                388.55694997213175,
                37.30820070652359
            ],
            5.257179335667708
        ],
        [
            [
                307.8409517936402,
                108.46922862636319
            ],
            4.546056161288635
        ],
        [
            [
                191.37616288635826,
                105.7402975820064
            ],
            4.803697461462452
        ],
        [
            [
                126.52944820633927,
                81.37316546210783
            ],
            5.620365762388701
        ],
        [
            [
                135.66640623925434,
                130.71244494458657
            ],
            4.397020939415542
        ],
        [
            [
                28.32043022892001,
                166.82625059542622
            ],
            3.906036601102482
        ],
        [
            [
                118.2360671017124,
                235.0973241335023
            ],
            5.198652365646863
        ],
        [
            [
                72.69836255369452,
                467.8378509576146
            ],
            5.393891997295665
        ],
        [
            [
                379.4118063211847,
                363.89780550731723
            ],
            3.0601549896081206
        ],
        [
            [
                440.33259870404896,
                461.5787656503722
            ],
            4.139291682836748
        ],
        [
            [
                127.35384112580435,
                409.8775342836269
            ],
            5.971569812061376
        ],
        [
            [
                306.3767952697354,
                468.67768265660027
            ],
            5.487798366391772
        ],
        [
            [
                110.23406351396542,
                312.63794911475856
            ],
            5.994784321411478
        ],
        [
            [
                164.81368333677057,
                224.32794269437872
            ],
            5.099655154213503
        ],
        [
            [
                7.52653339249005,
                50.871085695059534
            ],
            3.548297210524459
        ],
        [
            [
                436.5600256831279,
                471.1631148290073
            ],
            3.0666624326339442
        ],
        [
            [
                63.82701640341337,
                45.23126813979823
            ],
            4.400511912138596
        ],
        [
            [
                186.66777395485738,
                47.74239962781017
            ],
            4.856268337854504
        ],
        [
            [
                501.07244325623765,
                31.833368287397427
            ],
            5.729015817037723
        ],
        [
            [
                22.55505674916653,
                463.5962922907689
            ],
            4.43487678708647
        ],
        [
            [
                180.66809493563304,
                426.1501439750002
            ],
            4.123615916484379
        ],
        [
            [
                490.37735760817714,
                388.7170566243274
            ],
            5.4452228314793265
        ],
        [
            [
                255.14692450330625,
                352.22639682681324
            ],
            3.2710985352260042
        ],
        [
            [
                275.49365776596164,
                188.23230669987882
            ],
            3.9242949613696556
        ],
        [
            [
                6.057185918419168,
                88.73475090417257
            ],
            5.8570668347733825
        ],
        [
            [
                69.65666832955206,
                7.740456696396544
            ],
            4.7849312053581965
        ],
        [
            [
                229.54224578436617,
                394.9656523166456
            ],
            3.3535275014471715
        ],
        [
            [
                143.51936805959033,
                256.2722199012696
            ],
            5.305541047652786
        ],
        [
            [
                25.826127625554548,
                438.4794133345788
            ],
            5.45789830833181
        ],
        [
            [
                479.3249197569258,
                128.34333818892364
            ],
            5.539312289916946
        ],
        [
            [
                81.95204763501303,
                398.26913697478074
            ],
            4.166458104568606
        ],
        [
            [
                50.159338791172495,
                70.14387232085234
            ],
            5.43571036795303
        ],
        [
            [
                45.098497684250596,
                44.25618472737227
            ],
            3.153100803975768
        ],
        [
            [
                139.8738642558388,
                303.4280723007886
            ],
            3.2436664323512154
        ],
        [
            [
                233.09799250720812,
                332.09439220770304
            ],
            3.879749549161002
        ],
        [
            [
                50.07867983206768,
                371.8374083261375
            ],
            3.011971633576392
        ],
        [
            [
                389.5232006647857,
                302.5437767556789
            ],
            5.941573198160503
        ],
        [
            [
                464.47169113898264,
                367.3535475522341
            ],
            4.8800971577700505
        ],
        [
            [
                35.33119392378081,
                336.7745100102713
            ],
            4.140232441521237
        ],
        [
            [
                348.7234151684865,
                418.2405932073486
            ],
            5.500020592363846
        ],
        [
            [
                307.2087582744169,
                378.67263067077675
            ],
            4.599583636799992
        ],
        [
            [
                210.69540955869655,
                412.2098052728468
            ],
            3.7422883723723266
        ],
        [
            [
                415.59533160120003,
                9.660915985797269
            ],
            4.525759929635884
        ],
        [
            [
                353.46060966220205,
                44.40678373669665
            ],
            5.32704612804684
        ],
        [
            [
                424.5407523326784,
                179.91553893029598
            ],
            4.8245847862548965
        ],
        [
            [
                132.06419584588392,
                204.51527361227974
            ],
            4.7714363221872915
        ],
        [
            [
                61.29725688121401,
                142.0868965920472
            ],
            5.573543060437709
        ],
        [
            [
                439.91042761701453,
                329.51331306065686
            ],
            4.326338236870149
        ],
        [
            [
                177.4811732166287,
                140.1716897556076
            ],
            4.605544743930266
        ],
        [
            [
                91.60346872824307,
