{
    "start": [
        [
            24.79719155221116,
            342.93843293689645
        ],
        4.0
    ],
    "goal": [
        [
            490.64333572092414,
            416.56628627400545
        ],
        4.0
    ],
    "obstacles": [
        [
            [
                29.278011467495855,
                121.98912728375647
            ],
            4.140537615116327
        ],
        [
            [
                311.97929410123106,
                52.27275701569093
            ],
            4.5758770786837
        ],
        [
            [
                198.96421104195815,
                170.43967473254088
            ],
            3.425354181078116
        ],
        [
            [
                47.28332960269917,
                48.66270207168055
            ],
            4.720839498525292
        ],
        [
            [
                480.2561876165694,
                215.6943684266567
            ],
            4.04248057795873
        ],
        [
            [
                210.54818007043542,
                457.8802894030065
            ],
            4.73557186190412
        ],
        [
            [
                322.8818849186067,
                494.76602571129933
            ],
            5.638952301446991
        ],
        [
            [
                456.75661191936695,
                247.07417244659757
            ],
            4.1210201518463
        ],
        [
            [
                58.258096325467086,
                296.7669213118697
            ],
            5.804096796604917
        ],
        [
            [
                156.01825333833122,
                230.4956853406898
            ],
            5.283154700936966
        ],
        [
            [
                154.63714679290925,
                336.211610947003
            ],
            4.1384162992167735
        ],
        [
            [
                321.2569619009312,
                464.40552751880693
            ],
            5.905768203476488
        ],
        [
            [
                197.58578279252563,
                140.75706065804314
            ],
            5.6808049598718275
        ],
        [
            [
                135.97727558005715,
                226.6629687156571
            ],
            5.156525963089118
        ],
        [
            [
                186.21911949215797,
                368.6104838821678
            ],
            5.1460126916406175
        ],
        [
            [
                309.11190896941815,
                192.46876402298724
            ],
            4.630937707200594
        ],
        [
            [
                17.98593664577155,
                484.830647453099
            ],
            4.879708907626633
        ],
        [
            [
                149.07069581345075,
                468.13621949257447
            ],
            3.5143930797838037
        ],
        [
            [
                412.96433002282555,
                462.1174714660482
            ],
            3.4106286083803146
        ],
        [
            [
                186.99082248348645,
                61.57410727594829
            ],
            3.1959431066933397
        ],
        [
            [
                10.429040014905446,
                215.73786842590252
            ],
            5.377198332583306
        ],
        [
            [
                50.30709813608928,
                138.88739744215414
            ],
            5.299722497516004
        ],
        [
            [
                464.24477010150525,
                148.72230690634345
            ],
            5.287378622355275
        ],
        [
            [
                451.94046523258703,
                282.21137944089804
            ],
            4.1998285614321675
        ],
        [
            [
                498.41353265910175,
                390.2919783025141
            ],
            5.377180881670615
        ],
        [
            [
                355.126463092445,
                245.16899039447347
            ],
            4.858280674053974
        ],
        [
            [
                406.4764524959405,
                466.5846991393605
            ],
            3.9078771456579178
        ],
        [
            [
                359.6096994408588,
                406.46821246386725
            ],
            3.620037446243531
        ],
        [
            [
                337.2535974343944,
                444.9367979293924
            ],
            4.489194929354537
        ],
        [
            [
                392.0062702831413,
                492.80245005669536
            ],
            4.201044165063038
        ],
        [
            [
                282.8311125806468,
                286.35124584281016
            ],
            4.981128134468941
        ],
        [
            [
                87.61369457669,
                41.19294850700068
            ],
            3.3446605794562876
        ],
        [
            [
                21.69579922491141,
                84.33519821566838
            ],
            4.547716811331591
        ],
        [
            [
                221.9649368761397,
                212.61604812557815
            ],
            3.9932060472956437
        ],
        [
            [
                46.671979158503255,
                90.00983227533081
            ],
            5.1868152207478655
        ],
        [
            [
                482.2670760752547,
                140.56085025404795
            ],
            5.745798823841405
        ],
        [
            [
                340.38090087605866,
                92.4606851245799
            ],
            4.037428509859387
        ],
        [
            [
                359.03146001484293,
                206.10892758896034
            ],
            5.732577620802855
        ],
        [
            [
                454.9855140052168,
                479.6837800262959
            ],
            3.6253692263192634
        ],
        [
            [
                191.1646767420588,
                72.950205549231
            ],
            5.530471619102737
        ],
        [
            [
                145.75148949274788,
                247.1316771000224
            ],
            3.214038221890488
        ],
        [
            [
                93.37745181268099,
                367.1785467113423
            ],
            5.8901384052740795
        ],
        [
            [
                244.32589885670845,
                114.05873864763954
            ],
            3.451767984128386
        ],
        [
            [
                153.25762631498358,
                217.40829327648498
            ],
            3.267731361809139
        ],
        [
            [
                294.25098633183745,
                469.7761153421715
            ],
            5.840831636664084
        ],
        [
            [
                330.3745566606162,
                128.6440149776508
            ],
            5.924474599433899
        ],
        [
            [
                22.885608947577705,
                301.57578690035353
            ],
            3.322430929460215
        ],
        [
            [
                293.88505122098024,
                448.474889439196
            ],
            5.46890883580638
        ],
        [
            [
                208.29991188419012,
                131.9326449851048
            ],
            4.1937528942145486
        ],
        [
            [
                420.40447579864014,
                261.3350124583393
            ],
            3.579296252435671
        ],
        [
            [
                149.95063338984528,
                376.37839662171393
            ],
            3.6682788305983194
        ],
        [
            [
                374.7691412950345,
                202.60328274416185
