{
    "start": [
        [
            23.06872581358269,
            461.75470758718154
        ],
        4.0
    ],
    "goal": [
        [
            493.6232823322628,
            35.897316137381246
        ],
        4.0
    ],
    "obstacles": [
        [
            [
                343.7187875548935,
                11.594209277850476
            ],
            4.51842257335263
        ],
        [
            [
                472.3077849036101,
                236.77057598348628
            ],
            5.89606526002718
        ],
        [
            [
                263.3758446244011,
                51.69940317419215
            ],
            3.5057122807528724
        ],
        [
            [
                393.7977678954472,
                256.58839137690296
            ],
            5.685119623984831
        ],
        [
            [
                403.07244115037037,
                105.24656425532311
            ],
            4.214070297729066
        ],
        [
            [
                213.19434405498976,
                223.48544296025798
            ],
            3.7093435466413185
        ],
        [
            [
                3.7633615011939714,
                344.423655191593
            ],
            3.509921755141484
        ],
        [
            [
                33.394233025223656,
                35.263889766138554
            ],
            3.4725694729854966
        ],
        [
            [
                170.47170449414284,
                60.53458151759365
            ],
            4.256151485598297
        ],
        [
            [
                61.91600359382227,
                197.7526819447378
            ],
            5.928724083712245
        ],
        [
            [
                86.65179884198582,
                231.0148241048793
            ],
            4.628560666800123
        ],
        [
            [
                95.3274175475835,
                39.136000492302905
            ],
            5.187597022370197
        ],
        [
            [
                171.44528229001358,
                226.88444468572555
            ],
            4.377376959106858
        ],
        [
            [
                43.71881546937435,
                75.02379870501022
            ],
            5.076641752896174
        ],
        [
            [
                372.55533284858745,
                245.58914129774644
            ],
            5.723719507639523
        ],
        [
            [
                141.97558752936555,
                5.7986202730545875
            ],
            4.124705016472496
        ],
        [
            [
                175.26217141911803,
                491.7876837203482
            ],
            3.90037494775736
        ],
        [
            [
                501.54339254949986,
                115.37599242480037
            ],
            3.2344533592616496
        ],
        [
            [
                256.7653678990809,
                291.52837821999066
            ],
            3.508654699581848
        ],
        [
            [
                54.39734309826831,
                171.06173585678928
            ],
            5.5265713241034256
        ],
        [
            [
                487.86695638851614,
                4.0799379538518386
            ],
            3.8419921599699784
        ],
        [
            [
                225.65456994503833,
                104.60069500810881
            ],
            3.2336131983695364
        ],
        [
            [
                323.4744729029248,
                36.17880021019743
            ],
            4.550731906130487
        ],
        [
            [
                88.49573353676288,
                155.58507494226828
            ],
            4.225805722110023
        ],
        [
            [
                403.18001919783165,
                450.1926553564636
            ],
            3.4421714516750566
        ],
        [
            [
                210.8663080039842,
                55.39808797441408
            ],
            4.5529637278201935
        ],
        [
            [
                246.84691545725593,
                435.2125666577055
            ],
            3.533413768264717
        ],
        [
            [
                504.5360245698205,
                408.30038662799615
            ],
            5.9679123434199335
        ],
        [
            [
                47.790704691158254,
                188.1571907723606
            ],
            4.300137900132175
        ],
        [
            [
                241.1296877499985,
                269.3121131866354
            ],
            3.361389372051926
        ],
        [
            [
                326.68686383389644,
                98.28196023803615
            ],
            3.2777505857047204
        ],
        [
            [
                227.24235573868583,
                309.74467413628247
            ],
            5.916965474602442
        ],
        [
            [
                467.85200288101254,
                416.08876957157395
            ],
            5.935766560695766
        ],
        [
            [
                360.5959024948962,
                63.34408078767367
            ],
            3.412378966657345
        ],
        [
            [
                333.7931683070032,
                469.9650833631486
            ],
            4.688623583485699
        ],
        [
            [
                284.829060598129,
                156.7187416855921
            ],
            3.7066712613037085
        ],
        [
            [
                471.33226684983305,
                146.34389401565164
            ],
            3.9915331158334957
        ],
        [
            [
                290.6339610894575,
                204.65543811972358
            ],
            5.860066412652916
        ],
        [
            [
                131.11370445497138,
                456.76914043864406
            ],
            4.184639250948205
        ],
        [
            [
                106.81713738916528,
                312.45925770603304
            ],
            4.431801553250615
        ],
        [
            [
                162.99643678214764,
                47.83498050838129
            ],
            3.5066325307893447
        ],
        [
            [
                132.4683053894748,
                283.13668113283774
            ],
            3.514526261464837
        ],
        [
            [
                433.28645394795234,
                410.5778228651005
            ],
            4.292524114270469
        ],
        [
            [
                114.52007609970573,
                36.01941738724851
            ],
            5.5291968073747695
        ],
        [
            [
                415.1690394408743,
                387.85300139617067
            ],
            5.680466734167066
        ],
        [
            [
                308.5457041284899,
                85.90661268425242
            ],
            3.5622605147460384
        ],
        [
            [
                464.7866280061769,
                157.05828276043835
            ],
            4.266435679963145
        ],
        [
            [
                159.5620907422084,
                267.8420896702873
            ],
            4.871281564499863
        ],
        [
            [
                232.8941486074393,
                22.285355701660293
            ],
            3.6988140401059475
        ],
        [
            [
                440.68145999798645,
                75.24709696522655
            ],
            4.230586446033913
        ],
        [
            [
                394.5893224214588,
                353.1701209599068
            ],
            3.6680906879612265
        ],
        [
            [
                484.86492857914806,
