{
    "start": [
        [
            17.260947647386438,
            241.16710525095368
        ],
        4.0
    ],
    "goal": [
        [
            507.91081061289816,
            91.49795833574872
        ],
        4.0
    ],
    "obstacles": [
        [
            [
                246.80450271369435,
                490.5262308622788
            ],
            3.161017680322138
        ],
        [
            [
                498.11048580920163,
                134.9942113910396
            ],
            5.550602998906347
        ],
        [
            [
                323.6840742234367,
                78.08202495881461
            ],
            5.057341563193358
        ],
        [
            [
                120.57774667615973,
                318.678576259338
            ],
            3.629715382291916
        ],
        [
            [
                309.06358538316493,
                467.41421243918217
            ],
            5.049929472704928
        ],
        [
            [
                307.5222726079495,
                324.57627336479584
            ],
            5.517131774437377
        ],
        [
            [
                279.6440698681898,
                371.628077064675
            ],
            4.374584309338937
        ],
        [
            [
                78.00314906373403,
                106.364088650654
            ],
            3.3864083577235684
        ],
        [
            [
                470.59232385656065,
                409.3148713650742
            ],
            5.18744717003925
        ],
        [
            [
                135.49755301320212,
                462.8507765326524
            ],
            5.596767898373757
        ],
        [
            [
                434.9547746350367,
                413.7302722930759
            ],
            3.7572165688406276
        ],
        [
            [
                62.75226905644316,
                16.53026784324172
            ],
            3.7838691828910105
        ],
        [
            [
                52.83771944808643,
                75.16152409728225
            ],
            3.533266226385596
        ],
        [
            [
                229.51492488071878,
                268.0672350439873
            ],
            5.535544672159549
        ],
        [
            [
                396.9375693130877,
                457.5815927682392
            ],
            3.5130879026340276
        ],
        [
            [
                342.5589069352062,
                459.6517552004266
            ],
            5.860156248983836
        ],
        [
            [
                372.4094876140922,
                142.52715492021278
            ],
            3.81364035635956
        ],
        [
            [
                402.19520503922536,
                505.932377732896
            ],
            5.949416630423635
        ],
        [
            [
                125.9260395268249,
                11.096261580925834
            ],
            3.6630814978874824
        ],
        [
            [
                455.58106079676577,
                340.9096173780299
            ],
            4.537600610505713
        ],
        [
            [
                394.469888969667,
                233.62067668979594
            ],
            5.62532630255434
        ],
        [
            [
                263.90800172383695,
                108.27169194713791
            ],
            4.142133557046674
        ],
        [
            [
                492.9569361606669,
                332.5039377418165
            ],
            5.6217607172577875
        ],
        [
            [
                373.39421622958787,
                158.74931047567438
            ],
            3.713365275371563
        ],
        [
            [
                359.45618601027286,
                135.25985501841856
            ],
            4.422692458002416
        ],
        [
            [
                214.78482658792626,
                229.69241345139457
            ],
            3.019974088388006
        ],
        [
            [
                29.118746871129627,
                337.527585366783
            ],
            3.889263737536789
        ],
        [
            [
                267.17994406859407,
                6.3401187727805866
            ],
            5.009725481909685
        ],
        [
            [
                79.18672620419113,
                498.00942564357285
            ],
            4.437897446514705
        ],
        [
            [
                394.93344272093253,
                432.3381230777052
            ],
            3.158267177941647
        ],
        [
            [
                177.93769066617813,
                28.23660007924884
            ],
            3.558431014696237
        ],
        [
            [
                35.12779705471419,
                177.80597293899515
            ],
            4.263016111064696
        ],
        [
            [
                75.353273801796,
                96.8603320585089
            ],
            3.808313986889835
        ],
        [
            [
                207.6557088086764,
                465.5533352308529
            ],
            4.611345741478482
        ],
        [
            [
                300.66326488158717,
                291.5450511850405
            ],
            4.1422043731344615
        ],
        [
            [
                360.36278889799445,
                446.536285336533
            ],
            3.654646473309187
        ],
        [
            [
                286.5858027218092,
                484.59572981645357
            ],
            5.387151324608958
        ],
        [
            [
                343.7983901299394,
                107.21311405590598
            ],
            3.08430700280788
        ],
        [
            [
                383.7938990079247,
                276.29055104793616
            ],
            5.479845561571583
        ],
        [
            [
                390.1034431932742,
                255.29162215071295
            ],
            5.890495605762736
        ],
        [
            [
                52.02336722241565,
                427.55510758474776
            ],
            5.685138216047925
        ],
        [
            [
                381.2932842463277,
                414.9056445748355
            ],
            5.742012768895911
        ],
        [
            [
                216.26806749366196,
                461.10414810125445
            ],
            4.009446532610877
        ],
        [
            [
                360.1112676326164,
                391.86746824151777
            ],
            5.349249628100604
        ],
        [
            [
                275.23313269340804,
                258.7300416292139
            ],
            3.194417324575837
        ],
        [
            [
                500.4938999795048,
                279.3657308942876
            ],
            3.1900101097708324
        ],
        [
            [
                13.57168400421822,
                157.41745629979468
            ],
            3.0848582725610036
        ],
        [
            [
                361.57450009182395,
                13.618882063820095
            ],
            5.360110431574006
        ],
        [
            [
                118.07395672417049,
                61.67428328770053
            ],
            5.402616652914324
        ],
        [
            [
                59.36304950538508,
                148.0367033632552
            ],
            5.090819987085883
        ],
        [
            [
                324.56176868431163,
                272.7439175118135
            ],
            5.375535136530175
        ],
        [
            [
                467.206763752674,
                154.4447065871334
