{
    "start": [
        [
            8.921532596972794,
            280.25535579277323
        ],
        4.0
    ],
    "goal": [
        [
            497.4265787577206,
            466.27560343816253
        ],
        4.0
    ],
    "obstacles": [
        [
            [
                73.92187229787163,
                348.6273959580329
            ],
            4.416951385085531
        ],
        [
            [
                169.38423915659715,
                337.7365131765892
            ],
            3.0016028200496616
        ],
        [
            [
                249.03742375201628,
                390.1062122732269
            ],
            5.2758376183291595
        ],
        [
            [
                155.46414637070458,
                179.21681323088973
            ],
            5.3831605119742125
        ],
        [
            [
                294.74791535748636,
                83.34257904551417
            ],
            3.162769274505155
        ],
        [
            [
                20.692446826911354,
                199.65957076158816
            ],
            5.6236389657345365
        ],
        [
            [
                495.3111207646115,
                248.73471051455152
            ],
            5.750247670706332
        ],
        [
            [
                70.22059583066876,
                174.17962201984463
            ],
            5.763758472234801
        ],
        [
            [
                413.9883624043194,
                42.70834075427802
            ],
            5.545919019072199
        ],
        [
            [
                27.85365731649913,
                311.93517712163765
            ],
            5.581633723091354
        ],
        [
            [
                217.2354174554139,
                114.39338424720123
            ],
            3.5973886778489943
        ],
        [
            [
                200.75526000823504,
                96.29994198720765
            ],
            5.331722290433465
        ],
        [
            [
                328.6690550530202,
                471.7333874080103
            ],
            5.047263883510069
        ],
        [
            [
                389.64136491990615,
                468.01889621090095
            ],
            5.08339034805262
        ],
        [
            [
                421.9493041530324,
                299.3195145337077
            ],
            4.442497746248432
        ],
        [
            [
                397.5606516793199,
                333.77084228632503
            ],
            4.665014616341887
        ],
        [
            [
                219.76988003414283,
                215.3555873573465
            ],
            4.8966121789867
        ],
        [
            [
                67.84087318309729,
                338.58582959890595
            ],
            4.765770785063159
        ],
        [
            [
                190.9614391005618,
                494.5052697638649
            ],
            4.996740120707882
        ],
        [
            [
                193.11918417834755,
                87.37593641487386
            ],
            5.996740856465394
        ],
        [
            [
                238.39703826526946,
                266.02850847128457
            ],
            4.758165350077861
        ],
        [
            [
                43.274138350265375,
                399.5417841479801
            ],
            5.713999674183944
        ],
        [
            [
                40.19975485675437,
                213.79861920381936
            ],
            4.983142286070546
        ],
        [
            [
                33.67163098188751,
                271.55101390540335
            ],
            4.933718504559221
        ],
        [
            [
                490.4259963026043,
                205.69333163085145
            ],
            3.5838061371486325
        ],
        [
            [
                222.93076938827392,
                309.62796920349706
            ],
            4.706091399881464
        ],
        [
            [
                403.6246854930886,
                438.5971564274542
            ],
            4.437162483582105
        ],
        [
            [
                174.49370056140538,
                200.51388657258664
            ],
            3.36903160440448
        ],
        [
            [
                329.17992086142556,
                266.0245232652204
            ],
            5.257463626090103
        ],
        [
            [
                417.7928850197772,
                121.40733421504848
            ],
            3.949638414727507
        ],
        [
            [
                453.53116584772096,
                284.3090757777846
            ],
            3.005720982164513
        ],
        [
            [
                183.36157478143784,
                314.5932354109006
            ],
            3.5498424272679685
        ],
        [
            [
                49.56875518985704,
                483.3127940843802
            ],
            3.4858079559462434
        ],
        [
            [
                162.07164920280826,
                119.05767066033846
            ],
            5.242773382387634
        ],
        [
            [
                487.64804596495975,
                478.7308756160634
            ],
            4.978934689637022
        ],
        [
            [
                453.2671669952502,
                247.43889560254684
            ],
            3.5463721869093696
        ],
        [
            [
                501.2664431729468,
                360.599560317094
            ],
            4.25810005054307
        ],
        [
            [
                447.8363758521599,
                6.840109974126701
            ],
            5.746490648963521
        ],
        [
            [
                299.3167050600388,
                492.34507629590354
            ],
            4.0365208538578585
        ],
        [
            [
                151.72786067741072,
                344.0482284088176
            ],
            3.055849347618904
        ],
        [
            [
                244.81495860648764,
                476.0969741135769
            ],
            4.165471409086433
        ],
        [
            [
                440.90357413961556,
                317.6392632737334
            ],
            3.088149256143838
        ],
        [
            [
                220.08739820514586,
                183.78065726859143
            ],
            4.776169664205888
        ],
        [
            [
                331.11024119307746,
                407.91414277190796
            ],
            5.880659739397273
        ],
        [
            [
                31.814226834722376,
                42.53212888369358
            ],
            5.80222058841188
        ],
        [
            [
                465.94914314142346,
                60.02258067633985
            ],
            4.561963479157733
        ],
        [
            [
                443.6461488626398,
                386.0437419980757
            ],
            5.913092262292585
        ],
        [
            [
                269.0649958090449,
                14.12533580804888
            ],
            5.50943876208072
        ],
        [
            [
                150.37116890614092,
                279.36456645913734
            ],
            4.510012246813134
        ],
        [
            [
                279.19818299858616,
                261.29310959755327
            ],
            4.884630649018245
        ],
        [
            [
                151.59484686233407,
                9.568263633305344
            ],
            4.756630765481807
        ],
        [
            [
                386.35166339158354,
                420.2562862573789
