{
    "start": [
        [
            21.43451156666581,
            112.67553906843615
        ],
        4.0
    ],
    "goal": [
        [
            502.41309661437856,
            434.53862925222796
        ],
        4.0
    ],
    "obstacles": [
        [
            [
                417.86515469937,
                125.20448854791599
            ],
            3.072750711756931
        ],
        [
            [
                311.28772731954234,
                184.74640887993806
            ],
            4.517008865740429
        ],
        [
            [
                132.15821729514664,
                412.4908227348559
            ],
            5.255806565337636
        ],
        [
            [
                396.78242027635997,
                96.42785415881553
            ],
            5.540393941763726
        ],
        [
            [
                406.5967436027582,
                430.8024679688187
            ],
            3.1012566317423174
        ],
        [
            [
                86.402865464954,
                111.2714319027623
            ],
            3.1772601944446732
        ],
        [
            [
                8.160620124562893,
                124.46975177342061
            ],
            3.259448946710257
        ],
        [
            [
                239.87463265213472,
                266.91114310099977
            ],
            3.618326463629818
        ],
        [
            [
                464.7066028808068,
                224.0319454037095
            ],
            3.142042976080089
        ],
        [
            [
                55.64034083560418,
                10.48473079548482
            ],
            5.90282666120657
        ],
        [
            [
                399.5517584677206,
                145.008276981772
            ],
            4.70328221996373
        ],
        [
            [
                461.92786750208916,
                406.72156482208027
            ],
            3.801232674669768
        ],
        [
            [
                320.1866025003323,
                479.8465208252456
            ],
            4.765629388856132
        ],
        [
            [
                207.0785049144542,
                149.61579733308272
            ],
            4.077598186775366
        ],
        [
            [
                412.15027726548783,
                453.24865052630395
            ],
            3.7018594805254814
        ],
        [
            [
                358.8563694367162,
                399.5921276141442
            ],
            4.957523478504549
        ],
        [
            [
                129.99045334689959,
                39.37196473091794
            ],
            3.3138178185341145
        ],
        [
            [
                442.7826781487888,
                297.9095795816897
            ],
            4.53354715856323
        ],
        [
            [
                500.5255571389462,
                93.96919478996628
            ],
            5.6852899564164385
        ],
        [
            [
                128.54358634603767,
                445.62977133948084
            ],
            5.541407531198855
        ],
        [
            [
                141.82818188666894,
                172.8986550319988
            ],
            3.993079269262418
        ],
        [
            [
                199.69374268317642,
                65.29118154353823
            ],
            5.073005879671288
        ],
        [
            [
                276.4540655842616,
                505.4239563205557
            ],
            3.5223039440843245
        ],
        [
            [
                105.05375120658563,
                316.6766884654588
            ],
            5.720103617257698
        ],
        [
            [
                433.7108296469596,
                473.63384598326394
            ],
            5.40539319219681
        ],
        [
            [
                19.58876776036112,
                401.16320765318767
            ],
            3.352915745502093
        ],
        [
            [
                484.728828269714,
                501.9782556507332
            ],
            4.574716693798581
        ],
        [
            [
                7.4171183264991445,
                181.28298386287938
            ],
            5.31708657348532
        ],
        [
            [
                388.99743819523326,
                410.0674188341164
            ],
            5.222385520890272
        ],
        [
            [
                418.0316896164594,
                231.85494010165755
            ],
            4.670995848319867
        ],
        [
            [
                261.95905425717143,
                468.3126450294034
            ],
            5.147342882591278
        ],
        [
            [
                389.61408275101894,
                317.94388185072165
            ],
            4.49461484917067
        ],
        [
            [
                197.6026256575412,
                140.37829622877427
            ],
            4.8841604566211805
        ],
        [
            [
                350.85693821868944,
                291.0129933751511
            ],
            4.276848257741051
        ],
        [
            [
                501.80856291167106,
                214.5685104509794
            ],
            3.0858739800012045
        ],
        [
            [
                178.4899849937273,
                448.1605649644904
            ],
            5.271904402528227
        ],
        [
            [
                473.17137005710333,
                153.08846198012864
            ],
            3.319534594118982
        ],
        [
            [
                343.3983353985858,
                339.88650700656603
            ],
            3.2393572054071034
        ],
        [
            [
                242.2347744780256,
                185.81967188564835
            ],
            4.489532914446922
        ],
        [
            [
                122.74230099064027,
                134.74359148075155
            ],
            4.668574994679384
        ],
        [
            [
                55.907432615291356,
                128.69640612183863
            ],
            5.589358461359893
        ],
        [
            [
                220.18651664797628,
                196.93111298078696
            ],
            4.437136626054395
        ],
        [
            [
                13.617639365378697,
                478.2629929241349
            ],
            3.5302323293863167
        ],
        [
            [
                9.633447682710322,
                143.00724044261025
            ],
            5.2613587782063895
        ],
        [
            [
                378.913191447968,
                478.88425063680717
            ],
            5.315991269766805
        ],
        [
            [
                12.401731101861689,
                32.08327015620086
            ],
            4.1494947779780915
        ],
        [
            [
                438.69087257935405,
                418.3183789216127
            ],
            5.433990144477139
        ],
        [
            [
                493.79665442999385,
                186.84677270243625
            ],
            3.6169763202402496
        ],
        [
            [
                484.00741100074754,
                133.8152900156199
            ],
            4.825860318607134
        ],
        [
            [
                232.22065867077677,
                50.848643307719044
            ],
            5.6854690654179585
        ],
        [
            [
                254.2472029903625,
                30.586638755091816
            ],
            5.457991700879241
        ],
        [
            [
                174.49386333514346,
