{
    "start": [
        [
            19.79950973813529,
            301.05797102117435
        ],
        4.0
    ],
    "goal": [
        [
            486.7009037488806,
            383.467173936209
        ],
        4.0
    ],
    "obstacles": [
        [
            [
                215.07697462630034,
                102.00456344376785
            ],
            3.772135202687817
        ],
        [
            [
                267.15728531113626,
                118.22977933903569
            ],
            5.079126872499469
        ],
        [
            [
                129.4725854335968,
                377.0940227767239
            ],
            5.829680778107813
        ],
        [
            [
                499.529814759287,
                151.17690598609346
            ],
            4.105390043862268
        ],
        [
            [
                343.11181421149865,
                223.91654758212024
            ],
            4.595231293645802
        ],
        [
            [
                453.28373847581247,
                473.69535809959496
            ],
            5.557630643419207
        ],
        [
            [
                70.17536832379054,
                439.84463146685215
            ],
            4.685390450880803
        ],
        [
            [
                323.8838754025637,
                124.22607122915356
            ],
            3.8515710400509997
        ],
        [
            [
                401.83113218086964,
                148.52661932731954
            ],
            3.6895855884686752
        ],
        [
            [
                472.43405575014174,
                473.71923132079735
            ],
            5.57293360743757
        ],
        [
            [
                121.11883793907406,
                497.02312917005617
            ],
            4.704158965885011
        ],
        [
            [
                342.36112948460624,
                486.1662799632824
            ],
            4.030363386232052
        ],
        [
            [
                11.250381676540453,
                233.2383453934448
            ],
            4.17990393056714
        ],
        [
            [
                147.546242934572,
                92.2329914274627
            ],
            5.305677595466111
        ],
        [
            [
                185.27759576448986,
                61.136281250954625
            ],
            5.609423987293895
        ],
        [
            [
                101.66792888330116,
                322.43381838275025
            ],
            4.371436234339487
        ],
        [
            [
                105.43556424236573,
                209.84860084173323
            ],
            5.4906658330069575
        ],
        [
            [
                256.5241202578064,
                363.03044737676134
            ],
            3.3633611458928825
        ],
        [
            [
                111.09898187148154,
                48.862694883168366
            ],
            5.706820851550697
        ],
        [
            [
                26.492797101582735,
                313.9744851885177
            ],
            3.025638996032708
        ],
        [
            [
                41.97705163163486,
                262.70181218714157
            ],
            4.550835646438925
        ],
        [
            [
                341.39657745214544,
                130.1491320220215
            ],
            5.962067054112103
        ],
        [
            [
                407.5625259394062,
                288.815521094427
            ],
            5.5084774666429155
        ],
        [
            [
                20.337910142462203,
                118.2522880495378
            ],
            4.90747839182941
        ],
        [
            [
                504.3489990261806,
                13.701297111243003
            ],
            3.6344568872972007
        ],
        [
            [
                375.21471439384925,
                155.54440330373313
            ],
            3.166913919853992
        ],
        [
            [
                299.88243672028244,
                153.226374878823
            ],
            4.772710223567241
        ],
        [
            [
                353.86221392716334,
                306.0611693492371
            ],
            4.29037663427602
        ],
        [
            [
                50.79261484384686,
                270.98603253128806
            ],
            5.640581691427937
        ],
        [
            [
                87.22569459596393,
                348.180089930886
            ],
            4.905916060213126
        ],
        [
            [
                358.180452918556,
                387.4143301804425
            ],
            5.1687204603053925
        ],
        [
            [
                237.63936581935133,
                295.344275176201
            ],
            5.0869747787137785
        ],
        [
            [
                80.04545005513519,
                200.08095236885927
            ],
            3.1583718274709964
        ],
        [
            [
                355.68467735498774,
                6.606426260449553
            ],
            3.742123162563184
        ],
        [
            [
                353.7314174002357,
                322.086030988311
            ],
            4.565522414160807
        ],
        [
            [
                179.6586667640841,
                298.8566607397539
            ],
            3.5270516621412646
        ],
        [
            [
                71.43430111514617,
                315.1868800870809
            ],
            5.105141393440324
        ],
        [
            [
                476.2950299899423,
                195.44723545093962
            ],
            3.313413567089116
        ],
        [
            [
                22.976861361330258,
                161.2002647905019
            ],
            4.596775473746869
        ],
        [
            [
                96.81863629463435,
                417.7712884761011
            ],
            4.58064400325562
        ],
        [
            [
                463.11070355985305,
                342.5073847651316
            ],
            4.322040955212103
        ],
        [
            [
                252.63722171558987,
                261.12265593860525
            ],
            4.898866053074772
        ],
        [
            [
                253.2003760450953,
                395.77004609693427
            ],
            4.142996795989607
        ],
        [
            [
                269.4173619237059,
                195.85359855363268
            ],
            3.3812035048986617
        ],
        [
            [
                263.1838781981163,
                317.10594507791285
            ],
            3.407251411166928
        ],
        [
            [
                345.95782674332634,
                267.2535003970642
            ],
            4.9144612177481095
        ],
        [
            [
                420.02036514688007,
                243.46775198740596
            ],
            5.186099649393951
        ],
        [
            [
                430.2836171294633,
                407.2370782455098
            ],
            5.442842364203456
        ],
        [
            [
                381.18362630927385,
                283.2478784479708
            ],
            3.9588796462225284
        ],
        [
            [
                175.0064546907327,
                442.2473731518998
            ],
            4.64523652113588
        ],
        [
            [
                84.06188919657113,
                462.7274987837734
            ],
            3.092517156486007
        ],
        [
            [
                8.280803994034756,
                132.56303276129836
