{
    "start": [
        [
            11.02288949685944,
            252.70084241961635
        ],
        4.0
    ],
    "goal": [
        [
            487.5005986459413,
            49.96620044051993
        ],
        4.0
    ],
    "obstacles": [
        [
            [
                395.48883876782594,
                437.0211868965469
            ],
            5.226234301284131
        ],
        [
            [
                123.72876527069482,
                237.47430372197803
            ],
            3.416854541834325
        ],
        [
            [
                35.68082841602134,
                459.82358300765316
            ],
            5.301438629219605
        ],
        [
            [
                31.40395420700323,
                393.2575443386542
            ],
            5.973549478408492
        ],
        [
            [
                28.863365775997604,
                12.373573756065095
            ],
            4.211648865933778
        ],
        [
            [
                13.271496787460048,
                344.2722736385414
            ],
            5.432680090947409
        ],
        [
            [
                361.8677510801586,
                104.53583690669531
            ],
            5.713047771159672
        ],
        [
            [
                35.78071839782027,
                306.11887545870167
            ],
            3.5431139449494533
        ],
        [
            [
                275.44500953521265,
                314.92194422447307
            ],
            5.081108727120755
        ],
        [
            [
                322.87738758704324,
                121.9785963492897
            ],
            3.8132191610630946
        ],
        [
            [
                137.81035638832802,
                383.8808530174647
            ],
            5.333819100363711
        ],
        [
            [
                397.6382791670913,
                27.66416529795535
            ],
            3.2246261200670734
        ],
        [
            [
                170.43806602481914,
                220.61414185630343
            ],
            3.1316261086149693
        ],
        [
            [
                55.624484592632534,
                386.92570394527195
            ],
            3.30956221877809
        ],
        [
            [
                73.35896561306767,
                36.63483505894966
            ],
            4.28580992651616
        ],
        [
            [
                446.49868980546415,
                461.80645839469105
            ],
            4.019496033782893
        ],
        [
            [
                292.3522355756004,
                423.60931494131495
            ],
            3.8544762578776735
        ],
        [
            [
                195.89364050459392,
                263.77573952225646
            ],
            5.398349031095943
        ],
        [
            [
                29.511950439945544,
                444.0501665089257
            ],
            5.304311203697553
        ],
        [
            [
                261.3200892198869,
                441.1092449682586
            ],
            3.4743471982973966
        ],
        [
            [
                207.68349289711614,
                101.88459445893082
            ],
            3.1314581412315556
        ],
        [
            [
                307.0703919751089,
                434.6721465103128
            ],
            3.2123861599673322
        ],
        [
            [
                503.36874583445876,
                286.0175440025901
            ],
            4.59654889324327
        ],
        [
            [
                245.67157886162892,
                15.22365123523309
            ],
            5.679175679164953
        ],
        [
            [
                284.8313571495443,
                8.492831873268255
            ],
            5.571020005414971
        ],
        [
            [
                227.1236925660682,
                244.90050444384872
            ],
            4.961330232311823
        ],
        [
            [
                99.17912636272283,
                9.971249645709882
            ],
            4.091856929976949
        ],
        [
            [
                274.82307685513354,
                178.1885473576882
            ],
            3.621893377059757
        ],
        [
            [
                330.3454829712404,
                150.7660209840862
            ],
            3.5374147690640103
        ],
        [
            [
                405.1723252676502,
                131.33067266877035
            ],
            5.735802880366643
        ],
        [
            [
                414.8164967222656,
                237.03733175353378
            ],
            3.8678145029793933
        ],
        [
            [
                237.5273190144876,
                493.17288466818985
            ],
            4.655891798891947
        ],
        [
            [
                38.80107600050202,
                235.84505074777607
            ],
            4.990551711031692
        ],
        [
            [
                443.42713444688167,
                445.2484944090997
            ],
            5.392813255624265
        ],
        [
            [
                297.4761005756291,
                31.057756366376385
            ],
            5.354756362009373
        ],
        [
            [
                207.11819013158728,
                420.46202199639754
            ],
            3.131524941181488
        ],
        [
            [
                250.2590019865715,
                44.72658472929162
            ],
            3.7462971206896376
        ],
        [
            [
                325.4362847517248,
                21.128848762805646
            ],
            5.024913035643875
        ],
        [
            [
                498.58552200305974,
                344.24274563381186
            ],
            3.7386461189417304
        ],
        [
            [
                315.9601977022621,
                168.24492574551098
            ],
            4.068146632604492
        ],
        [
            [
                230.5544358120915,
                158.69800298842074
            ],
            3.0439223124693977
        ],
        [
            [
                16.870011958232816,
                186.5533855924956
            ],
            4.301504584530313
        ],
        [
            [
                80.14725733080869,
                505.7806001633191
            ],
            5.881357142863422
        ],
        [
            [
                163.15327599396304,
                478.02681375213086
            ],
            5.092477101781797
        ],
        [
            [
                456.4912096887539,
                177.36663770943343
            ],
            4.7125171033032425
        ],
        [
            [
                123.18896242417718,
                163.97206494850136
            ],
            3.6512575937026917
        ],
        [
            [
                406.1566344215138,
                65.96947207413211
            ],
            3.4030099605994226
        ],
        [
            [
                261.16815489568074,
                334.88320456991926
            ],
            5.336675866724909
        ],
        [
            [
                444.2278166927331,
                227.0745826768513
            ],
            4.154359811148986
        ],
        [
            [
                409.73226914504,
                393.8820940486863
            ],
            5.255372020720477
        ],
        [
            [
                443.4626415795037,
                506.15431367051235
            ],
            5.677280947153756
        ],
        [
            [
                340.079155676416,
