{
    "start": [
        [
            17.730205216968255,
            229.97465624868025
        ],
        4.0
    ],
    "goal": [
        [
            488.95766327197936,
            213.27060206487013
        ],
        4.0
    ],
    "obstacles": [
        [
            [
                8.580024835269104,
                89.94751010104558
            ],
            3.01951360489905
        ],
        [
            [
                203.59520995976365,
                222.34740583598423
            ],
            5.639202884667532
        ],
        [
            [
                486.60854320493456,
                416.16657875538476
            ],
            3.165361384662375
        ],
        [
            [
                26.506637370179465,
                397.67423322530294
            ],
            4.751975336968776
        ],
        [
            [
                479.6305136473945,
                221.5551342069992
            ],
            3.5083099337600467
        ],
        [
            [
                161.09250227583746,
                94.00765244395387
            ],
            3.042141504318684
        ],
        [
            [
                389.84283014147195,
                8.109080483942002
            ],
            3.4910206579472103
        ],
        [
            [
                389.87207514937575,
                251.4492117132253
            ],
            5.481321671957595
        ],
        [
            [
                334.83399215957274,
                377.3133616361705
            ],
            4.447285987825881
        ],
        [
            [
                233.732228556208,
                497.84554169199475
            ],
            3.1043997894896336
        ],
        [
            [
                438.14322828532653,
                194.8703988235539
            ],
            4.90818185236043
        ],
        [
            [
                479.8596373379484,
                91.24013559361372
            ],
            4.7595428325359155
        ],
        [
            [
                370.9975544237192,
                316.695364381777
            ],
            5.117967681066281
        ],
        [
            [
                186.09660286814596,
                135.95656278984825
            ],
            4.297432240734695
        ],
        [
            [
                429.11415035079597,
                205.40916624295974
            ],
            5.13257949229044
        ],
        [
            [
                30.573332700505784,
                264.6163586627641
            ],
            5.966317063537044
        ],
        [
            [
                325.81017756754494,
                261.7413994248412
            ],
            5.717892138584352
        ],
        [
            [
                41.89319084796782,
                370.61095868961513
            ],
            4.38769395729148
        ],
        [
            [
                292.9284311378739,
                235.19784144522083
            ],
            4.5734257257559445
        ],
        [
            [
                197.11419073663092,
                64.26067401069304
            ],
            5.816837488332898
        ],
        [
            [
                43.7671703757549,
                327.0085998675995
            ],
            4.96160607443122
        ],
        [
            [
                376.64229806011826,
                73.136667851222
            ],
            5.218442374158265
        ],
        [
            [
                226.4449494926906,
                8.57359547128928
            ],
            4.3547042421085305
        ],
        [
            [
                161.76382080217124,
                188.15276563506578
            ],
            3.7761340684836115
        ],
        [
            [
                144.03061580090292,
                445.7165503322155
            ],
            3.8431348330845148
        ],
        [
            [
                412.44048534209065,
                99.86299518542305
            ],
            5.819858868509754
        ],
        [
            [
                124.53933607286821,
                128.5910948835575
            ],
            4.301151709729073
        ],
        [
            [
                478.5177434152827,
                491.40380260598664
            ],
            5.601427165229735
        ],
        [
            [
                58.118600140978465,
                185.16849424822323
            ],
            5.815440154994265
        ],
        [
            [
                160.80906899986874,
                271.86420301530706
            ],
            4.294744925594257
        ],
        [
            [
                320.75048552261444,
                405.97834585396436
            ],
            5.661535147389213
        ],
        [
            [
                141.73589739130472,
                163.171033653751
            ],
            3.849963780357743
        ],
        [
            [
                277.1627365750556,
                336.41377747099034
            ],
            3.9315914990510947
        ],
        [
            [
                129.31097701451398,
                183.057499627841
            ],
            5.288583382731002
        ],
        [
            [
                347.9501790866797,
                182.80203308915895
            ],
            5.627112064841631
        ],
        [
            [
                296.78425816391547,
                122.37306793402463
            ],
            3.2282554455203702
        ],
        [
            [
                153.38123608646384,
                101.21662031092899
            ],
            5.320029719424267
        ],
        [
            [
                167.00440685348303,
                304.0068966627449
            ],
            3.5799427061244797
        ],
        [
            [
                381.39245803323195,
                163.2454286445002
            ],
            3.8432977687687337
        ],
        [
            [
                366.661862506175,
                415.97641712314464
            ],
            3.0275299790123316
        ],
        [
            [
                480.6664373025955,
                102.23855862543611
            ],
            3.9777207684588225
        ],
        [
            [
                210.3886921993984,
                454.8829453993151
            ],
            4.682618566416717
        ],
        [
            [
                266.8446724024465,
                361.9185995184053
            ],
            5.955921760930286
        ],
        [
            [
                225.01757336833296,
                275.9128812032626
            ],
            5.48149983291467
        ],
        [
            [
                372.9862413892853,
                248.80455655365907
            ],
            4.040673337897394
        ],
        [
            [
                439.5200191335977,
                111.34362969517836
            ],
            3.5410864912894646
        ],
        [
            [
                45.9706431808957,
                388.5309997444579
            ],
            5.831171643684689
        ],
        [
            [
                408.96484476440344,
                218.61324884777585
            ],
            5.422765835843934
        ],
        [
            [
                201.25670628924823,
                118.07665089878745
            ],
            5.867733636399626
        ],
        [
            [
                309.1657013062087,
                283.6004198543011
            ],
            5.973023626901206
        ],
        [
            [
                103.31959907346655,
                337.058570458542
            ],
            3.637539483280717
        ],
        [
            [
                348.68801155725623,
