{
    "start": [
        [
            24.335076166265996,
            235.9251167491239
        ],
        4.0
    ],
    "goal": [
        [
            484.133574531511,
            236.8770195607336
        ],
        4.0
    ],
    "obstacles": [
        [
            [
                242.00005023932326,
                436.9942129380898
            ],
            5.4638205302222875
        ],
        [
            [
                163.05384689574723,
                289.8865377244779
            ],
            5.507772576295887
        ],
        [
            [
                84.74706293534129,
                307.47682058866525
            ],
            5.849082073212642
        ],
        [
            [
                196.76169482658312,
                90.12577532165399
            ],
            3.264741020709074
        ],
        [
            [
                144.24847730436022,
                44.430629859143515
            ],
            5.196118801477562
        ],
        [
            [
                97.07814330982777,
                500.27025044731505
            ],
            5.441797811367254
        ],
        [
            [
                306.56942645869424,
                86.34980595065356
            ],
            4.92367404273945
        ],
        [
            [
                183.18325048109406,
                218.6653502815462
            ],
            5.626604505172054
        ],
        [
            [
                52.75758147730317,
                233.63429619572454
            ],
            3.800693684781452
        ],
        [
            [
                318.54797102803036,
                236.0734004199343
            ],
            4.910169499452857
        ],
        [
            [
                155.2979118067027,
                256.88438406951633
            ],
            4.326120176162985
        ],
        [
            [
                95.19862312569734,
                194.0488186622034
            ],
            5.980421652481274
        ],
        [
            [
                464.78359516587585,
                362.32566721795564
            ],
            5.296822127657095
        ],
        [
            [
                212.4085492354131,
                411.01568232389354
            ],
            3.2159588561108805
        ],
        [
            [
                374.67396008879905,
                52.366493116586504
            ],
            4.997038192160551
        ],
        [
            [
                222.9216134770838,
                354.3680785342937
            ],
            4.943491767741353
        ],
        [
            [
                214.43176740292992,
                82.17356968822405
            ],
            3.779525072320884
        ],
        [
            [
                419.2974119008877,
                323.15427259632077
            ],
            5.853586350892073
        ],
        [
            [
                300.5359284568038,
                174.51121418009495
            ],
            3.2853582953426033
        ],
        [
            [
                256.18944548068544,
                357.10870798399145
            ],
            5.464843529606794
        ],
        [
            [
                130.34258901860127,
                496.37290234189055
            ],
            5.868774015162899
        ],
        [
            [
                425.0669997025263,
                308.9770594601013
            ],
            4.235702528287801
        ],
        [
            [
                24.795067998239844,
                499.6811715121495
            ],
            4.373644585894416
        ],
        [
            [
                483.36441898079687,
                478.31131250991984
            ],
            3.2258633090114546
        ],
        [
            [
                424.5727847901997,
                216.4331240026812
            ],
            4.832956695972205
        ],
        [
            [
                375.2310899733339,
                31.83170387653703
            ],
            5.580994117875661
        ],
        [
            [
                335.89835341831974,
                295.52824505690313
            ],
            3.4227074185894266
        ],
        [
            [
                19.075155879998363,
                426.392204603857
            ],
            4.768146797095452
        ],
        [
            [
                55.780015711183424,
                480.08589312356423
            ],
            5.948394014816785
        ],
        [
            [
                112.11526492230182,
                444.92237729374625
            ],
            4.255531549900427
        ],
        [
            [
                396.82398528083843,
                497.37884639822767
            ],
            3.157136611584982
        ],
        [
            [
                57.423192640680874,
                418.6190683593856
            ],
            3.6581219368079902
        ],
        [
            [
                325.58771573274845,
                9.493731457588193
            ],
            4.1056416444615795
        ],
        [
            [
                89.03151295194726,
                98.59413688903578
            ],
            4.6226429868679855
        ],
        [
            [
                205.53617883855068,
                256.57412757812864
            ],
            4.689034152496266
        ],
        [
            [
                368.5078566851863,
                186.45450003728206
            ],
            5.237976913053625
        ],
        [
            [
                93.93431407694382,
                54.34300590866073
            ],
            4.72984442878111
        ],
        [
            [
                388.5117780032151,
                279.15654639250454
            ],
            4.661821066024828
        ],
        [
            [
                474.87139104944384,
                180.85158131600414
            ],
            5.374000571411832
        ],
        [
            [
                457.6772639991976,
                185.80451492422088
            ],
            4.492637561046887
        ],
        [
            [
                293.58513840484494,
                476.90783284816206
            ],
            3.0344958863172566
        ],
        [
            [
                384.22098457547594,
                210.4074458710022
            ],
            3.484122011343679
        ],
        [
            [
                124.37853579475725,
                335.2212186257388
            ],
            3.289739659564024
        ],
        [
            [
                99.74780007377367,
                234.93876040139565
            ],
            5.580186052462769
        ],
        [
            [
                36.335300586784776,
                362.366484582441
            ],
            4.727157595117379
        ],
        [
            [
                426.6823875349263,
                273.0456766017293
            ],
            3.2216596907615105
        ],
        [
            [
                343.72764639394444,
                5.878565756699626
            ],
            5.738170537442681
        ],
        [
            [
                147.59595940471974,
                334.26467816225687
            ],
            5.596163532621704
        ],
        [
            [
                496.8042873291866,
                275.0886798064891
            ],
            5.43025984781711
        ],
        [
            [
                248.10335910446597,
                274.27871159489354
            ],
            3.753677991014021
        ],
        [
            [
                444.30291401721234,
                447.88835744068194
            ],
            4.11605943062443
        ],
        [
            [
                65.1091951223118,
