{
    "start": [
        [
            27.914232605505298,
            326.3415204961088
        ],
        4.0
    ],
    "goal": [
        [
            494.053872613883,
            285.90577237844633
        ],
        4.0
    ],
    "obstacles": [
        [
            [
                503.1033376059025,
                42.28928075325368
            ],
            5.583956908730947
        ],
        [
            [
                81.70010684379137,
                369.0219160031956
            ],
            5.486648004609645
        ],
        [
            [
                431.8996034511073,
                162.02204724814902
            ],
            4.379086407152743
        ],
        [
            [
                106.5523661089595,
                290.7701631537463
            ],
            4.16416958588531
        ],
        [
            [
                445.7888501287303,
                363.72168617285377
            ],
            5.342126622515978
        ],
        [
            [
                411.130653937896,
                220.2056791504052
            ],
            3.444604294844212
        ],
        [
            [
                454.5746929572119,
                464.41756566025896
            ],
            5.095821215828673
        ],
        [
            [
                106.51921727733871,
                211.79524224496996
            ],
            4.1213887540593825
        ],
        [
            [
                280.47965516808284,
                268.453944370595
            ],
            4.852552481363867
        ],
        [
            [
                45.28144630294034,
                95.20007426066203
            ],
            4.200336168895392
        ],
        [
            [
                469.79695382858415,
                43.41719286261905
            ],
            3.211847541697393
        ],
        [
            [
                381.4536707006069,
                505.2195721982272
            ],
            5.014378534930449
        ],
        [
            [
                169.60791755212534,
                52.54352482888141
            ],
            3.8306036217142303
        ],
        [
            [
                173.6165920324909,
                293.76987982372043
            ],
            5.780993369168133
        ],
        [
            [
                371.7062441707497,
                473.7566748546983
            ],
            5.32448610841599
        ],
        [
            [
                39.81962816391023,
                395.73251694040664
            ],
            5.385622584684013
        ],
        [
            [
                92.85602734335305,
                73.83092162529084
            ],
            3.479412969000328
        ],
        [
            [
                277.52317032001685,
                372.2649634992069
            ],
            4.6311802339468375
        ],
        [
            [
                307.68385890931995,
                215.89733464277424
            ],
            5.762268504048866
        ],
        [
            [
                325.49097023535325,
                333.4098017796874
            ],
            4.820231354556878
        ],
        [
            [
                412.64523948819544,
                258.92484990089366
            ],
            3.1958933853845397
        ],
        [
            [
                339.6405448639358,
                364.3104444433564
            ],
            3.115625248329003
        ],
        [
            [
                416.46501965224144,
                92.4005024945687
            ],
            5.994098610219374
        ],
        [
            [
                384.0021373271716,
                472.30093279892327
            ],
            5.8804098518505885
        ],
        [
            [
                68.06546695573677,
                348.6557376297516
            ],
            3.480327247369938
        ],
        [
            [
                150.56534313287517,
                34.90248449838814
            ],
            5.377989230465025
        ],
        [
            [
                249.80082017228838,
                12.651702542608007
            ],
            3.273611803761335
        ],
        [
            [
                314.05308134923166,
                149.56017742216753
            ],
            5.137420835420039
        ],
        [
            [
                65.02503727775823,
                235.7729997704784
            ],
            5.749932970637616
        ],
        [
            [
                361.8086915927214,
                189.62045145426976
            ],
            5.555542861555479
        ],
        [
            [
                336.92230153021177,
                199.810654798243
            ],
            3.3300847995092164
        ],
        [
            [
                147.4970757603677,
                439.00365537702464
            ],
            5.849495208193284
        ],
        [
            [
                199.48732787766747,
                193.87605402811747
            ],
            3.681023724815666
        ],
        [
            [
                28.89993730754559,
                365.5831667794007
            ],
            3.274848296877945
        ],
        [
            [
                387.292095697803,
                378.7794042116212
            ],
            3.327896466123165
        ],
        [
            [
                402.40833508043454,
                236.08393584161658
            ],
            5.193584508875778
        ],
        [
            [
                83.12620916310969,
                432.92581328274383
            ],
            4.629621900671572
        ],
        [
            [
                434.54827973381526,
                191.55445459664963
            ],
            4.728322585609947
        ],
        [
            [
                173.96743701525799,
                492.8630391108648
            ],
            3.6141828128156783
        ],
        [
            [
                140.6060281089661,
                392.18881550766605
            ],
            3.0251532017082234
        ],
        [
            [
                338.0229956374178,
                253.7876998174251
            ],
            4.168074060088637
        ],
        [
            [
                498.96979663184663,
                130.27121554558738
            ],
            5.225313872334726
        ],
        [
            [
                205.91153318205556,
                347.75259320947515
            ],
            5.024032492777945
        ],
        [
            [
                98.51371029335722,
                229.1383185570809
            ],
            5.9673700119490105
        ],
        [
            [
                171.97068679761378,
                135.9706322532591
            ],
            5.9759418920752285
        ],
        [
            [
                134.49121791417784,
                422.7598356207181
            ],
            4.5418546451091455
        ],
        [
            [
                58.67823666792923,
                471.0181598497622
            ],
            4.42529988178719
        ],
        [
            [
                241.96527317151532,
                193.68367116694665
            ],
            3.5138367243399617
        ],
        [
            [
                170.31261010265948,
                366.81194085019996
            ],
            4.037187146129999
        ],
        [
            [
                349.58972805367296,
                47.035982222112445
            ],
            4.152042429759332
        ],
        [
            [
                456.5731378619549,
                308.35126233418094
            ],
            4.18005917302031
        ],
        [
            [
                129.85653732798602,
                158.04418072555285
