{
    "start": [
        [
            22.658219302834326,
            469.1098739284837
        ],
        4.0
    ],
    "goal": [
        [
            484.00869716274036,
            294.5178668581263
        ],
        4.0
    ],
    "obstacles": [
        [
            [
                161.59470926593374,
                218.23016853089516
            ],
            3.3299472427783487
        ],
        [
            [
                306.93158256741964,
                208.12275277723802
            ],
            3.204899142124836
        ],
        [
            [
                456.46780890415215,
                41.89047715106681
            ],
            3.831289696441034
        ],
        [
            [
                431.1557311366505,
                236.1775270948766
            ],
            3.2053553327417177
        ],
        [
            [
                229.30305792898358,
                200.20000903047583
            ],
            5.617207833909019
        ],
        [
            [
                460.9130719721986,
                292.6957389288677
            ],
            3.1266391746196174
        ],
        [
            [
                336.9690222508411,
                116.36487655949351
            ],
            3.2098302164585557
        ],
        [
            [
                424.5004662009779,
                84.66689220286062
            ],
            5.376133738321748
        ],
        [
            [
                495.7883607283023,
                130.95442308183073
            ],
            4.229305333508251
        ],
        [
            [
                483.14119521577766,
                411.82856319982096
            ],
            5.918302938148903
        ],
        [
            [
                152.8831800776239,
                447.4412553014712
            ],
            4.521884094702065
        ],
        [
            [
                159.2615397655236,
                179.41317686408814
            ],
            3.74522574259259
        ],
        [
            [
                344.0983596405511,
                155.11545431879142
            ],
            4.7784187803445235
        ],
        [
            [
                273.8888365789889,
                266.7495095858133
            ],
            5.43087627168111
        ],
        [
            [
                404.7819998332693,
                329.9553796192099
            ],
            3.0512247501430902
        ],
        [
            [
                338.6950644384998,
                47.198945331191176
            ],
            5.7000652897710395
        ],
        [
            [
                362.7039817236644,
                132.4322575758256
            ],
            5.499365185868349
        ],
        [
            [
                118.2039201551393,
                147.7649735393636
            ],
            3.3251837990684834
        ],
        [
            [
                38.85038768591582,
                377.7468550396245
            ],
            3.211249199360745
        ],
        [
            [
                97.0756962548437,
                12.46587001117561
            ],
            3.6212575462553547
        ],
        [
            [
                331.18686434877225,
                89.23022198977203
            ],
            4.243142517441522
        ],
        [
            [
                415.28599158214263,
                350.73321263408656
            ],
            3.1818831173427724
        ],
        [
            [
                67.21331762845371,
                360.10764744723093
            ],
            4.053731050713461
        ],
        [
            [
                285.7426832563466,
                256.3683647885895
            ],
            4.152235051996642
        ],
        [
            [
                333.94564588357724,
                306.70008233408595
            ],
            5.232275562811052
        ],
        [
            [
                478.25374214256277,
                496.7989618165262
            ],
            5.877060842588515
        ],
        [
            [
                474.1008326808079,
                351.434205271994
            ],
            5.50179102754316
        ],
        [
            [
                25.34805453284074,
                202.39439430533068
            ],
            4.128084302058552
        ],
        [
            [
                268.37195143206014,
                350.4201025839526
            ],
            5.759256579282228
        ],
        [
            [
                296.8883287324237,
                99.81917271537769
            ],
            5.094218540611346
        ],
        [
            [
                247.47008293784123,
                428.3272855683276
            ],
            5.497466721985386
        ],
        [
            [
                68.03635726828718,
                330.84398428158994
            ],
            5.797922782016374
        ],
        [
            [
                179.86926510724987,
                148.98228806517864
            ],
            5.011090501599826
        ],
        [
            [
                40.478857538889685,
                238.34889630530841
            ],
            4.548441197057727
        ],
        [
            [
                272.6697910205052,
                197.70831760167795
            ],
            3.351361130906865
        ],
        [
            [
                148.42334705076175,
                183.63877264973726
            ],
            4.857264088074222
        ],
        [
            [
                404.3303622436668,
                504.2628368019286
            ],
            3.430435732434317
        ],
        [
            [
                478.4137841910549,
                210.98339999527303
            ],
            5.782815977564937
        ],
        [
            [
                63.18781711480849,
                227.29605519197247
            ],
            4.654754888547421
        ],
        [
            [
                141.31524956728842,
                107.22736164714651
            ],
            4.55768909702147
        ],
        [
            [
                25.389087292784584,
                484.67303963131053
            ],
            3.5095311282927226
        ],
        [
            [
                104.203412231135,
                182.34398244201418
            ],
            4.50667335614763
        ],
        [
            [
                44.86542866238806,
                217.62217988071902
            ],
            5.926798590222743
        ],
        [
            [
                199.46434573979155,
                15.654485065944533
            ],
            4.270284568081566
        ],
        [
            [
                138.82804200863308,
                92.83612967638189
            ],
            4.5689878692814965
        ],
        [
            [
                268.7605262213286,
                455.1715947670751
            ],
            3.5734005799770694
        ],
        [
            [
                357.42409357051736,
                322.63792961207565
            ],
            5.837824455602499
        ],
        [
            [
                272.8825560417264,
                372.3560383590946
            ],
            3.060184017171884
        ],
        [
            [
                16.331730922740746,
                66.2220731999285
            ],
            5.081429651499802
        ],
        [
            [
                293.94837760965686,
                265.22709546892514
            ],
            5.666487110479166
        ],
        [
            [
                314.56561004199926,
                124.41116035569475
            ],
            3.0484450416884252
        ],
        [
            [
                218.27596924065062,
