{
    "start": [
        [
            19.3177692998897,
            305.9950664963929
        ],
        4.0
    ],
    "goal": [
        [
            498.84979724958106,
            162.92730372136018
        ],
        4.0
    ],
    "obstacles": [
        [
            [
                293.38312262289963,
                449.50492284245576
            ],
            5.238326424933488
        ],
        [
            [
                328.68132838874584,
                443.8730008711359
            ],
            3.3188039798857214
        ],
        [
            [
                70.74871510142896,
                211.7875897244477
            ],
            3.367440179595219
        ],
        [
            [
                493.0888144439376,
                494.6932841945104
            ],
            4.069970263211559
        ],
        [
            [
                25.165789986147466,
                353.43145853407344
            ],
            5.923891485084645
        ],
        [
            [
                441.23374347527334,
                266.25255389807484
            ],
            5.486885146157636
        ],
        [
            [
                252.88844526261,
                133.110086115155
            ],
            5.708954089189028
        ],
        [
            [
                140.36586445374542,
                48.50471858168232
            ],
            4.047107041796586
        ],
        [
            [
                191.2669009529809,
                281.6767393693274
            ],
            4.6811885452801665
        ],
        [
            [
                210.09255610682507,
                137.62666456898702
            ],
            3.6602964499316997
        ],
        [
            [
                231.08587055075733,
                368.5360182892153
            ],
            4.560519952352079
        ],
        [
            [
                359.3986589974432,
                448.8691106169655
            ],
            5.150135841582137
        ],
        [
            [
                147.09190594471391,
                294.562167258552
            ],
            3.138371776553538
        ],
        [
            [
                54.67611383431549,
                461.71178456122254
            ],
            5.402147661298439
        ],
        [
            [
                491.19104646768585,
                323.67208601617347
            ],
            5.5557686013307865
        ],
        [
            [
                201.5430491276824,
                211.64100248619383
            ],
            4.141360933920443
        ],
        [
            [
                189.28107115520783,
                388.4440866956958
            ],
            5.501591336382689
        ],
        [
            [
                183.20900955766166,
                398.54459577100016
            ],
            3.6394747269738823
        ],
        [
            [
                58.42560232288511,
                63.5751370546522
            ],
            3.2362637310705735
        ],
        [
            [
                14.27235400978468,
                401.67798508616875
            ],
            5.747596540092058
        ],
        [
            [
                213.25720307684296,
                34.0725278513044
            ],
            5.949334315651709
        ],
        [
            [
                57.00556880410957,
                112.97566936407802
            ],
            4.073431266484921
        ],
        [
            [
                284.4675905621796,
                23.216651878837563
            ],
            3.140917313373957
        ],
        [
            [
                55.699691729827734,
                240.49827268485038
            ],
            5.3860137397351515
        ],
        [
            [
                489.91586071588733,
                230.38433138206318
            ],
            3.616916386187579
        ],
        [
            [
                266.607970659226,
                93.72578781410049
            ],
            4.3070656488170975
        ],
        [
            [
                38.69580594440009,
                200.85553953044808
            ],
            3.2244799147412913
        ],
        [
            [
                188.40471110398462,
                27.986416787426315
            ],
            5.33499199171415
        ],
        [
            [
                124.79711294291393,
                386.04282549862296
            ],
            5.271477231419926
        ],
        [
            [
                290.27101556948355,
                212.45661758424507
            ],
            5.798448168714784
        ],
        [
            [
                434.2822802423245,
                441.13906814785184
            ],
            4.851349418221317
        ],
        [
            [
                111.77161888438928,
                451.46720162018875
            ],
            3.0968097868243447
        ],
        [
            [
                35.023987612946385,
                95.34122968211216
            ],
            3.1184559401015974
        ],
        [
            [
                357.253156211846,
                261.97800571086947
            ],
            5.791638028489627
        ],
        [
            [
                434.5287830354247,
                398.0893008212675
            ],
            4.573889589103313
        ],
        [
            [
                78.66371469050893,
                475.06488206314134
            ],
            4.63871157497595
        ],
        [
            [
                25.496785385771094,
                193.30059683490992
            ],
            4.3168159439139435
        ],
        [
            [
                490.62308529797536,
                107.63713209301845
            ],
            3.9237554428603016
        ],
        [
            [
                421.2228526647543,
                312.6477824270493
            ],
            4.951579965269222
        ],
        [
            [
                495.65906770483684,
                134.33084100524485
            ],
            3.164368732240905
        ],
        [
            [
                362.9132002819726,
                504.6701802432287
            ],
            3.9749657121658224
        ],
        [
            [
                461.5424655929329,
                161.45647108634415
            ],
            3.215081103676481
        ],
        [
            [
                103.00904310374789,
                116.80934477732555
            ],
            5.696930524153326
        ],
        [
            [
                112.54463427771539,
                246.3674962392777
            ],
            3.544942740026289
        ],
        [
            [
                384.9678764853805,
                392.5545806302702
            ],
            4.373854414001492
        ],
        [
            [
                351.0250025745594,
                300.2199634705089
            ],
            5.114015772637388
        ],
        [
            [
                259.8407857638836,
                112.80448967619647
            ],
            5.550806571670088
        ],
        [
            [
                53.38335024696186,
                432.0353201652882
            ],
            3.777986436431876
        ],
        [
            [
                279.2011881930906,
                475.7314788588534
            ],
            5.116475710871265
        ],
        [
            [
                470.43118151147445,
                306.3556416378039
            ],
            4.279453814853634
        ],
        [
            [
                485.89678076545977,
                422.5669460122733
            ],
            4.233781300650946
        ],
        [
            [
                460.52784187377426,
