{
    "start": [
        [
            9.175331683467153,
            469.9355411300469
        ],
        4.0
    ],
    "goal": [
        [
            494.62146906648354,
            380.0921775925744
        ],
        4.0
    ],
    "obstacles": [
        [
            [
                133.59137685509467,
                445.1508125548383
            ],
            3.880317186209308
        ],
        [
            [
                473.56664631333916,
                423.6285950530019
            ],
            4.500481049115033
        ],
        [
            [
                119.34780747570683,
                215.40949239304788
            ],
            5.633891619159245
        ],
        [
            [
                335.62777513448924,
                398.8143073136097
            ],
            4.768566894162159
        ],
        [
            [
                269.29984629478395,
                282.6706432124114
            ],
            5.592957937883997
        ],
        [
            [
                70.34811617023772,
                400.50144007181865
            ],
            5.869654392548314
        ],
        [
            [
                28.67082617708217,
                367.96479292429973
            ],
            4.226300756839478
        ],
        [
            [
                122.10661851057966,
                437.30103385780654
            ],
            4.349652214483797
        ],
        [
            [
                465.3164628574266,
                116.91999757134329
            ],
            4.916092384889008
        ],
        [
            [
                374.30889770973266,
                500.2499079967001
            ],
            5.375080251277973
        ],
        [
            [
                261.9653291884233,
                407.8828966292445
            ],
            4.448758485145132
        ],
        [
            [
                383.4388894527653,
                346.21276682659277
            ],
            3.2703986801546936
        ],
        [
            [
                160.3001250055973,
                50.572105328726806
            ],
            4.841498288246797
        ],
        [
            [
                349.1310395837124,
                316.7167926112744
            ],
            3.112150626465106
        ],
        [
            [
                258.67602727529777,
                124.10553546933124
            ],
            3.002235557744072
        ],
        [
            [
                394.20718463177764,
                16.418984020693152
            ],
            3.156706399731192
        ],
        [
            [
                419.9303068609429,
                480.0851478598734
            ],
            5.816622299420094
        ],
        [
            [
                229.76434520994806,
                244.07931577915474
            ],
            5.399100516586834
        ],
        [
            [
                423.1943443919777,
                132.291905998374
            ],
            5.782431132463112
        ],
        [
            [
                116.91599169528004,
                296.49316656752393
            ],
            4.0354363463515295
        ],
        [
            [
                223.38888826528074,
                397.9104697254888
            ],
            3.176398105977906
        ],
        [
            [
                330.85858015020807,
                479.76783198361954
            ],
            4.8144868518576684
        ],
        [
            [
                330.64738228823114,
                49.99354376454539
            ],
            4.310575270614475
        ],
        [
            [
                17.42134244949176,
                346.58371697061165
            ],
            5.562423228145395
        ],
        [
            [
                336.6996102481887,
                334.767814970668
            ],
            5.267562606631847
        ],
        [
            [
                77.09225295820096,
                156.31445000816132
            ],
            4.057339174153867
        ],
        [
            [
                487.3968448575015,
                363.98399998544
            ],
            4.506152359451383
        ],
        [
            [
                125.13810941604281,
                53.243765173569045
            ],
            3.1967091398946845
        ],
        [
            [
                79.42080070267966,
                278.37427017268567
            ],
            3.5544140003469424
        ],
        [
            [
                59.03983969735471,
                495.5296917302577
            ],
            5.530737660094633
        ],
        [
            [
                43.078440257081155,
                384.21083760864883
            ],
            4.11414379971929
        ],
        [
            [
                329.0574292560332,
                204.378112990663
            ],
            3.139623023365764
        ],
        [
            [
                493.16176494827687,
                105.85125428240742
            ],
            5.866832370925422
        ],
        [
            [
                236.33886877976255,
                368.17769732620127
            ],
            3.589389137012619
        ],
        [
            [
                38.22577345232524,
                502.7370151251757
            ],
            3.7097535618014454
        ],
        [
            [
                387.36271673784165,
                180.3849318871975
            ],
            3.2180806576964813
        ],
        [
            [
                69.42552987827462,
                214.42588121779167
            ],
            3.389527464972021
        ],
        [
            [
                448.5774960197872,
                359.8952169058293
            ],
            4.688874227311006
        ],
        [
            [
                267.0630067012383,
                364.4195923695328
            ],
            3.7905857212551535
        ],
        [
            [
                383.8599010285522,
                94.05921726076849
            ],
            5.3436133587392565
        ],
        [
            [
                491.78605313099393,
                189.20493604294666
            ],
            5.418329930327873
        ],
        [
            [
                96.80963154806875,
                371.3665547783786
            ],
            4.603851698840708
        ],
        [
            [
                405.4640942107004,
                496.44586486450544
            ],
            5.132042965135691
        ],
        [
            [
                471.63784699881614,
                178.18526713868877
            ],
            4.057206929143721
        ],
        [
            [
                461.0118856396927,
                216.57911871647661
            ],
            3.5020365022336413
        ],
        [
            [
                98.99585621458257,
                500.0926013882137
            ],
            4.069083320885818
        ],
        [
            [
                42.96428952416428,
                110.58863225534867
            ],
            4.8794935883208055
        ],
        [
            [
                301.26948748519374,
                103.54257466938243
            ],
            5.525847050874035
        ],
        [
            [
                167.96274623982958,
                23.77892069911433
            ],
            5.229035992042109
        ],
        [
            [
                302.9499813642651,
                383.2841957129555
            ],
            4.652268911555879
        ],
        [
            [
                256.2728007424924,
                237.2085031064538
            ],
            4.902516305026737
        ],
        [
            [
                120.33487919742703,
