{
    "start": [
        [
            11.13927134649493,
            165.21224175321643
        ],
        4.0
    ],
    "goal": [
        [
            500.1276387273872,
            154.66845218245282
        ],
        4.0
    ],
    "obstacles": [
        [
            [
                229.90350229840246,
                239.16275752580884
            ],
            3.336423537906429
        ],
        [
            [
                52.056856227415835,
                130.36070328203851
            ],
            3.984063300981534
        ],
        [
            [
                233.68364042973317,
                430.2936082260185
            ],
            4.388210230569991
        ],
        [
            [
                318.23684209166953,
                57.75499573709203
            ],
            3.32049915122541
        ],
        [
            [
                86.12303874631881,
                71.88129049964992
            ],
            4.942770364308059
        ],
        [
            [
                498.3896155412836,
                350.44867028806124
            ],
            3.3131110561120494
        ],
        [
            [
                14.866355726031511,
                82.23413634038859
            ],
            4.507821219046398
        ],
        [
            [
                375.25194908378245,
                292.6211604216922
            ],
            4.27594660779522
        ],
        [
            [
                473.7377440623322,
                408.0806369501182
            ],
            4.034543921709177
        ],
        [
            [
                297.3480499012853,
                268.5455208287112
            ],
            4.790688260765474
        ],
        [
            [
                437.0074199870692,
                351.3208896142311
            ],
            4.076023424606479
        ],
        [
            [
                117.45574182516255,
                416.8603881981685
            ],
            4.32486576052972
        ],
        [
            [
                61.24714569401918,
                403.10868944653953
            ],
            3.7325743392498154
        ],
        [
            [
                64.46138512124473,
                274.88973462612665
            ],
            4.089415184387956
        ],
        [
            [
                130.59735153087345,
                249.72852391906255
            ],
            3.308660586194979
        ],
        [
            [
                475.4562738355993,
                386.4914638161294
            ],
            5.532460354163778
        ],
        [
            [
                314.9347688631772,
                327.0356535625407
            ],
            5.50567993989772
        ],
        [
            [
                403.59020544017375,
                71.44576772801878
            ],
            4.230315498094979
        ],
        [
            [
                207.84322182435275,
                149.8363412323481
            ],
            5.324719518372516
        ],
        [
            [
                487.3374035923254,
                302.3104041526117
            ],
            5.669493922608989
        ],
        [
            [
                289.8885557580722,
                207.00954951390887
            ],
            4.400314881822696
        ],
        [
            [
                355.6203836342819,
                73.21233185252495
            ],
            4.963598016744557
        ],
        [
            [
                411.6920795192351,
                426.736551745005
            ],
            4.595254672510344
        ],
        [
            [
                191.6287800489796,
                459.096815858281
            ],
            4.69513229474164
        ],
        [
            [
                438.153987152103,
                479.74786382517715
            ],
            4.190416577507138
        ],
        [
            [
                198.76284708234533,
                338.7614490374899
            ],
            5.174016317527466
        ],
        [
            [
                312.7703751302208,
                416.9994085214875
            ],
            4.575303376344964
        ],
        [
            [
                365.1333280838432,
                358.739600771758
            ],
            4.571281097674301
        ],
        [
            [
                216.7748503964407,
                397.3755139736965
            ],
            4.009599013252082
        ],
        [
            [
                379.7634063369939,
                38.6365634392028
            ],
            5.280769397021497
        ],
        [
            [
                492.7948327554057,
                323.3243078280668
            ],
            3.6323460958822467
        ],
        [
            [
                55.62657663460289,
                275.25738690282185
            ],
            3.31638695071243
        ],
        [
            [
                41.30277049881741,
                41.16165956650161
            ],
            4.778445559033698
        ],
        [
            [
                84.5492684264763,
                500.99831961505834
            ],
            5.54856383861973
        ],
        [
            [
                179.74142058001723,
                403.339686279474
            ],
            5.106643248287029
        ],
        [
            [
                334.7676325576942,
                466.958014221819
            ],
            3.889610246914721
        ],
        [
            [
                90.69779770634806,
                132.42046589438797
            ],
            4.403924046419929
        ],
        [
            [
                480.057794032342,
                39.37543803525062
            ],
            4.233514728908138
        ],
        [
            [
                90.97332811157355,
                441.3910480865215
            ],
            4.947547985079344
        ],
        [
            [
                123.4312210874694,
                398.324290173552
            ],
            5.274592394925016
        ],
        [
            [
                202.79851656038898,
                4.508882579086311
            ],
            3.3654946383840785
        ],
        [
            [
                495.03696301401516,
                31.888167682364042
            ],
            5.551107872580179
        ],
        [
            [
                127.25458146682361,
                460.3305523367071
            ],
            4.67369774545597
        ],
        [
            [
                17.63915022025611,
                210.44863294698098
            ],
            3.935197906490327
        ],
        [
            [
                142.61202512175595,
                204.3879362437846
            ],
            3.1128303762392755
        ],
        [
            [
                266.6552367587787,
                339.6568687388682
            ],
            4.427648575139991
        ],
        [
            [
                96.6455071592814,
                86.91130487520498
            ],
            3.7661273500582397
        ],
        [
            [
                37.07070195664897,
                105.08908610643724
            ],
            5.516359499489368
        ],
        [
            [
                148.9191585292818,
                50.95305696541675
            ],
            4.717346426342227
        ],
        [
            [
                427.6019563400578,
                106.16028785921401
            ],
            3.207954567233574
        ],
        [
            [
                7.65358095785039,
                382.45619452910626
            ],
            4.914421416439678
        ],
        [
            [
                127.87675976809331,
                28.272198437219387
            ],
