{
    "start": [
        [
            6.709634531651099,
            252.8506667116248
        ],
        4.0
    ],
    "goal": [
        [
            490.6432091643441,
            76.43179218815771
        ],
        4.0
    ],
    "obstacles": [
        [
            [
                92.2490283495175,
                360.9254629845511
            ],
            3.560797148920995
        ],
        [
            [
                16.70792459938215,
                145.7061679473586
            ],
            3.594590930107541
        ],
        [
            [
                84.43899037255045,
                298.5412915909977
            ],
            3.3717099233139742
        ],
        [
            [
                479.99703105395946,
                84.0097425448335
            ],
            5.590293651417165
        ],
        [
            [
                416.32688345332474,
                476.12586334608403
            ],
            3.4813522281820903
        ],
        [
            [
                17.47453427703444,
                164.94162978711844
            ],
            4.177397491555274
        ],
        [
            [
                199.0769287076778,
                126.4282752357595
            ],
            4.248788409614912
        ],
        [
            [
                6.058903188669811,
                224.5168486128508
            ],
            5.917368255794994
        ],
        [
            [
                477.705717559298,
                154.73770864401678
            ],
            4.8920608832623635
        ],
        [
            [
                251.91938163297894,
                422.92004427053035
            ],
            5.986744252985966
        ],
        [
            [
                394.88370690153795,
                127.93149475734282
            ],
            5.427672076465528
        ],
        [
            [
                144.99263845862055,
                129.6322928244419
            ],
            3.3861044127118243
        ],
        [
            [
                315.8008037857398,
                246.99613787534497
            ],
            5.683048395814923
        ],
        [
            [
                401.15186182589247,
                365.1740053714442
            ],
            3.25784110542327
        ],
        [
            [
                334.44482479630534,
                428.97411589589797
            ],
            5.681727894100796
        ],
        [
            [
                447.37079967647446,
                368.6714209300655
            ],
            5.097177332256997
        ],
        [
            [
                113.656307483372,
                438.6978632558928
            ],
            4.4628572516641185
        ],
        [
            [
                302.1858379629531,
                31.04839243585548
            ],
            4.892015631799533
        ],
        [
            [
                261.9025057513151,
                444.0774054630653
            ],
            4.103159554122451
        ],
        [
            [
                377.0754644902388,
                102.77687557928611
            ],
            3.0027783319988313
        ],
        [
            [
                417.3860354491796,
                412.94358231256246
            ],
            5.763016581195043
        ],
        [
            [
                318.1461968500502,
                218.6283595805039
            ],
            4.707353468453012
        ],
        [
            [
                358.14776637304806,
                507.0654937968756
            ],
            3.687597354865271
        ],
        [
            [
                90.11628336520562,
                128.82685301967538
            ],
            3.875309405257127
        ],
        [
            [
                99.49269826089558,
                154.22937106105428
            ],
            4.984109298921425
        ],
        [
            [
                59.65417500132418,
                311.586348840183
            ],
            4.862365323473858
        ],
        [
            [
                409.7332496396535,
                425.19312451923406
            ],
            5.47164120180289
        ],
        [
            [
                118.88652072648652,
                421.5355701512255
            ],
            3.3425545976555915
        ],
        [
            [
                267.3642196484659,
                267.2974577854726
            ],
            5.1964379846371855
        ],
        [
            [
                456.7545373866789,
                346.2157011650599
            ],
            4.206839791379356
        ],
        [
            [
                24.297271212892905,
                405.2243421725867
            ],
            5.160356563567831
        ],
        [
            [
                427.9638302287313,
                129.66042119532827
            ],
            4.884756083261159
        ],
        [
            [
                287.0888188946025,
                369.4621786797138
            ],
            5.525543612893991
        ],
        [
            [
                442.5925633987914,
                42.8434752809676
            ],
            4.888347705869591
        ],
        [
            [
                447.8845903965167,
                86.69276306165938
            ],
            5.419393552471214
        ],
        [
            [
                362.3998575213023,
                227.96588463603308
            ],
            5.7738715114106025
        ],
        [
            [
                168.66996950983938,
                447.57009106009156
            ],
            4.492273643513421
        ],
        [
            [
                81.7096226555051,
                326.1426086416745
            ],
            4.153277929949402
        ],
        [
            [
                358.0062150301986,
                363.25363036098247
            ],
            4.173879995053311
        ],
        [
            [
                12.132234315068313,
                411.47872035851475
            ],
            3.633970014862082
        ],
        [
            [
                77.29287201403548,
                70.84363087825025
            ],
            3.421003857884004
        ],
        [
            [
                322.35463173404787,
                24.089720938541895
            ],
            3.5407295427759227
        ],
        [
            [
                47.86734908915778,
                434.6845209554789
            ],
            5.252074408345406
        ],
        [
            [
                199.52024127990313,
                288.24466861713114
            ],
            5.944156356898258
        ],
        [
            [
                425.5824946089923,
                223.95623712952832
            ],
            4.443317494493802
        ],
        [
            [
                424.8598882615319,
                378.0289096899023
            ],
            5.222963922023155
        ],
        [
            [
                40.00759133780084,
                16.10981196797627
            ],
            4.366815347871958
        ],
        [
            [
                204.3567773429408,
                440.1296504357946
            ],
            3.6846802254668
        ],
        [
            [
                343.84770965810975,
                456.8108348000204
            ],
            5.569124373756928
        ],
        [
            [
                354.1103850981958,
                253.9944213161126
            ],
            3.5292399609026037
        ],
        [
            [
                194.13146726944285,
                366.1345857203973
            ],
            3.83635037578624
        ],
        [
            [
                101.27597252572856,
                50.49754556885246
            ],
