{
    "start": [
        [
            13.639230996832882,
            100.13042921550388
        ],
        4.0
    ],
    "goal": [
        [
            505.9183537773954,
            391.8254788860144
        ],
        4.0
    ],
    "obstacles": [
        [
            [
                282.33370706350314,
                93.62404666278947
            ],
            4.628205692368948
        ],
        [
            [
                370.92042802688326,
                261.6815412523795
            ],
            3.334384682587748
        ],
        [
            [
                125.83342481274394,
                138.54097023192034
            ],
            5.151452853257608
        ],
        [
            [
                266.36106989838714,
                105.42261335249037
            ],
            3.1200240770678347
        ],
        [
            [
                17.285088636473663,
                398.33517780829334
            ],
            3.180059803998267
        ],
        [
            [
                451.96531094129864,
                166.0400485256147
            ],
            3.6615053840161456
        ],
        [
            [
                8.95326570618513,
                334.0666524649846
            ],
            3.2996483873791536
        ],
        [
            [
                38.90176586015097,
                142.5435659390033
            ],
            5.665065562447966
        ],
        [
            [
                331.51866795046254,
                466.2554085811124
            ],
            5.820039323824821
        ],
        [
            [
                106.17965310175163,
                328.0627647782119
            ],
            4.347077470803983
        ],
        [
            [
                69.06469735302612,
                76.75126114701499
            ],
            5.184894240456893
        ],
        [
            [
                505.17357688901757,
                452.1143308560101
            ],
            5.796282386446167
        ],
        [
            [
                356.9649239198958,
                179.5820969911167
            ],
            3.2103190899486878
        ],
        [
            [
                492.484664574875,
                318.75898860209213
            ],
            3.885415936719701
        ],
        [
            [
                367.24196024198835,
                465.8038826117333
            ],
            5.203191481051144
        ],
        [
            [
                74.67402917464915,
                473.8159347584395
            ],
            4.516027555628373
        ],
        [
            [
                499.8460180386329,
                383.8791260499416
            ],
            3.1396129837175852
        ],
        [
            [
                154.9031497229764,
                262.4725690426333
            ],
            4.43575511582162
        ],
        [
            [
                468.3944718892507,
                321.96018022653124
            ],
            5.73537883177346
        ],
        [
            [
                474.80669969664547,
                284.7585869360267
            ],
            5.0990812619269015
        ],
        [
            [
                86.37429295505966,
                157.6338702562526
            ],
            5.8964186093662665
        ],
        [
            [
                210.39818175844943,
                357.8746424595459
            ],
            3.6988690742807586
        ],
        [
            [
                172.1653120758966,
                493.1173224417915
            ],
            5.018412745283133
        ],
        [
            [
                413.9587138065043,
                431.37523565214354
            ],
            4.815673739157672
        ],
        [
            [
                8.894552092342835,
                445.1075196476626
            ],
            5.163442794724122
        ],
        [
            [
                91.81059339769718,
                366.5514429266759
            ],
            5.7888433103376125
        ],
        [
            [
                255.97353158166686,
                27.137772110105942
            ],
            3.918563129380163
        ],
        [
            [
                121.18286760330133,
                261.8462590496286
            ],
            5.775842563874509
        ],
        [
            [
                129.19669263980617,
                155.14934007164462
            ],
            5.098485747319521
        ],
        [
            [
                41.26462218039915,
                196.6850101218072
            ],
            4.9912728949712895
        ],
        [
            [
                55.11586973020641,
                415.4101409908005
            ],
            5.285333927559529
        ],
        [
            [
                236.87900945796633,
                32.57868194092051
            ],
            3.8275974318899517
        ],
        [
            [
                386.5838724840188,
                241.30983464546978
            ],
            3.461313827880384
        ],
        [
            [
                96.25769309217266,
                264.12407037043454
            ],
            4.901897735305749
        ],
        [
            [
                175.71480164932552,
                93.4023741098204
            ],
            5.539181035437252
        ],
        [
            [
                33.06672777677513,
                267.3167172397154
            ],
            5.647471773434259
        ],
        [
            [
                197.49486616048222,
                447.2947527308995
            ],
            5.568064585660823
        ],
        [
            [
                197.32208451452183,
                268.5606854856361
            ],
            4.868712226932946
        ],
        [
            [
                449.5750979796181,
                481.68375896176684
            ],
            3.6756859433836864
        ],
        [
            [
                13.727525852586624,
                221.86906917138145
            ],
            3.8046984862696958
        ],
        [
            [
                267.61897626642946,
                194.89301940808974
            ],
            5.237874905458688
        ],
        [
            [
                197.58473005990567,
                338.61167748589986
            ],
            3.390581876192978
        ],
        [
            [
                321.88994810802336,
                220.36331228287747
            ],
            5.7519807148495765
        ],
        [
            [
                445.1277811587449,
                159.12406141509138
            ],
            3.913146848554443
        ],
        [
            [
                440.06751103914564,
                434.9901739462283
            ],
            5.254491894771371
        ],
        [
            [
                364.6709743846781,
                130.6691165721082
            ],
            5.923430483411105
        ],
        [
            [
                445.40395625523547,
                454.60827651598737
            ],
            5.659691102186381
        ],
        [
            [
                9.713600247177057,
                58.662082142070815
            ],
            5.7715877205228105
        ],
        [
            [
                484.91615742237815,
                353.5713522342436
            ],
            4.289437430600919
        ],
        [
            [
                298.68630750183064,
                271.89551452765784
            ],
            5.030036437738309
        ],
        [
            [
                461.6268346549105,
                217.9788894146975
            ],
            4.428062652811869
        ],
        [
            [
                249.73805477214947,
