{
    "start": [
        [
            13.056892145302275,
            480.5607254196251
        ],
        4.0
    ],
    "goal": [
        [
            499.01618301744975,
            325.9782809046535
        ],
        4.0
    ],
    "obstacles": [
        [
            [
                91.10828701141217,
                64.34968708207407
            ],
            5.884465153085794
        ],
        [
            [
                90.75432531298215,
                382.33171216387836
            ],
            3.6356924109167696
        ],
        [
            [
                202.7894926059217,
                313.5935392290832
            ],
            4.343369095991249
        ],
        [
            [
                406.81661580728314,
                291.14506111684307
            ],
            5.103667306790719
        ],
        [
            [
                426.6955122299968,
                458.7982232812356
            ],
            3.6858304519309857
        ],
        [
            [
                461.36120568619515,
                417.7049810912382
            ],
            3.4964474495806486
        ],
        [
            [
                185.78775285031782,
                81.11800279724824
            ],
            3.8453407020409855
        ],
        [
            [
                160.37093448732205,
                463.0772154581258
            ],
            5.571005942219159
        ],
        [
            [
                370.69452498516983,
                27.356331734793173
            ],
            5.968392788844193
        ],
        [
            [
                255.56627741039247,
                31.91626993743954
            ],
            5.357800039978563
        ],
        [
            [
                21.660614290669436,
                69.51598688529695
            ],
            3.159373650173629
        ],
        [
            [
                260.49229682919196,
                147.48183638083714
            ],
            4.263726062924709
        ],
        [
            [
                336.7024827693573,
                416.30160314952457
            ],
            4.471054564460129
        ],
        [
            [
                266.0314759210681,
                125.66983043792273
            ],
            4.421182141398784
        ],
        [
            [
                364.61523569680816,
                482.06830031214645
            ],
            4.091051555257819
        ],
        [
            [
                401.52530914118796,
                96.169915924051
            ],
            4.134800085491204
        ],
        [
            [
                201.8926991783504,
                426.22687213041985
            ],
            3.908809727031946
        ],
        [
            [
                165.63546937219647,
                266.9353885626259
            ],
            3.064361358147863
        ],
        [
            [
                355.4918908303043,
                308.43202477190493
            ],
            3.3112657847143465
        ],
        [
            [
                174.18795485870191,
                198.03752122684767
            ],
            5.995084989037582
        ],
        [
            [
                466.7193485761331,
                446.38451273827593
            ],
            4.521278314448021
        ],
        [
            [
                433.78323520633614,
                151.61764341188342
            ],
            5.684778556076155
        ],
        [
            [
                21.55548982071758,
                164.82744189327337
            ],
            4.818002989314025
        ],
        [
            [
                13.914096990615423,
                387.8846777897355
            ],
            4.2860655930310045
        ],
        [
            [
                269.78816117381734,
                498.15854162126135
            ],
            4.991792991136707
        ],
        [
            [
                325.24217300982536,
                124.37832706840955
            ],
            3.5148739195883536
        ],
        [
            [
                271.92996956476895,
                341.8894364154718
            ],
            3.1221081590559825
        ],
        [
            [
                36.58893795358896,
                423.4362581218361
            ],
            3.728925088283057
        ],
        [
            [
                165.02882551858514,
                296.4820764920024
            ],
            4.006388192899294
        ],
        [
            [
                66.85593889616709,
                230.5221003110083
            ],
            3.571476421466477
        ],
        [
            [
                349.0231125465511,
                302.63051418268276
            ],
            5.1265323467562585
        ],
        [
            [
                118.05223297178179,
                277.17071664057266
            ],
            5.8377677577996545
        ],
        [
            [
                150.3848252584663,
                467.9661416905339
            ],
            5.353405423755385
        ],
        [
            [
                60.46025146668718,
                380.2532109676071
            ],
            3.560171482922205
        ],
        [
            [
                475.09309848577,
                315.6790346578585
            ],
            5.496744236052786
        ],
        [
            [
                491.146171069098,
                438.1264007513543
            ],
            3.6191316707791477
        ],
        [
            [
                182.72288052180627,
                307.30692199224546
            ],
            5.277156157955772
        ],
        [
            [
                236.45353637690306,
                327.52635215659274
            ],
            5.074710087750863
        ],
        [
            [
                203.31154865462432,
                64.75204201923037
            ],
            4.740834882834614
        ],
        [
            [
                141.4620573850167,
                19.082597979357487
            ],
            3.717607174632853
        ],
        [
            [
                17.17959065475932,
                465.3581784271164
            ],
            4.16307159309783
        ],
        [
            [
                9.884885219093821,
                488.63342554643157
            ],
            4.4642344837391015
        ],
        [
            [
                360.5310034094031,
                440.47831478603933
            ],
            5.656583355215898
        ],
        [
            [
                77.2096390983662,
                395.399330797011
            ],
            4.082208133730913
        ],
        [
            [
                480.22130262485217,
                212.77064860735982
            ],
            3.190404931790409
        ],
        [
            [
                14.692033235223832,
                258.84294875770877
            ],
            4.735512326604082
        ],
        [
            [
                474.1813042089344,
                365.86275500677283
            ],
            5.2730249879310565
        ],
        [
            [
                100.14177342163279,
                455.77029299554977
            ],
            4.368943257041661
        ],
        [
            [
                116.65949672849537,
                173.82710069404408
            ],
            5.044644299943466
        ],
        [
            [
                167.99589326597373,
                407.3248348197701
            ],
            4.934872293145011
        ],
        [
            [
                253.30718419686514,
                360.5177413221288
            ],
            3.531713960597914
        ],
        [
            [
                194.861472720374,
