{
    "start": [
        [
            6.625772661668585,
            164.2202030837468
        ],
        4.0
    ],
    "goal": [
        [
            495.1666905649021,
            248.50507378023488
        ],
        4.0
    ],
    "obstacles": [
        [
            [
                43.52450828415131,
                460.8160128144294
            ],
            5.491554715722708
        ],
        [
            [
                286.84437058169505,
                322.7998158804858
            ],
            3.0851827643967358
        ],
        [
            [
                61.95693562207938,
                107.81121064388665
            ],
            3.704398661531857
        ],
        [
            [
                254.59682672458482,
                257.4849796980345
            ],
            3.4670550463822196
        ],
        [
            [
                474.4150090485611,
                404.90374696435464
            ],
            5.0060848602112795
        ],
        [
            [
                480.4877636679873,
                458.7570083901371
            ],
            3.4062140940716756
        ],
        [
            [
                504.0120271554064,
                304.1283317024756
            ],
            4.576897974269299
        ],
        [
            [
                247.95271925900204,
                35.0469054140637
            ],
            3.706266452826012
        ],
        [
            [
                103.93715289790352,
                286.87978800905137
            ],
            3.859627038508176
        ],
        [
            [
                411.5400339763747,
                274.765266169262
            ],
            4.265801438755641
        ],
        [
            [
                355.86333399601875,
                499.40485427174724
            ],
            3.013893501627815
        ],
        [
            [
                473.87256774548916,
                264.523438511757
            ],
            5.507760098799327
        ],
        [
            [
                172.49732326238555,
                304.78910369066546
            ],
            3.9554190818676322
        ],
        [
            [
                345.67509820944696,
                384.6939819459226
            ],
            5.225540398815489
        ],
        [
            [
                225.84956245569185,
                270.94555524126207
            ],
            5.939450141415901
        ],
        [
            [
                473.8582516688429,
                25.197861458067337
            ],
            3.0661531049624466
        ],
        [
            [
                202.86584688327204,
                469.2527106107722
            ],
            5.580125127067445
        ],
        [
            [
                241.2525039657448,
                408.69736913872254
            ],
            4.157400255688138
        ],
        [
            [
                338.3157774173906,
                270.4784965020141
            ],
            3.646357962944731
        ],
        [
            [
                218.02882261271017,
                117.40575761373049
            ],
            4.574809831441163
        ],
        [
            [
                148.8366472903174,
                180.8527587420389
            ],
            4.9124441455887515
        ],
        [
            [
                17.234942473801624,
                477.3044002403631
            ],
            5.033227462360349
        ],
        [
            [
                67.79398651505161,
                64.27125203062909
            ],
            5.5834649328124755
        ],
        [
            [
                505.8215183791747,
                347.26959272026545
            ],
            5.460654248176778
        ],
        [
            [
                305.2849013859645,
                398.8395285203872
            ],
            3.7736694497886143
        ],
        [
            [
                370.2759991255484,
                419.43392942836107
            ],
            5.838942545006024
        ],
        [
            [
                401.98408443244534,
                322.7559822293798
            ],
            5.804768169612009
        ],
        [
            [
                66.59845626842284,
                144.68413475433164
            ],
            4.4557816643624255
        ],
        [
            [
                373.30340244221014,
                317.5094882755433
            ],
            4.294093362671132
        ],
        [
            [
                149.0177574413612,
                431.35691523290876
            ],
            4.505198076702316
        ],
        [
            [
                445.5298406483498,
                201.74603458889897
            ],
            3.5119740651498983
        ],
        [
            [
                355.8636896809133,
                339.88466428538806
            ],
            4.084118615403536
        ],
        [
            [
                457.150151341264,
                242.87763997836933
            ],
            4.53446084059352
        ],
        [
            [
                205.85795591740703,
                332.1904010304568
            ],
            3.2170129802816434
        ],
        [
            [
                393.6547150110846,
                246.10283889129252
            ],
            3.384342128702375
        ],
        [
            [
                167.00755499740723,
                195.71659050809956
            ],
            4.219105688356101
        ],
        [
            [
                370.18675693450007,
                126.9037934311376
            ],
            4.149845051926175
        ],
        [
            [
                220.064580168373,
                219.14753034583754
            ],
            4.7105338457595485
        ],
        [
            [
                127.30280285307595,
                18.282056722141387
            ],
            3.114047734336954
        ],
        [
            [
                440.62677420600306,
                435.60899217133255
            ],
            4.94307476250812
        ],
        [
            [
                210.2720452454714,
                246.80341960462482
            ],
            3.48337439887987
        ],
        [
            [
                488.7970129728492,
                149.5333840226847
            ],
            5.919246814382996
        ],
        [
            [
                216.96834800972275,
                309.2581608001342
            ],
            4.731692889706746
        ],
        [
            [
                500.8693070688329,
                32.91133422801329
            ],
            3.6674844593594993
        ],
        [
            [
                444.02259326605235,
                50.186602836624715
            ],
            5.649872837703515
        ],
        [
            [
                79.67764245673317,
                299.3741222697682
            ],
            3.8387328791449833
        ],
        [
            [
                231.5792908792747,
                485.4537504903193
            ],
            3.681637231653544
        ],
        [
            [
                69.38014816534691,
                428.5196594687424
            ],
            3.5175771233768556
        ],
        [
            [
                342.7837070205371,
                443.0546204160014
            ],
            4.809201048205991
        ],
        [
            [
                162.22610185270074,
                121.93933252829369
            ],
            4.61928212083615
        ],
        [
            [
                487.0890873482473,
                96.4564103305747
            ],
            3.9685535892938595
        ],
        [
            [
                300.43011051003003,
                98.98083144938431
