{
    "start": [
        [
            15.13825061834985,
            320.26137458917475
        ],
        4.0
    ],
    "goal": [
        [
            502.9784791411161,
            272.44352907933126
        ],
        4.0
    ],
    "obstacles": [
        [
            [
                271.11636486285744,
                154.850223300744
            ],
            5.134817016674761
        ],
        [
            [
                394.3334924682618,
                415.54408452815676
            ],
            5.991838789448422
        ],
        [
            [
                130.55973867671872,
                198.11278528828052
            ],
            3.1942130888578415
        ],
        [
            [
                153.2954665329969,
                139.5925777319768
            ],
            5.74731451241848
        ],
        [
            [
                36.53932161221142,
                173.23779651634493
            ],
            5.916238373548657
        ],
        [
            [
                306.5897335490265,
                347.45784363810566
            ],
            5.411045227876398
        ],
        [
            [
                497.88733088946526,
                188.58993500121386
            ],
            4.761167702721394
        ],
        [
            [
                168.7735309678945,
                466.9769161303925
            ],
            4.459156777771606
        ],
        [
            [
                481.4241985550589,
                100.15291720419727
            ],
            3.444910284700609
        ],
        [
            [
                411.89833822995314,
                216.28801003616158
            ],
            4.836872757724816
        ],
        [
            [
                296.01720403215995,
                367.11397168342853
            ],
            3.3573845495536143
        ],
        [
            [
                417.2563408966235,
                333.78589124364083
            ],
            5.424045144466003
        ],
        [
            [
                321.97979165928064,
                131.40055334176986
            ],
            3.6152014134997246
        ],
        [
            [
                428.7302955228046,
                427.61119117104056
            ],
            3.514444157265757
        ],
        [
            [
                481.58168838363747,
                275.07043699961696
            ],
            3.6095789326601198
        ],
        [
            [
                258.76895026991195,
                77.60607206279313
            ],
            5.880048454514164
        ],
        [
            [
                177.0535238697123,
                213.30100390594995
            ],
            3.410144127900461
        ],
        [
            [
                316.8394365473936,
                75.8311386161265
            ],
            3.797950785246466
        ],
        [
            [
                481.43450116277745,
                375.66194019408834
            ],
            5.376466789753083
        ],
        [
            [
                169.66443774296212,
                280.65073890552907
            ],
            5.764909253396178
        ],
        [
            [
                261.98853062856557,
                15.10765699734926
            ],
            5.550212240720849
        ],
        [
            [
                439.74925711466597,
                358.996799718213
            ],
            5.5124725894865385
        ],
        [
            [
                330.51213364899405,
                358.7159468390618
            ],
            5.316593432082147
        ],
        [
            [
                348.9218184657057,
                195.74199234106
            ],
            3.6552522635921476
        ],
        [
            [
                258.67770524009177,
                434.9374232990627
            ],
            3.952177616299247
        ],
        [
            [
                57.78135067043185,
                424.50903804542565
            ],
            3.635070854054475
        ],
        [
            [
                196.8842939766254,
                178.39305606215652
            ],
            5.760497315784322
        ],
        [
            [
                252.74226197782104,
                270.5474568188919
            ],
            3.480428881913196
        ],
        [
            [
                285.88935669540666,
                73.11685155698193
            ],
            3.4294812408622546
        ],
        [
            [
                306.0420546198658,
                389.790920462975
            ],
            4.267465577941767
        ],
        [
            [
                490.012497655614,
                264.05893329143356
            ],
            4.426291974066644
        ],
        [
            [
                133.96204532739677,
                390.5345587026439
            ],
            3.891273463468174
        ],
        [
            [
                172.2127701416872,
                30.840213147114078
            ],
            4.965169637453432
        ],
        [
            [
                54.304146991120774,
                155.4822271559767
            ],
            4.135514699619024
        ],
        [
            [
                199.81720935114845,
                351.35719735951574
            ],
            4.6186427236829495
        ],
        [
            [
                343.86194455553533,
                257.5248453541041
            ],
            5.861352024079819
        ],
        [
            [
                393.1199651820923,
                443.21145038121074
            ],
            4.597898206172946
        ],
        [
            [
                493.560381022205,
                172.4464644992209
            ],
            3.815842697069961
        ],
        [
            [
                470.202823059242,
                242.3913834953922
            ],
            3.4336749783277454
        ],
        [
            [
                11.287444679140444,
                329.08932789169523
            ],
            5.2255789185684725
        ],
        [
            [
                327.9393140660958,
                235.67664831831064
            ],
            3.92927779686092
        ],
        [
            [
                14.534274590449199,
                393.3867994954716
            ],
            3.7701495628171027
        ],
        [
            [
                6.437477166858228,
                442.4303397861417
            ],
            3.551638867226648
        ],
        [
            [
                274.8215323947779,
                256.68993710615496
            ],
            3.751752429390053
        ],
        [
            [
                42.456412568576766,
                218.4731479515682
            ],
            3.4561405303026524
        ],
        [
            [
                359.3631244321475,
                90.1716585539182
            ],
            3.454810812502239
        ],
        [
            [
                33.910012851731736,
                482.35196657459346
            ],
            4.388003958406019
        ],
        [
            [
                364.31685965093055,
                107.337616068566
            ],
            4.312576877210539
        ],
        [
            [
                414.6899738821382,
                144.36848741446113
            ],
            5.055783156589163
        ],
        [
            [
                20.512092116802684,
                337.44533366278336
            ],
            4.629206467966469
        ],
        [
            [
                293.48320107897416,
                429.07761588171616
            ],
            4.798865180678852
        ],
        [
            [
                464.23449890645475,
