{
    "start": [
        [
            13.125711802090379,
            427.48805636283987
        ],
        4.0
    ],
    "goal": [
        [
            485.80152259373403,
            315.6648521135474
        ],
        4.0
    ],
    "obstacles": [
        [
            [
                394.94666643975125,
                362.38454401664404
            ],
            3.674324923795029
        ],
        [
            [
                501.1252891352168,
                98.25082434196808
            ],
            4.441278694514848
        ],
        [
            [
                94.52776887449474,
                116.23292049060228
            ],
            4.765206729641272
        ],
        [
            [
                442.1796094736673,
                152.43798605082273
            ],
            3.740758168391195
        ],
        [
            [
                305.8980068107365,
                275.2618922013649
            ],
            3.09821170976367
        ],
        [
            [
                373.7726934269158,
                288.99170699172646
            ],
            5.148098540430996
        ],
        [
            [
                192.69328935563573,
                278.4377704738098
            ],
            4.678038554885345
        ],
        [
            [
                464.35946007731803,
                384.29856979309625
            ],
            5.6997127804267995
        ],
        [
            [
                374.4253666076734,
                228.49872929521342
            ],
            3.001310469002061
        ],
        [
            [
                402.8347051665581,
                93.4280307724689
            ],
            3.2855912424044167
        ],
        [
            [
                347.7415665705699,
                12.125449687664563
            ],
            4.2529892302666905
        ],
        [
            [
                235.95645826519382,
                462.4713230371195
            ],
            5.743052420859153
        ],
        [
            [
                345.8255038062981,
                101.82587591411229
            ],
            5.923000222730789
        ],
        [
            [
                342.8506560052524,
                193.41446692016672
            ],
            4.918682721090272
        ],
        [
            [
                95.53869748664025,
                94.02357373520765
            ],
            4.359554151850217
        ],
        [
            [
                5.533551059156349,
                197.54789108987484
            ],
            3.797157662309391
        ],
        [
            [
                490.8239082777966,
                505.1306546512051
            ],
            3.8147083764825434
        ],
        [
            [
                211.36296583410032,
                127.43175989682717
            ],
            5.072910585550718
        ],
        [
            [
                333.2523413299902,
                488.28405933549965
            ],
            4.946302638697723
        ],
        [
            [
                454.66047761712406,
                424.01129497377497
            ],
            5.567025571527784
        ],
        [
            [
                174.34874614889262,
                49.017995277734386
            ],
            5.715633697042566
        ],
        [
            [
                338.1075875665353,
                68.36599272127302
            ],
            3.8972144323769213
        ],
        [
            [
                249.75362142342857,
                247.14413676182033
            ],
            3.677094791664849
        ],
        [
            [
                157.42093768300592,
                426.87530616658427
            ],
            5.264726557966509
        ],
        [
            [
                436.19657551041996,
                280.59032890978386
            ],
            3.6601905029847845
        ],
        [
            [
                63.4828730969091,
                112.43274280544671
            ],
            3.261490522176917
        ],
        [
            [
                127.8243703695374,
                109.04525170680813
            ],
            5.164479986444702
        ],
        [
            [
                411.5456243563928,
                89.33972644453779
            ],
            5.386089986905802
        ],
        [
            [
                472.3530918296159,
                416.7345886065794
            ],
            4.2351005897039204
        ],
        [
            [
                147.51534752725857,
                421.85820527279117
            ],
            3.100432600956186
        ],
        [
            [
                217.98180472189887,
                471.9354402749466
            ],
            5.510796522836114
        ],
        [
            [
                303.1152152035284,
                25.471974943466442
            ],
            4.755406968213378
        ],
        [
            [
                255.50538738737924,
                330.81223532701506
            ],
            3.476331576635719
        ],
        [
            [
                382.93154295810643,
                185.58925967890664
            ],
            5.283130671850897
        ],
        [
            [
                310.8868904943435,
                213.5226357898377
            ],
            4.478602507537795
        ],
        [
            [
                181.92429677204538,
                88.8431035882147
            ],
            3.528945079289695
        ],
        [
            [
                387.2815942891282,
                261.1311382720067
            ],
            3.943340733876087
        ],
        [
            [
                488.0702145892418,
                403.08413166865773
            ],
            4.326015088735545
        ],
        [
            [
                472.66607190476793,
                477.08171229588197
            ],
            5.996725246359546
        ],
        [
            [
                241.6137346632604,
                227.08009730699158
            ],
            5.636694068648185
        ],
        [
            [
                437.26130003481137,
                208.77562177737326
            ],
            5.326066381034799
        ],
        [
            [
                220.72767682102375,
                447.80012654954146
            ],
            4.663900914287109
        ],
        [
            [
                98.80430120650671,
                498.0648088428182
            ],
            4.507371360554925
        ],
        [
            [
                89.39567829597546,
                422.3497939612353
            ],
            3.516441496769976
        ],
        [
            [
                90.6055993334918,
                218.74141273698433
            ],
            3.0395361209408662
        ],
        [
            [
                427.83460942127954,
                357.42262736565016
            ],
            4.725319202477413
        ],
        [
            [
                142.37156887109134,
                147.65254330846662
            ],
            3.2836197234104256
        ],
        [
            [
                390.8521640661972,
                402.5797687885763
            ],
            4.8466740772486805
        ],
        [
            [
                498.8141635036005,
                497.9992298274843
            ],
            4.624384125528261
        ],
        [
            [
                340.61358205882016,
                367.61362674047757
            ],
            3.9073397102136362
        ],
        [
            [
                300.707635862732,
                269.16348666633246
            ],
            4.401711029722609
        ],
        [
            [
                208.47819030486636,
