{
    "start": [
        [
            18.380855006239287,
            279.721332738455
        ],
        4.0
    ],
    "goal": [
        [
            507.14019499478144,
            270.10526501097394
        ],
        4.0
    ],
    "obstacles": [
        [
            [
                189.10874475923794,
                366.21692125245687
            ],
            4.466927845352766
        ],
        [
            [
                248.89952049967812,
                210.3321139281322
            ],
            5.790444797729809
        ],
        [
            [
                325.09771116814716,
                155.11519141025238
            ],
            4.616207940073556
        ],
        [
            [
                377.04422730504297,
                227.82020878202206
            ],
            3.7571090331093773
        ],
        [
            [
                485.45649385029964,
                498.7025767867389
            ],
            4.0013019713999
        ],
        [
            [
                273.2589524176771,
                218.06782984086593
            ],
            3.1700753883998134
        ],
        [
            [
                497.5310158298695,
                173.0409712761022
            ],
            5.91534466742584
        ],
        [
            [
                34.31580577588282,
                334.5545543122173
            ],
            5.778732714043565
        ],
        [
            [
                437.3212378045632,
                308.8889697041074
            ],
            4.658400235740896
        ],
        [
            [
                379.6993803020275,
                476.6107828428259
            ],
            3.87027695211217
        ],
        [
            [
                436.3058268064409,
                445.6149059682724
            ],
            5.329102009907819
        ],
        [
            [
                323.39680137541376,
                139.9986073073926
            ],
            5.46878470242366
        ],
        [
            [
                377.25432035823184,
                74.12716613641301
            ],
            3.7324322473431533
        ],
        [
            [
                492.45847538983367,
                371.4423196674221
            ],
            4.990857003453026
        ],
        [
            [
                461.90636714874836,
                267.74070810300003
            ],
            4.502196506444834
        ],
        [
            [
                91.7504357485213,
                185.286496085782
            ],
            5.043528341063865
        ],
        [
            [
                35.04021157020386,
                439.61353083339225
            ],
            5.564842982804701
        ],
        [
            [
                264.3780857843975,
                79.98270019258977
            ],
            4.312801566543461
        ],
        [
            [
                298.00279730909614,
                109.86129295653319
            ],
            3.6641322892421813
        ],
        [
            [
                211.8730789957064,
                499.5987699973582
            ],
            5.017947076423843
        ],
        [
            [
                425.63722767619333,
                98.22610221327386
            ],
            4.9184973280826005
        ],
        [
            [
                62.84506391318793,
                65.46983902014861
            ],
            4.3132830267949185
        ],
        [
            [
                490.64080160171835,
                281.85102428337086
            ],
            5.906067290926137
        ],
        [
            [
                500.71039976972844,
                483.3874351954613
            ],
            3.8198950102737954
        ],
        [
            [
                284.30850683015325,
                184.61205140895544
            ],
            5.828869033721709
        ],
        [
            [
                483.4912981276864,
                130.03390446170917
            ],
            4.160880929227884
        ],
        [
            [
                461.8184271607403,
                68.26871751109188
            ],
            5.7948966109986095
        ],
        [
            [
                155.43355662864366,
                55.20384361736683
            ],
            5.035323823673129
        ],
        [
            [
                436.8818199447045,
                106.10050913903521
            ],
            4.667729662823401
        ],
        [
            [
                209.65987823516465,
                143.56736406663342
            ],
            5.423652180136536
        ],
        [
            [
                85.98685809250588,
                28.98367695415338
            ],
            4.131831768270343
        ],
        [
            [
                57.44757262795355,
                249.11125979760084
            ],
            5.299191544061877
        ],
        [
            [
                12.936205799864968,
                26.131473275079838
            ],
            4.469127679717153
        ],
        [
            [
                422.1351225883976,
                401.59014487109624
            ],
            3.686165764745466
        ],
        [
            [
                283.54233647099085,
                40.27677988845694
            ],
            3.8047318410221025
        ],
        [
            [
                489.811998062373,
                83.5410035697371
            ],
            3.3110842440604435
        ],
        [
            [
                300.00176953429997,
                375.316731555532
            ],
            3.274382505216413
        ],
        [
            [
                56.58831101204323,
                444.27860458835016
            ],
            3.9993364693539797
        ],
        [
            [
                158.59831037587657,
                227.1700178086595
            ],
            5.601024117003378
        ],
        [
            [
                453.1562037510355,
                299.38870959635165
            ],
            5.366379156390744
        ],
        [
            [
                456.932500045059,
                336.1749894512096
            ],
            5.760228326598991
        ],
        [
            [
                151.74991491630132,
                63.18931767465483
            ],
            3.435626747355643
        ],
        [
            [
                173.86511759041485,
                378.42570115471284
            ],
            5.694210258794376
        ],
        [
            [
                488.03144361891344,
                269.81311727579487
            ],
            3.7035016549974973
        ],
        [
            [
                225.96960541276349,
                221.8490631519849
            ],
            4.876882555126718
        ],
        [
            [
                384.5890577263719,
                346.36234216128105
            ],
            4.919110937639218
        ],
        [
            [
                372.4655068663413,
                168.26715888799436
            ],
            4.430368740552314
        ],
        [
            [
                430.04490024297473,
                463.69397205386963
            ],
            5.726697096376602
        ],
        [
            [
                142.5403094634718,
                138.2076647712039
            ],
            5.34196650722313
        ],
        [
            [
                29.57038427824356,
                105.476586054101
            ],
            3.549986306624083
        ],
        [
            [
                35.64045948711451,
                375.7161597977218
            ],
            5.050534162912307
        ],
        [
            [
                476.732634608432,
                89.00112774037453
