{
    "start": [
        [
            10.136195436932727,
            219.42339166035728
        ],
        4.0
    ],
    "goal": [
        [
            486.9886030393134,
            467.20883085509223
        ],
        4.0
    ],
    "obstacles": [
        [
            [
                498.7113140370548,
                176.30893760982687
            ],
            5.846175337348095
        ],
        [
            [
                8.432090225747082,
                438.99597759115966
            ],
            4.594214391116601
        ],
        [
            [
                484.3236534023542,
                477.03569365559946
            ],
            4.9646010560025715
        ],
        [
            [
                404.87168108532404,
                166.31917452389746
            ],
            4.5781047826386825
        ],
        [
            [
                287.60826855127175,
                41.69267788798094
            ],
            5.0818621811240785
        ],
        [
            [
                389.95048730266393,
                260.0861096864699
            ],
            5.52326170104824
        ],
        [
            [
                392.9518581241606,
                173.3536052756974
            ],
            4.386213651234816
        ],
        [
            [
                72.79574707983495,
                113.62913338818139
            ],
            5.407010007201189
        ],
        [
            [
                296.50711202280274,
                64.51911226763184
            ],
            3.4013285999437493
        ],
        [
            [
                4.803065401366455,
                45.56193592230715
            ],
            3.6741538669570684
        ],
        [
            [
                222.1650445723248,
                106.04097818591855
            ],
            3.033468779484806
        ],
        [
            [
                422.5530939005567,
                452.56282951405575
            ],
            3.9100113954493962
        ],
        [
            [
                463.8971162788143,
                189.79162861472668
            ],
            3.6126641151667402
        ],
        [
            [
                217.98088008493244,
                229.6316902609792
            ],
            3.478645980063746
        ],
        [
            [
                130.69930444253947,
                139.22960107220067
            ],
            5.290229631294456
        ],
        [
            [
                154.90486482684892,
                415.69793580167396
            ],
            4.206686372784306
        ],
        [
            [
                285.2664173732718,
                462.34982093956256
            ],
            3.1698609359599814
        ],
        [
            [
                491.02441233366835,
                189.6574907833167
            ],
            4.9254405162371775
        ],
        [
            [
                500.8605988077477,
                132.64084863839722
            ],
            5.683864068388406
        ],
        [
            [
                270.29376591034367,
                237.69657586058236
            ],
            3.3324942092366334
        ],
        [
            [
                240.28551405986732,
                320.739770576225
            ],
            3.399257372077904
        ],
        [
            [
                355.7217932757405,
                244.2466088921719
            ],
            4.82080881737396
        ],
        [
            [
                484.3481531597205,
                334.24958263011655
            ],
            3.4171105891151017
        ],
        [
            [
                202.113642755641,
                85.21596935380681
            ],
            4.7154764051518585
        ],
        [
            [
                450.0901935440962,
                115.3100737062647
            ],
            5.269505210696183
        ],
        [
            [
                262.0602978017595,
                367.85188064883243
            ],
            4.111905009502092
        ],
        [
            [
                398.3675871446841,
                74.40775290816559
            ],
            3.7710100011165
        ],
        [
            [
                181.19680878254576,
                101.52052200054396
            ],
            3.7767271485769704
        ],
        [
            [
                213.38610824434136,
                263.74575771355114
            ],
            4.10823670172941
        ],
        [
            [
                320.88120796520843,
                328.01639031353403
            ],
            5.1741084624822395
        ],
        [
            [
                15.315020926325733,
                118.97207248564241
            ],
            4.41836318428602
        ],
        [
            [
                392.4775747912374,
                394.1652358061417
            ],
            4.781521837936573
        ],
        [
            [
                501.3031095828219,
                17.507487751113587
            ],
            4.457102540417901
        ],
        [
            [
                239.28967137831015,
                172.55241153850358
            ],
            3.9534998738242466
        ],
        [
            [
                209.72944028441177,
                55.74178832371771
            ],
            3.8972175892970857
        ],
        [
            [
                190.69262985499714,
                398.7738765800952
            ],
            5.71732839549793
        ],
        [
            [
                42.797976870183454,
                8.21361366631402
            ],
            3.1583216606488187
        ],
        [
            [
                299.6303039465086,
                238.79482883953315
            ],
            5.0646811115237345
        ],
        [
            [
                192.88747952034038,
                182.29717603700897
            ],
            4.189805971078167
        ],
        [
            [
                25.949139593470868,
                19.98323832111531
            ],
            5.017742503703509
        ],
        [
            [
                467.23471694229374,
                113.10790987766966
            ],
            4.719284839248376
        ],
        [
            [
                388.01460649161214,
                58.44864727080894
            ],
            3.565101465761551
        ],
        [
            [
                371.88280974916347,
                325.86426877609784
            ],
            3.428733148210238
        ],
        [
            [
                75.90986127937879,
                202.32413676394154
            ],
            5.747663962685259
        ],
        [
            [
                385.5783036402275,
                271.72506950947934
            ],
            4.883464465769854
        ],
        [
            [
                342.5859468465894,
                411.42562303680484
            ],
            5.074572289968822
        ],
        [
            [
                477.2631999872988,
                194.3497296644461
            ],
            5.675402529882094
        ],
        [
            [
                175.38735802154545,
                109.92144255312022
            ],
            4.8575220702279776
        ],
        [
            [
                383.408262041625,
                493.1392272679698
            ],
            5.892977472940748
        ],
        [
            [
                31.952047716931478,
                211.86345271002423
            ],
            5.315907875953826
        ],
        [
            [
                353.1798848437813,
                504.98867075309084
            ],
            3.651042332988912
        ],
        [
            [
                309.7642970708233,
