{
    "start": [
        [
            26.71261498009979,
            229.69386619195296
        ],
        4.0
    ],
    "goal": [
        [
            490.5575029288252,
            453.57050283752255
        ],
        4.0
    ],
    "obstacles": [
        [
            [
                289.7711568933283,
                52.07710309652339
            ],
            4.738922491487989
        ],
        [
            [
                488.2905856538227,
                234.22868804432863
            ],
            3.0136242742908173
        ],
        [
            [
                427.9936528781669,
                419.24986321728625
            ],
            4.487342532675592
        ],
        [
            [
                314.35203865011056,
                333.0262276890955
            ],
            3.579997507607512
        ],
        [
            [
                276.7834522745722,
                250.04040252029128
            ],
            4.629170906119098
        ],
        [
            [
                108.47802600886418,
                438.6687237201012
            ],
            3.10236623851147
        ],
        [
            [
                378.64954572810007,
                61.08845990379603
            ],
            5.589585925225961
        ],
        [
            [
                226.59559080178195,
                32.30528691316328
            ],
            5.533490016488567
        ],
        [
            [
                383.5310665544468,
                299.10537250161155
            ],
            5.977076245544355
        ],
        [
            [
                204.4984582987354,
                397.0118951704009
            ],
            3.8470320212787237
        ],
        [
            [
                51.09263971557193,
                75.98342051735138
            ],
            4.524212272003011
        ],
        [
            [
                37.417821184309716,
                237.12322410751173
            ],
            5.3035937697875655
        ],
        [
            [
                375.2615712772139,
                124.83384416381075
            ],
            5.695029830792722
        ],
        [
            [
                175.61792997839413,
                59.61246691898664
            ],
            3.532829021658494
        ],
        [
            [
                64.18958554055165,
                194.21614589947148
            ],
            5.437279298946102
        ],
        [
            [
                131.4166071562561,
                131.12488589723293
            ],
            5.198407770904955
        ],
        [
            [
                229.0084147028542,
                488.9307879424325
            ],
            4.901087626528317
        ],
        [
            [
                7.319042686889486,
                17.853094743526594
            ],
            3.786803506174352
        ],
        [
            [
                391.59423042437334,
                117.61151304295667
            ],
            5.056784495984617
        ],
        [
            [
                10.657383077253735,
                171.03164722577174
            ],
            4.68031481652049
        ],
        [
            [
                169.87639519962798,
                498.8604553788816
            ],
            4.578866986374783
        ],
        [
            [
                482.7345034244394,
                40.62899511154721
            ],
            4.760619562303095
        ],
        [
            [
                139.59531511949808,
                210.80879507436205
            ],
            4.490107756011473
        ],
        [
            [
                251.26547235053658,
                337.01454356019684
            ],
            5.052121577651364
        ],
        [
            [
                472.21308208418355,
                365.55301394508797
            ],
            5.762832584278559
        ],
        [
            [
                439.2374524492763,
                112.01446069594394
            ],
            5.181666140829419
        ],
        [
            [
                31.305214260191914,
                403.17613636137827
            ],
            3.345013121748085
        ],
        [
            [
                131.11472442628357,
                377.01491466365826
            ],
            5.1778575970524
        ],
        [
            [
                477.60274074620725,
                495.1606212648986
            ],
            4.794297408152573
        ],
        [
            [
                343.38258900358636,
                122.70494698793631
            ],
            4.83134922843665
        ],
        [
            [
                66.99724136911361,
                386.98325548091475
            ],
            5.395715604700331
        ],
        [
            [
                163.05272984185976,
                132.64427469391617
            ],
            4.8261401158962
        ],
        [
            [
                235.2723355371342,
                163.6788454726615
            ],
            3.2716208427208633
        ],
        [
            [
                394.3089596717717,
                361.1221375620466
            ],
            4.059120114669595
        ],
        [
            [
                155.3261446736717,
                317.8776510570359
            ],
            4.2864814711181545
        ],
        [
            [
                385.8181363344271,
                504.017911012093
            ],
            3.982038365495786
        ],
        [
            [
                190.98683762879023,
                330.7748397072522
            ],
            4.794620571220779
        ],
        [
            [
                472.563814987764,
                504.59633561030387
            ],
            3.513330539749573
        ],
        [
            [
                461.762677562841,
                468.1253145363055
            ],
            5.256775173219725
        ],
        [
            [
                420.034065788765,
                143.9722718900081
            ],
            4.976171948240389
        ],
        [
            [
                83.41743040611301,
                90.60050425199951
            ],
            4.672727562556134
        ],
        [
            [
                346.3731374264331,
                89.46166526650013
            ],
            3.096549299507984
        ],
        [
            [
                321.4100657022554,
                6.098538802960221
            ],
            4.748698092838493
        ],
        [
            [
                468.79496815261746,
                476.8921304238269
            ],
            5.91094696801381
        ],
        [
            [
                245.34913420757778,
                239.03492514068782
            ],
            5.622316896291241
        ],
        [
            [
                315.79452015060434,
                496.3166492345522
            ],
            5.205455567150676
        ],
        [
            [
                40.67474848509511,
                47.49715814800438
            ],
            4.519770058532894
        ],
        [
            [
                97.12526673559428,
                137.59378677694676
            ],
            3.0301140975811034
        ],
        [
            [
                160.53991102059703,
                477.49318122517997
            ],
            5.916500748140555
        ],
        [
            [
                116.20684572592099,
                174.8975939008567
            ],
            3.5164580502720604
        ],
        [
            [
                285.65101313617834,
                498.4082410905033
            ],
            4.599490187982333
        ],
        [
            [
                459.2318402960103,
                275.2165240727679
