{
    "start": [
        [
            13.806039866399388,
            506.63443409909553
        ],
        4.0
    ],
    "goal": [
        [
            485.0125292246587,
            507.37823288241015
        ],
        4.0
    ],
    "obstacles": [
        [
            [
                64.19249666249425,
                6.379100230065821
            ],
            5.1183249026539634
        ],
        [
            [
                203.19675075931522,
                195.3277901750489
            ],
            4.892586498183238
        ],
        [
            [
                410.1582725658295,
                256.58522002529685
            ],
            4.393411788388864
        ],
        [
            [
                419.0991450753533,
                258.4461628630434
            ],
            4.381431020081773
        ],
        [
            [
                451.7793491798353,
                426.66198395180356
            ],
            4.83305471597393
        ],
        [
            [
                343.16735766710656,
                147.0808658413747
            ],
            5.53800461865837
        ],
        [
            [
                343.2103154687455,
                486.2530037895671
            ],
            5.643132790393301
        ],
        [
            [
                44.614532019916666,
                360.29445259163424
            ],
            4.553058928900349
        ],
        [
            [
                448.3490680392687,
                145.47270173391667
            ],
            5.7812573746179465
        ],
        [
            [
                468.01685805624595,
                26.84048115476712
            ],
            5.591175218251694
        ],
        [
            [
                29.972076323785718,
                280.37288176597497
            ],
            4.07275314972102
        ],
        [
            [
                102.9514807788729,
                75.67490332585406
            ],
            5.2253498794816515
        ],
        [
            [
                458.2680386813906,
                153.044290599039
            ],
            4.036567894147114
        ],
        [
            [
                95.00616432904327,
                68.27855014443145
            ],
            3.580028753157862
        ],
        [
            [
                201.54679436326313,
                121.37485165276775
            ],
            3.80745537120966
        ],
        [
            [
                489.3375711648937,
                434.0473918810835
            ],
            3.176808769836626
        ],
        [
            [
                78.51476233145642,
                101.36619506633262
            ],
            4.221511427322562
        ],
        [
            [
                283.74420959550156,
                398.3001962803399
            ],
            5.0730071021237055
        ],
        [
            [
                196.25429067504902,
                346.70194022315644
            ],
            5.61090248442593
        ],
        [
            [
                84.98227550672951,
                478.446613541231
            ],
            5.717258503804532
        ],
        [
            [
                175.8137213667674,
                412.40655695270493
            ],
            5.295854981273142
        ],
        [
            [
                110.07582302566942,
                405.87632503352563
            ],
            5.7839117744530935
        ],
        [
            [
                58.79856652134814,
                429.32775031706814
            ],
            5.309602938488866
        ],
        [
            [
                428.3948145400424,
                428.6565367843626
            ],
            4.209188566516173
        ],
        [
            [
                194.66575629713589,
                449.24484093662335
            ],
            4.043389372040269
        ],
        [
            [
                131.3900460995616,
                206.66477001699016
            ],
            3.069759856651385
        ],
        [
            [
                313.14790645662043,
                385.85165077988256
            ],
            5.126615245880387
        ],
        [
            [
                346.97084302784367,
                11.939962932790051
            ],
            4.980353213307826
        ],
        [
            [
                42.017937903819536,
                224.16351518231218
            ],
            5.829681855611674
        ],
        [
            [
                340.9096141314829,
                357.26983972991997
            ],
            4.78379917636213
        ],
        [
            [
                200.87751071083085,
                358.08086392879653
            ],
            5.3393031070675585
        ],
        [
            [
                111.83181360210818,
                164.07197307758042
            ],
            4.878820117789925
        ],
        [
            [
                220.49780082882972,
                299.96528474339664
            ],
            3.1825533161187796
        ],
        [
            [
                455.03261979340965,
                176.8213904230316
            ],
            4.655962883288028
        ],
        [
            [
                433.0145941920501,
                256.60171432820437
            ],
            5.7542058347769
        ],
        [
            [
                22.746033568695296,
                363.3715964266554
            ],
            4.313478859864646
        ],
        [
            [
                205.45426455652301,
                369.3849721727914
            ],
            4.093545147983792
        ],
        [
            [
                367.85097995814715,
                307.6730620599564
            ],
            3.8779718968103563
        ],
        [
            [
                472.22884478206765,
                500.61089867625986
            ],
            4.718480142573168
        ],
        [
            [
                97.65781218005414,
                53.67577585152523
            ],
            4.944944672451813
        ],
        [
            [
                401.1663839619078,
                139.9034221872541
            ],
            4.250684446469056
        ],
        [
            [
                140.50621200616854,
                376.07675598814825
            ],
            4.27028222860341
        ],
        [
            [
                409.5219296267361,
                396.99046741650653
            ],
            4.052933467957404
        ],
        [
            [
                474.3027348867953,
                156.227778883588
            ],
            5.639992219103639
        ],
        [
            [
                397.8356967876811,
                44.89985528141525
            ],
            4.247974433342921
        ],
        [
            [
                317.0207217273613,
                190.95750360674015
            ],
            4.782903732096106
        ],
        [
            [
                369.54130124341407,
                289.28752362686004
            ],
            3.355275269854916
        ],
        [
            [
                99.33242467024498,
                205.65762373402362
            ],
            3.798288742135573
        ],
        [
            [
                437.6920018288534,
                289.6970991540741
            ],
            4.799401749948499
        ],
        [
            [
                204.270943803954,
                183.54044294051525
            ],
            4.000184456065145
        ],
        [
            [
                461.40736728780513,
                302.4374221444367
            ],
            3.899185263010161
        ],
        [
            [
                236.51809267007837,
                158.55604620269443
