{
    "start": [
        [
            18.130345186102392,
            386.3759481146849
        ],
        4.0
    ],
    "goal": [
        [
            497.4220174183751,
            204.17947289184283
        ],
        4.0
    ],
    "obstacles": [
        [
            [
                426.07367926317727,
                375.67438113124746
            ],
            5.601352047412144
        ],
        [
            [
                186.62936356802928,
                407.76432432629554
            ],
            5.311871554479328
        ],
        [
            [
                460.73657478200323,
                481.37002249435176
            ],
            5.083394142926315
        ],
        [
            [
                124.59900546029547,
                413.39920349245574
            ],
            3.9568460712790885
        ],
        [
            [
                159.17556470931333,
                361.2982634098072
            ],
            5.913342412637611
        ],
        [
            [
                72.33119408506984,
                376.2672716563593
            ],
            5.3324975761904
        ],
        [
            [
                226.49686246304628,
                65.92377241888789
            ],
            4.472936412702884
        ],
        [
            [
                497.91940345812554,
                128.09878479928415
            ],
            5.523140207086025
        ],
        [
            [
                265.1371292768609,
                92.90084094052602
            ],
            5.510896522932296
        ],
        [
            [
                163.8652526992964,
                12.637834432659753
            ],
            3.3607031315450357
        ],
        [
            [
                226.72485249359343,
                177.50731149814354
            ],
            5.636610344505674
        ],
        [
            [
                32.723389870711536,
                355.53770105965134
            ],
            4.226120500070573
        ],
        [
            [
                193.9303023178004,
                319.04590533666
            ],
            5.9835724284146625
        ],
        [
            [
                463.93332020691827,
                103.01883071860148
            ],
            3.7275931787927914
        ],
        [
            [
                415.57415696494047,
                267.2944002437023
            ],
            3.4583378069769677
        ],
        [
            [
                207.16450051596647,
                414.3228570836517
            ],
            3.423314129667279
        ],
        [
            [
                273.48541243658076,
                102.90138061317238
            ],
            4.686330662150943
        ],
        [
            [
                503.1180458970898,
                169.33635596182552
            ],
            4.568765491800096
        ],
        [
            [
                475.7555288230692,
                55.08723474668913
            ],
            5.739771353633841
        ],
        [
            [
                200.98864014615185,
                307.24444739086476
            ],
            3.427647253454504
        ],
        [
            [
                295.58813957908274,
                371.3745552825926
            ],
            4.3738523018920485
        ],
        [
            [
                26.924552673999592,
                477.83970487397164
            ],
            3.938407916494137
        ],
        [
            [
                154.2708711494083,
                183.64104865067756
            ],
            3.9779089259590545
        ],
        [
            [
                48.777656795093876,
                507.2407997846289
            ],
            4.4129865607690055
        ],
        [
            [
                490.69300962751953,
                473.3081146307349
            ],
            3.2925316588553177
        ],
        [
            [
                171.45147228024877,
                37.23427624417704
            ],
            5.249538457661405
        ],
        [
            [
                174.29946948630314,
                493.1781826753962
            ],
            3.736647669614954
        ],
        [
            [
                254.5010687454349,
                205.66697697781493
            ],
            4.3338141150875895
        ],
        [
            [
                168.60979528765236,
                19.799175388516563
            ],
            4.863213397071087
        ],
        [
            [
                237.8014130259616,
                282.5785230451502
            ],
            4.753872626079843
        ],
        [
            [
                263.9700458814437,
                371.77457783559544
            ],
            5.223095405970221
        ],
        [
            [
                290.83964296966695,
                412.7953926440923
            ],
            5.100076180139653
        ],
        [
            [
                99.68758209556286,
                450.1273622621734
            ],
            5.143387129607428
        ],
        [
            [
                442.00612978020456,
                507.2944352043939
            ],
            4.302426385325459
        ],
        [
            [
                108.7175161557849,
                224.52015431654868
            ],
            4.841101592554752
        ],
        [
            [
                499.34169735405965,
                476.4232625747245
            ],
            5.328851296165725
        ],
        [
            [
                113.8190305111036,
                189.19398133830555
            ],
            5.060452098916029
        ],
        [
            [
                391.66850417941396,
                173.4425453385786
            ],
            3.03921219192528
        ],
        [
            [
                143.71532096589797,
                401.31371289176525
            ],
            3.326903130737912
        ],
        [
            [
                135.41609512796634,
                125.6079804745563
            ],
            4.654873915897553
        ],
        [
            [
                224.17980870647088,
                424.5161535078158
            ],
            3.4129832559780677
        ],
        [
            [
                419.5817363920877,
                501.5925515448156
            ],
            5.033106317635442
        ],
        [
            [
                469.59000429510866,
                231.54793791039378
            ],
            4.254290710604182
        ],
        [
            [
                73.70508269001319,
                11.440737646189119
            ],
            5.494310907561613
        ],
        [
            [
                439.7867936787189,
                86.16985131709035
            ],
            3.3914629795804108
        ],
        [
            [
                390.7409123219921,
                439.6189561493025
            ],
            5.426355324388118
        ],
        [
            [
                351.4075151978059,
                187.04686297605403
            ],
            5.22819276230045
        ],
        [
            [
                171.05585525351444,
                339.4986363212172
            ],
            5.002621159279209
        ],
        [
            [
                397.25276683541233,
                87.12962949595816
            ],
            3.1953019381937806
        ],
        [
            [
                322.17283261835564,
                146.85216764882858
            ],
            4.730399089634716
        ],
        [
            [
                448.2648844178101,
                210.39831083282726
            ],
            3.295752489500729
        ],
        [
            [
                41.518227725195636,
