{
    "start": [
        [
            14.296211959110147,
            403.64951284777334
        ],
        4.0
    ],
    "goal": [
        [
            486.36587242343967,
            148.91078457093127
        ],
        4.0
    ],
    "obstacles": [
        [
            [
                190.70816765499745,
                444.49860285491724
            ],
            5.101983048893954
        ],
        [
            [
                188.65749034060332,
                86.772143629358
            ],
            5.9645171202311715
        ],
        [
            [
                490.8813273500199,
                50.18933803255198
            ],
            3.300924013773302
        ],
        [
            [
                83.3291092385901,
                494.2170150154166
            ],
            4.098807003570288
        ],
        [
            [
                59.17318160803876,
                222.00576414901715
            ],
            4.111947269228703
        ],
        [
            [
                312.21415223052463,
                403.6882608020158
            ],
            3.0284427205847546
        ],
        [
            [
                473.39479849303484,
                73.58585753196094
            ],
            4.447309302930622
        ],
        [
            [
                480.0441203594536,
                494.0415580510653
            ],
            5.13016184950331
        ],
        [
            [
                408.4740007361905,
                468.94018005977887
            ],
            5.245681101835574
        ],
        [
            [
                134.97729922965647,
                418.56291988456195
            ],
            5.510060630663906
        ],
        [
            [
                173.50471772624604,
                460.87400023423135
            ],
            5.490205100669648
        ],
        [
            [
                277.3572504591191,
                119.12233031066182
            ],
            3.2045402459771983
        ],
        [
            [
                98.72321428797778,
                277.9794722892036
            ],
            3.1613414321984514
        ],
        [
            [
                150.5302783791937,
                493.9416911010686
            ],
            4.585587428436717
        ],
        [
            [
                243.84038540879365,
                372.5163302283097
            ],
            5.3850342381463445
        ],
        [
            [
                287.40252119335383,
                419.6339664083942
            ],
            3.9494160506766494
        ],
        [
            [
                171.8861388174695,
                105.96116047906827
            ],
            5.305561981991584
        ],
        [
            [
                482.9992954821356,
                349.988018985537
            ],
            4.677654633541913
        ],
        [
            [
                172.66790271413188,
                47.60001756724615
            ],
            4.697319961518676
        ],
        [
            [
                351.0383043841883,
                334.21074154288755
            ],
            4.634335881017305
        ],
        [
            [
                186.28451890791268,
                261.0553178371311
            ],
            4.389065602669856
        ],
        [
            [
                389.85312855427696,
                146.19314189745322
            ],
            5.996974813558366
        ],
        [
            [
                255.23951490069723,
                149.16632404766702
            ],
            5.960614144739743
        ],
        [
            [
                475.5094800645318,
                220.69908172250123
            ],
            3.879356974908084
        ],
        [
            [
                345.07598623711715,
                31.133323204748542
            ],
            3.887767971765019
        ],
        [
            [
                267.78693488273535,
                143.28845901318402
            ],
            3.26300759072597
        ],
        [
            [
                319.2319581243814,
                82.90620348842056
            ],
            3.4117168353725984
        ],
        [
            [
                26.93718597592547,
                272.31202759957966
            ],
            5.035780593270733
        ],
        [
            [
                293.2733957523701,
                415.1067654181492
            ],
            3.2292998614332777
        ],
        [
            [
                385.42118492946133,
                460.908993993678
            ],
            4.673322473196316
        ],
        [
            [
                436.03234803825956,
                351.59180013339073
            ],
            4.105075185937985
        ],
        [
            [
                130.47555070169875,
                292.52858972259594
            ],
            4.499558013261828
        ],
        [
            [
                461.79620639547767,
                152.3992907429401
            ],
            5.373735308147512
        ],
        [
            [
                82.06370961582309,
                140.96961229459518
            ],
            3.1666531714101662
        ],
        [
            [
                85.49003309395795,
                260.80470315888016
            ],
            4.625680000114997
        ],
        [
            [
                285.20102141214,
                448.93426891695844
            ],
            4.369579436716182
        ],
        [
            [
                337.48584816042734,
                259.3467212820724
            ],
            5.7200148419830406
        ],
        [
            [
                459.72321699646386,
                245.4883101851988
            ],
            5.509988207426124
        ],
        [
            [
                132.2380307900561,
                331.2661683432825
            ],
            3.1301125309630393
        ],
        [
            [
                113.1422239583146,
                184.28400109745078
            ],
            3.007708511170745
        ],
        [
            [
                457.8547256906066,
                39.077648044212935
            ],
            4.161993844491672
        ],
        [
            [
                259.28064377561697,
                222.8520310382217
            ],
            4.368800150194518
        ],
        [
            [
                408.6507960595556,
                72.4238748444211
            ],
            4.57973131444584
        ],
        [
            [
                260.35698381917075,
                82.86122104772822
            ],
            4.041335201413973
        ],
        [
            [
                332.58694075306755,
                415.8329026655094
            ],
            5.878465185581543
        ],
        [
            [
                444.8376966862182,
                58.493764008776814
            ],
            5.16936206294651
        ],
        [
            [
                300.1296999172065,
                221.1102621175616
            ],
            3.8989378740981526
        ],
        [
            [
                281.31759621156186,
                180.06337580260225
            ],
            3.0342108250028823
        ],
        [
            [
                233.8857136584689,
                318.77697071139517
            ],
            5.171158923004628
        ],
        [
            [
                159.04037080550827,
                292.75451024405817
            ],
            5.029927048736784
        ],
        [
            [
                167.49803393495185,
                185.02867071248934
            ],
            3.690544047409967
        ],
        [
            [
                443.65834185693217,
