{
    "start": [
        [
            27.321874386387094,
            284.00513103918394
        ],
        4.0
    ],
    "goal": [
        [
            506.18610656611753,
            313.7021292008682
        ],
        4.0
    ],
    "obstacles": [
        [
            [
                434.5873294051646,
                146.80739519346224
            ],
            4.580433945635368
        ],
        [
            [
                36.38867330385838,
                231.56708998718068
            ],
            4.8934402724668296
        ],
        [
            [
                309.81107886250606,
                474.2554416084937
            ],
            3.480145267121954
        ],
        [
            [
                473.13813519727535,
                89.8194626050394
            ],
            4.012665958326339
        ],
        [
            [
                277.6316527192876,
                395.1300329677492
            ],
            4.036484296219969
        ],
        [
            [
                39.12642854363203,
                160.55880535345972
            ],
            4.629090733432972
        ],
        [
            [
                366.05500946891294,
                210.14368481547368
            ],
            5.797818839292239
        ],
        [
            [
                293.6099821396908,
                251.8540295180655
            ],
            5.4463323036248035
        ],
        [
            [
                320.18998885803074,
                53.39462219727515
            ],
            4.132524708488306
        ],
        [
            [
                130.53828209147778,
                501.2562329177057
            ],
            4.555406091006653
        ],
        [
            [
                311.95740536075164,
                311.56381462217485
            ],
            4.511480204079654
        ],
        [
            [
                209.0886189505395,
                316.37294231946646
            ],
            4.325105614861463
        ],
        [
            [
                481.0476662572779,
                141.17263335858078
            ],
            5.800825504760871
        ],
        [
            [
                10.35656333304977,
                293.3286386380135
            ],
            4.062417779604901
        ],
        [
            [
                471.61387250132304,
                39.12488690987989
            ],
            5.9311633024959916
        ],
        [
            [
                323.4260264990526,
                310.1291267515623
            ],
            4.086689143743028
        ],
        [
            [
                104.23352029438809,
                433.27362647712084
            ],
            3.54914768564786
        ],
        [
            [
                46.79088589500491,
                74.14203454327067
            ],
            5.424022038342523
        ],
        [
            [
                127.3144637353182,
                418.6715363439504
            ],
            3.667831434396495
        ],
        [
            [
                165.0567581840382,
                245.35432939925653
            ],
            5.430867656488974
        ],
        [
            [
                343.1550893531163,
                284.01646888107604
            ],
            4.337165726949653
        ],
        [
            [
                485.8776629743559,
                8.001045366544908
            ],
            3.5314027720516368
        ],
        [
            [
                237.27983743253534,
                216.92239596004248
            ],
            5.394436878809524
        ],
        [
            [
                334.93183952707295,
                417.4034081655579
            ],
            3.6154076855155153
        ],
        [
            [
                61.101151569303454,
                363.92844809807434
            ],
            4.86237408948829
        ],
        [
            [
                503.4891281111197,
                27.32008257842015
            ],
            4.625899304777242
        ],
        [
            [
                64.47764618982399,
                117.73623511575654
            ],
            4.89545702478208
        ],
        [
            [
                38.42825516149874,
                33.81189051583451
            ],
            5.9575577337525365
        ],
        [
            [
                295.29863178824775,
                131.12834677806282
            ],
            3.7491082090143655
        ],
        [
            [
                232.34546683337078,
                244.23970724082943
            ],
            4.372963748455717
        ],
        [
            [
                52.881615390865605,
                116.03686367780237
            ],
            3.956920073509918
        ],
        [
            [
                28.195999115684266,
                73.07839277708312
            ],
            3.8188510443758474
        ],
        [
            [
                151.87698647468707,
                505.1549977638806
            ],
            5.738402555517736
        ],
        [
            [
                266.98159529611473,
                242.10718284809278
            ],
            3.0615397438549246
        ],
        [
            [
                4.567553848198277,
                44.940449387384184
            ],
            4.414807108577442
        ],
        [
            [
                371.3728142580456,
                489.7204134897542
            ],
            3.8027722148434346
        ],
        [
            [
                382.4995887925863,
                349.8615195454123
            ],
            3.5294850955017916
        ],
        [
            [
                232.743295666416,
                170.20755444303063
            ],
            4.164912610256486
        ],
        [
            [
                364.7482454245226,
                261.48566794584605
            ],
            4.911949729106018
        ],
        [
            [
                19.951251214841385,
                129.18519136107022
            ],
            3.4946493668808944
        ],
        [
            [
                293.64697035138056,
                288.3316224624369
            ],
            5.7311003672166585
        ],
        [
            [
                122.5560134604232,
                285.31141018716136
            ],
            5.7049162639622715
        ],
        [
            [
                348.5957830466607,
                114.56954779541088
            ],
            4.0048855787218685
        ],
        [
            [
                338.14119381355425,
                203.69665492955622
            ],
            5.293358654432905
        ],
        [
            [
                98.99612227344537,
                231.91425012841776
            ],
            4.215098188640911
        ],
        [
            [
                146.71473093874803,
                192.2902881676312
            ],
            4.190763322800273
        ],
        [
            [
                257.63183279059035,
                53.07147351501688
            ],
            5.4680272499221525
        ],
        [
            [
                177.72502152580805,
                268.6868619436142
            ],
            4.240240839988639
        ],
        [
            [
                158.69444559113447,
                491.61201961960944
            ],
            4.213434071146533
        ],
        [
            [
                249.68642418314104,
                249.077692746428
            ],
            5.929905753042586
        ],
        [
            [
                56.857970647793934,
                449.6012654603713
            ],
            4.91639961461549
        ],
        [
            [
                390.98580980731964,
