{
    "start": [
        [
            24.300584509083162,
            114.45660862760647
        ],
        4.0
    ],
    "goal": [
        [
            506.4632340134388,
            80.38878518895001
        ],
        4.0
    ],
    "obstacles": [
        [
            [
                271.83372771767455,
                473.20347001511703
            ],
            3.9601675728913976
        ],
        [
            [
                212.5395052592365,
                43.173216610847405
            ],
            4.261171825040467
        ],
        [
            [
                406.25084359150713,
                147.58624212431684
            ],
            4.084814129212861
        ],
        [
            [
                45.2835388419918,
                373.0510736453881
            ],
            3.2666234813560497
        ],
        [
            [
                474.3084302315075,
                147.36892011855372
            ],
            3.6980817118211604
        ],
        [
            [
                19.966056320118234,
                262.8798316942143
            ],
            5.451711874750485
        ],
        [
            [
                388.62116179614833,
                465.4614300530195
            ],
            5.586797676846528
        ],
        [
            [
                352.97520733643876,
                419.770547314783
            ],
            4.931496582467157
        ],
        [
            [
                300.2558529305479,
                330.5553694981941
            ],
            4.023759927307126
        ],
        [
            [
                73.09339225518704,
                427.4630968758775
            ],
            4.951319560993132
        ],
        [
            [
                396.3596031121046,
                50.00031205040088
            ],
            3.363457405088423
        ],
        [
            [
                429.19932374384035,
                231.95670664960542
            ],
            4.101039368759604
        ],
        [
            [
                482.68319890226786,
                367.94108687135196
            ],
            3.4033564608914535
        ],
        [
            [
                34.09215746255069,
                141.16829071102177
            ],
            4.724314178151788
        ],
        [
            [
                117.01479585097789,
                420.3339297473904
            ],
            5.641134306435075
        ],
        [
            [
                499.65474278271626,
                220.9246130542357
            ],
            3.856663754953379
        ],
        [
            [
                98.99239592236954,
                382.96549138425564
            ],
            4.602357658752963
        ],
        [
            [
                284.08059049074393,
                237.6807223154017
            ],
            4.1875211965045605
        ],
        [
            [
                77.65537467368453,
                273.9917261207125
            ],
            4.939016758517938
        ],
        [
            [
                122.83239487527592,
                355.62399709887393
            ],
            4.576356661261713
        ],
        [
            [
                213.5582035324508,
                454.53201769617306
            ],
            3.820559155599583
        ],
        [
            [
                9.758402456641047,
                449.03367404763685
            ],
            5.578099528644982
        ],
        [
            [
                198.12980572530262,
                267.40715078231074
            ],
            5.526211862917191
        ],
        [
            [
                264.65619546416235,
                7.135221151067166
            ],
            4.365723274430557
        ],
        [
            [
                494.45449700439394,
                398.729764924498
            ],
            5.895336891531793
        ],
        [
            [
                325.67870942999207,
                82.11180577041229
            ],
            5.76600852415997
        ],
        [
            [
                111.2855342877701,
                136.4410811668085
            ],
            3.921747888178408
        ],
        [
            [
                201.519982537121,
                43.751582982293975
            ],
            4.481773223567065
        ],
        [
            [
                348.6965109771464,
                215.2640946152584
            ],
            4.279040166858223
        ],
        [
            [
                503.4948400133326,
                149.00503001726412
            ],
            3.1155132476533174
        ],
        [
            [
                383.59139330624544,
                218.66284845642468
            ],
            5.2369906868042975
        ],
        [
            [
                285.6248896499275,
                106.88640817431659
            ],
            5.283865222540511
        ],
        [
            [
                305.67866337269095,
                158.81252785526056
            ],
            4.483445942464435
        ],
        [
            [
                309.68447372865717,
                376.5259434133818
            ],
            4.232226427317967
        ],
        [
            [
                33.30204793136631,
                288.91423095561925
            ],
            5.968531259128083
        ],
        [
            [
                70.05274749447615,
                368.12276088411147
            ],
            4.915526650175102
        ],
        [
            [
                323.97735022870194,
                429.3262612872993
            ],
            4.124175360108109
        ],
        [
            [
                9.210468261901774,
                58.37412466368286
            ],
            4.000807136212865
        ],
        [
            [
                208.16124145604658,
                134.52838261265595
            ],
            3.6688317054628072
        ],
        [
            [
                136.10741352836618,
                458.4248109558083
            ],
            3.953577831651664
        ],
        [
            [
                495.0349096711134,
                72.00169155853104
            ],
            3.4099859040803064
        ],
        [
            [
                400.22368600169614,
                436.778551933768
            ],
            3.5652520473009606
        ],
        [
            [
                313.6522474227124,
                12.790484677942397
            ],
            4.300600458322357
        ],
        [
            [
                100.64939108459662,
                140.93958214483777
            ],
            3.564481073872318
        ],
        [
            [
                348.67420674522396,
                126.3285078895327
            ],
            4.56451428503706
        ],
        [
            [
                261.3833834139795,
                393.4241035369001
            ],
            4.441111057540779
        ],
        [
            [
                253.10556119694797,
                448.57810808033764
            ],
            5.802749927034891
        ],
        [
            [
                105.12260479792263,
                273.7552437257401
            ],
            4.161250680180938
        ],
        [
            [
                369.7279212409799,
                240.94052756984118
            ],
            4.135135679743534
        ],
        [
            [
                375.350306859192,
                103.23275395715086
            ],
            5.791177343374683
        ],
        [
            [
                402.85287537211804,
                113.62439372478634
            ],
            3.879715129572058
        ],
        [
            [
                66.79684306204169,
