{
    "start": [
        [
            9.943875561887033,
            401.2974790833996
        ],
        4.0
    ],
    "goal": [
        [
            493.7876701521771,
            470.12603219216294
        ],
        4.0
    ],
    "obstacles": [
        [
            [
                191.11500017686595,
                351.9133388127579
            ],
            3.3408351645681633
        ],
        [
            [
                171.75855531506323,
                471.5629435421829
            ],
            4.1823124003966345
        ],
        [
            [
                67.90419153299437,
                371.40743581995133
            ],
            4.010958729613955
        ],
        [
            [
                212.31446020976622,
                444.3406516416179
            ],
            4.270730844137505
        ],
        [
            [
                422.60907932609564,
                252.07166948826023
            ],
            5.8769277213634625
        ],
        [
            [
                250.9579944498292,
                370.4956218990282
            ],
            5.190179282063214
        ],
        [
            [
                299.8529822128305,
                163.1525572685839
            ],
            4.884080413547234
        ],
        [
            [
                466.52386554851626,
                196.61707478788216
            ],
            4.439332642627813
        ],
        [
            [
                66.36305010106786,
                484.658146490793
            ],
            4.194917146262366
        ],
        [
            [
                65.37296868178615,
                306.60067135510457
            ],
            4.641777230756641
        ],
        [
            [
                322.1996000882002,
                21.873862681571246
            ],
            5.414276226506891
        ],
        [
            [
                108.70322821655542,
                172.53368300116605
            ],
            5.586680409633749
        ],
        [
            [
                158.01950904926204,
                158.2727835440947
            ],
            4.611080473725978
        ],
        [
            [
                488.3174243777981,
                302.4379529981026
            ],
            4.056746887525909
        ],
        [
            [
                29.715567847252117,
                334.76065360639984
            ],
            4.415397000253979
        ],
        [
            [
                178.2126044385573,
                501.75469504187777
            ],
            5.934025577787562
        ],
        [
            [
                80.63643733509242,
                135.41076454064918
            ],
            4.740949813033188
        ],
        [
            [
                308.23689572841573,
                279.7330249201607
            ],
            3.595585163573024
        ],
        [
            [
                337.36785067994595,
                231.8516255372904
            ],
            4.52001647308137
        ],
        [
            [
                48.17962026316619,
                168.53672969354534
            ],
            5.997417942497842
        ],
        [
            [
                488.9855171873935,
                436.8470634073104
            ],
            5.20390422140915
        ],
        [
            [
                288.70260381065657,
                386.4835860078418
            ],
            5.167731981885236
        ],
        [
            [
                413.9405682589828,
                361.3617923934285
            ],
            5.897301297913936
        ],
        [
            [
                418.62244363386407,
                488.95612855187
            ],
            4.8562334946099694
        ],
        [
            [
                499.5272840395125,
                265.76617327505
            ],
            4.051950104308407
        ],
        [
            [
                502.1305750515415,
                470.83518327441266
            ],
            3.7421479790812127
        ],
        [
            [
                149.23041328700387,
                481.7549508111377
            ],
            4.2064049861001
        ],
        [
            [
                120.10983306431847,
                144.87302061701328
            ],
            4.8507357482037925
        ],
        [
            [
                453.67465504715625,
                387.68835674485916
            ],
            4.6324158477926165
        ],
        [
            [
                203.05167996448398,
                379.9788653960106
            ],
            4.821535555934666
        ],
        [
            [
                228.1735612573152,
                74.17478151917557
            ],
            4.791718672326578
        ],
        [
            [
                327.3299841756175,
                123.68401147303844
            ],
            4.366000005741645
        ],
        [
            [
                480.2595903655989,
                16.43966436213242
            ],
            4.575711246760651
        ],
        [
            [
                131.6013736082826,
                483.99103473129384
            ],
            4.688571854410823
        ],
        [
            [
                74.8356631080556,
                297.1626622422297
            ],
            4.796689041711878
        ],
        [
            [
                205.58907405406805,
                335.3849967093237
            ],
            5.587825785209949
        ],
        [
            [
                412.5889743414207,
                294.0544397458165
            ],
            3.6419131279694974
        ],
        [
            [
                229.25520985768637,
                388.15404837654114
            ],
            5.372841119313459
        ],
        [
            [
                467.66981865715854,
                498.64472126441507
            ],
            3.84550128056505
        ],
        [
            [
                115.22669472014731,
                488.29275812037497
            ],
            4.949311510141684
        ],
        [
            [
                249.14320361359452,
                227.6500337543247
            ],
            4.079094555321322
        ],
        [
            [
                176.58350492547297,
                188.82236542103368
            ],
            4.844077508305753
        ],
        [
            [
                87.30957911371675,
                90.46690532983341
            ],
            3.5635774011927244
        ],
        [
            [
                389.79219661263727,
                442.1249971362182
            ],
            4.5527859189518125
        ],
        [
            [
                9.926829422092029,
                191.16461909526816
            ],
            5.055195128011247
        ],
        [
            [
                14.059263851760921,
                453.9111201692552
            ],
            4.565973585758061
        ],
        [
            [
                241.0979340936783,
                57.6108521088356
            ],
            4.532908557712105
        ],
        [
            [
                331.6737381649269,
                360.2864917977779
            ],
            3.2293854721647577
        ],
        [
            [
                466.4275274164935,
                431.08930171128543
            ],
            3.5681269444660253
        ],
        [
            [
                454.1900826193174,
                474.9598731221296
            ],
            4.781754223510641
        ],
        [
            [
                19.699082876598922,
                171.1646191369807
            ],
            4.68630317513718
        ],
        [
            [
                280.9989006710635,
                341.6317982898627
