{
    "start": [
        [
            8.375810065315672,
            160.88858567439715
        ],
        4.0
    ],
    "goal": [
        [
            497.95407424139836,
            414.1087189577385
        ],
        4.0
    ],
    "obstacles": [
        [
            [
                248.8898747423422,
                227.97949009167164
            ],
            3.8787145909555103
        ],
        [
            [
                75.632408827986,
                508.4583673126704
            ],
            3.088055620478341
        ],
        [
            [
                284.5662582202785,
                82.6274795686447
            ],
            5.06982215851853
        ],
        [
            [
                236.7389601524259,
                277.8837697738399
            ],
            4.180067506942625
        ],
        [
            [
                15.194198447230377,
                467.80139873106197
            ],
            4.901316438609559
        ],
        [
            [
                315.4427129526007,
                320.7950549041868
            ],
            3.094338336958523
        ],
        [
            [
                204.36967678390658,
                155.24125401334643
            ],
            5.9154605361755666
        ],
        [
            [
                255.06300359498033,
                490.8745494514428
            ],
            5.144930257455821
        ],
        [
            [
                186.2690847001337,
                410.0793515427372
            ],
            3.030810200924165
        ],
        [
            [
                114.88412564753895,
                383.89260414771917
            ],
            5.952384525308225
        ],
        [
            [
                20.63759788231231,
                230.95948457278746
            ],
            4.466635711638787
        ],
        [
            [
                431.9686921469944,
                284.6316153154264
            ],
            5.080245085973866
        ],
        [
            [
                198.5502795346746,
                97.74356303660747
            ],
            4.451479907575404
        ],
        [
            [
                227.7661432185518,
                266.58114792406207
            ],
            4.193704741505326
        ],
        [
            [
                266.07780520672736,
                334.076753245673
            ],
            4.656657630826486
        ],
        [
            [
                210.36073278764823,
                144.03734570605616
            ],
            4.934947269994053
        ],
        [
            [
                449.50698490614957,
                103.6216771736137
            ],
            4.026197778680692
        ],
        [
            [
                497.4286682501049,
                92.79909658264758
            ],
            3.8321119753347013
        ],
        [
            [
                419.8428018252884,
                343.9561043289877
            ],
            4.804058104418729
        ],
        [
            [
                415.4492382155885,
                43.093334838262486
            ],
            5.9239472680834435
        ],
        [
            [
                61.90787095734549,
                461.0653527278364
            ],
            4.358499322381342
        ],
        [
            [
                311.6533701074154,
                337.7095692184783
            ],
            4.662193555560899
        ],
        [
            [
                324.7197165344564,
                346.02999537322745
            ],
            5.272711410683732
        ],
        [
            [
                176.19235456030844,
                215.05973327530774
            ],
            4.130591578322239
        ],
        [
            [
                136.95974906105332,
                446.0396794006401
            ],
            3.661612018164908
        ],
        [
            [
                227.2012576224887,
                203.87169915157193
            ],
            3.5113392121546045
        ],
        [
            [
                217.95342242890797,
                83.06618315602343
            ],
            4.625063397968017
        ],
        [
            [
                193.88566715731966,
                299.6055791299339
            ],
            4.620168076417906
        ],
        [
            [
                72.1403798096164,
                192.29612785267608
            ],
            4.09077192970568
        ],
        [
            [
                271.2333364270034,
                157.81321122408943
            ],
            4.378505079027057
        ],
        [
            [
                487.27014035675325,
                219.85387352415373
            ],
            4.145959364399818
        ],
        [
            [
                290.486435246674,
                93.75407196206521
            ],
            5.746119305606845
        ],
        [
            [
                20.123800920794388,
                355.26075191453526
            ],
            5.527124237013479
        ],
        [
            [
                84.42927039181714,
                350.4473345938363
            ],
            3.1788435587460198
        ],
        [
            [
                342.83135035828224,
                38.026472813962165
            ],
            3.0312723146301135
        ],
        [
            [
                426.4109810640051,
                58.315971938413774
            ],
            5.984692201924866
        ],
        [
            [
                231.94608344707353,
                179.69029786899105
            ],
            3.7236937492687665
        ],
        [
            [
                441.27528576665435,
                261.5816821802761
            ],
            3.808250464725027
        ],
        [
            [
                227.96336035755485,
                356.5693257978405
            ],
            3.9154906211284284
        ],
        [
            [
                316.72267311482045,
                491.6418423491762
            ],
            3.4445199130722406
        ],
        [
            [
                390.78647631960354,
                140.47215240748608
            ],
            4.689868464631285
        ],
        [
            [
                98.72991623100188,
                250.45324694750965
            ],
            3.188440405881426
        ],
        [
            [
                113.94925818637492,
                174.5507962750593
            ],
            4.215015501411109
        ],
        [
            [
                323.35828748957607,
                225.92577431292824
            ],
            4.644670200705883
        ],
        [
            [
                71.37000491466989,
                31.237265497140378
            ],
            4.352763099443328
        ],
        [
            [
                344.46165395152605,
                361.99517731182283
            ],
            4.664867192238505
        ],
        [
            [
                314.6564589620451,
                129.01166308205674
            ],
            5.3715000779787045
        ],
        [
            [
                256.9294443219728,
                263.7790630915402
            ],
            3.81488593881845
        ],
        [
            [
                307.4563367210209,
                391.1271434197457
            ],
            3.529624501856145
        ],
        [
            [
                227.42607696543803,
                109.67399614083558
            ],
            5.784082405644905
        ],
        [
            [
                439.0736596142115,
                329.0381890071154
            ],
            5.133931454757149
        ],
        [
            [
                267.2889048494453,
                376.24125348565894
