{
    "start": [
        [
            10.455014322212437,
            123.01948137271202
        ],
        4.0
    ],
    "goal": [
        [
            498.36149697693224,
            254.86142994492818
        ],
        4.0
    ],
    "obstacles": [
        [
            [
                59.705785536308134,
                290.57873525681686
            ],
            3.0335870256643123
        ],
        [
            [
                421.4788909422722,
                106.76152752069103
            ],
            3.526950524693328
        ],
        [
            [
                477.7676634360286,
                7.098081492509672
            ],
            5.262579360316506
        ],
        [
            [
                43.22648469423858,
                163.13779923331515
            ],
            4.221105373523546
        ],
        [
            [
                315.408493951748,
                135.2484005011603
            ],
            3.0806908150606915
        ],
        [
            [
                504.2680854609888,
                410.2876402608152
            ],
            3.6785995816367674
        ],
        [
            [
                251.02381445845802,
                30.19178189209661
            ],
            5.855408706240476
        ],
        [
            [
                450.40433143530845,
                408.2876169371708
            ],
            5.244561108901296
        ],
        [
            [
                98.26841099853726,
                209.07692533647176
            ],
            5.733619389399898
        ],
        [
            [
                32.08301314871015,
                255.02492057396256
            ],
            4.267406466604983
        ],
        [
            [
                141.50419895531843,
                235.63756015070174
            ],
            4.578443713636656
        ],
        [
            [
                103.48871516827572,
                386.42400570065473
            ],
            4.535290975135818
        ],
        [
            [
                398.1040342746695,
                56.557609092841666
            ],
            4.1644496910421465
        ],
        [
            [
                271.6023130051248,
                207.64677709362977
            ],
            4.23749672276787
        ],
        [
            [
                395.48072803835373,
                92.32043881966656
            ],
            3.6286142502346426
        ],
        [
            [
                67.2678803054186,
                92.41874632044576
            ],
            4.851518328611874
        ],
        [
            [
                204.3064011844572,
                476.6676248994622
            ],
            3.656743062594975
        ],
        [
            [
                137.7708035299815,
                344.7268601632353
            ],
            3.8972464020068998
        ],
        [
            [
                455.8286148116943,
                268.1381304212194
            ],
            5.453425590143422
        ],
        [
            [
                332.72104178619566,
                489.5036933345984
            ],
            4.8298814480162475
        ],
        [
            [
                412.9390936648591,
                53.095567733575066
            ],
            5.781276627595925
        ],
        [
            [
                375.67337527679774,
                80.4937692725494
            ],
            5.029948929715979
        ],
        [
            [
                179.57795565163445,
                201.7566237892073
            ],
            4.828914509402099
        ],
        [
            [
                196.5518439676913,
                321.6846445952548
            ],
            4.668041162492817
        ],
        [
            [
                335.2759980594577,
                311.2155191701387
            ],
            4.875586780738303
        ],
        [
            [
                455.6849583791579,
                234.25469797901383
            ],
            3.6143432989525515
        ],
        [
            [
                441.19928943462907,
                459.4401209334305
            ],
            3.3256362445385017
        ],
        [
            [
                185.78001235730912,
                223.66187234291738
            ],
            5.915803852805601
        ],
        [
            [
                492.03550749148957,
                297.6513046798652
            ],
            3.1271640624635966
        ],
        [
            [
                176.84595771411054,
                27.4462006689862
            ],
            3.882956725188934
        ],
        [
            [
                460.6473873430831,
                83.47415498599216
            ],
            4.820290292406055
        ],
        [
            [
                9.617197777658077,
                40.659856159920935
            ],
            5.663358894861064
        ],
        [
            [
                456.53528033498145,
                166.25289208426244
            ],
            5.587294598334051
        ],
        [
            [
                421.9054421968208,
                481.4527610693231
            ],
            4.128455636327394
        ],
        [
            [
                377.06127650274357,
                230.73891484950647
            ],
            3.890216237050483
        ],
        [
            [
                370.8573801322476,
                291.5422225556207
            ],
            3.2804946249425484
        ],
        [
            [
                127.6541182574787,
                223.92022424095947
            ],
            4.877812219565533
        ],
        [
            [
                336.2670993031768,
                135.53806942106422
            ],
            5.222064359289025
        ],
        [
            [
                97.37527221855164,
                354.93217913311696
            ],
            3.698392521987497
        ],
        [
            [
                340.2818746537775,
                479.2594357890894
            ],
            5.228056288573619
        ],
        [
            [
                470.91343156045025,
                242.61737000950026
            ],
            5.66380298719798
        ],
        [
            [
                220.94059405346604,
                364.8767681422612
            ],
            5.068616832412024
        ],
        [
            [
                69.15752271445625,
                275.64435153508884
            ],
            5.5401293246644405
        ],
        [
            [
                51.311940838644105,
                80.58975654364254
            ],
            3.3098439767438084
        ],
        [
            [
                401.0482512439403,
                310.29133690840735
            ],
            5.6269260119406415
        ],
        [
            [
                425.0700467521515,
                354.9193564431732
            ],
            5.607552082304495
        ],
        [
            [
                260.38302794273443,
                6.4583105269162315
            ],
            5.956632909653704
        ],
        [
            [
                438.415775549177,
                155.30765433781409
            ],
            5.656007734439484
        ],
        [
            [
                200.91879395777738,
                347.52299237796865
            ],
            3.035717394468136
        ],
        [
            [
                326.72385349205473,
                399.17523104856787
            ],
            5.646147773936502
        ],
        [
            [
                475.8677415723612,
                200.0001683338176
            ],
            3.7072322488575766
        ],
        [
            [
                349.51629018496334,
