{
    "start": [
        [
            8.374221117102367,
            106.65277068767786
        ],
        4.0
    ],
    "goal": [
        [
            490.48581440331486,
            426.1336134767529
        ],
        4.0
    ],
    "obstacles": [
        [
            [
                50.06233991749535,
                451.9025083968187
            ],
            3.233417436736603
        ],
        [
            [
                185.60101137456982,
                320.57165969675776
            ],
            5.740176655238567
        ],
        [
            [
                174.80759642392547,
                39.01732464446623
            ],
            5.74992761636476
        ],
        [
            [
                202.9447277924593,
                194.031388187846
            ],
            4.266668809035888
        ],
        [
            [
                151.27519214536386,
                444.3091206208059
            ],
            4.946290273429817
        ],
        [
            [
                40.17416733921474,
                465.9493057907144
            ],
            4.263755014036279
        ],
        [
            [
                221.30948192402903,
                341.8240882507599
            ],
            3.146659931044802
        ],
        [
            [
                478.53457169793114,
                355.3239068562874
            ],
            4.992529802003299
        ],
        [
            [
                180.5157790348979,
                47.36703176696999
            ],
            3.576708436777199
        ],
        [
            [
                363.5159915246908,
                332.8172090966829
            ],
            4.912646569909876
        ],
        [
            [
                252.1343565696905,
                147.27019394467467
            ],
            5.797062029558335
        ],
        [
            [
                429.63557964902157,
                432.50273190081305
            ],
            4.799856589289571
        ],
        [
            [
                347.49744266253896,
                233.26006188297958
            ],
            5.250049902104665
        ],
        [
            [
                418.9439123007851,
                255.78810735473613
            ],
            4.418853217523137
        ],
        [
            [
                488.56237234931643,
                105.70143312493273
            ],
            5.0396132274774645
        ],
        [
            [
                144.71303648141807,
                397.4116075393372
            ],
            3.535937379466588
        ],
        [
            [
                52.95721930130776,
                60.9037907724596
            ],
            5.574716073679941
        ],
        [
            [
                277.40288749825424,
                18.574515980225087
            ],
            3.1939606481877196
        ],
        [
            [
                112.80025968084058,
                313.9150643311785
            ],
            3.7761876327095427
        ],
        [
            [
                256.0689129113163,
                20.934687071822147
            ],
            5.277535688460095
        ],
        [
            [
                219.4044344803103,
                270.99103828972886
            ],
            5.281063793598879
        ],
        [
            [
                391.43605434708485,
                369.37252660761874
            ],
            5.38645252794494
        ],
        [
            [
                439.48494256208977,
                224.4393435869621
            ],
            5.756211611634846
        ],
        [
            [
                339.05241231890403,
                275.9494100280664
            ],
            3.991888847947023
        ],
        [
            [
                119.91726305301052,
                436.3230498324722
            ],
            5.245085732390777
        ],
        [
            [
                56.8102399910887,
                22.110740506612547
            ],
            3.8828529552510433
        ],
        [
            [
                466.029893837525,
                166.6881326790921
            ],
            4.33427109246238
        ],
        [
            [
                212.09121834223853,
                398.30672999767313
            ],
            5.690492617947654
        ],
        [
            [
                282.4375828374115,
                253.43758111680424
            ],
            3.7890175368183643
        ],
        [
            [
                5.1373484543523436,
                40.51107266310851
            ],
            4.02033650993829
        ],
        [
            [
                324.81005953161554,
                313.3509829537246
            ],
            4.345647752176718
        ],
        [
            [
                262.1937198986572,
                209.20754092409558
            ],
            4.164884255180017
        ],
        [
            [
                430.65806913960097,
                258.4258105010119
            ],
            3.404134064082928
        ],
        [
            [
                104.98815218375512,
                180.96283448477433
            ],
            5.7009089222094165
        ],
        [
            [
                395.0616183854883,
                159.83637784264602
            ],
            5.456595270582648
        ],
        [
            [
                120.59000686241414,
                473.48509497291667
            ],
            5.228699662266565
        ],
        [
            [
                288.99339084122346,
                47.376274548476566
            ],
            5.7824169682542585
        ],
        [
            [
                493.55873968569676,
                254.34191669226993
            ],
            3.2137207925548825
        ],
        [
            [
                419.6489136105236,
                107.63708574178177
            ],
            4.005952499072189
        ],
        [
            [
                410.3705390004028,
                451.2909408027004
            ],
            5.843341387649098
        ],
        [
            [
                220.33261277195413,
                55.29757770949614
            ],
            3.7555790986175617
        ],
        [
            [
                159.05168686046062,
                320.49395858070545
            ],
            3.4049744151206784
        ],
        [
            [
                499.2922161964333,
                363.96394991184576
            ],
            3.652021866378073
        ],
        [
            [
                319.4913570158555,
                476.9190710932989
            ],
            4.735532919699654
        ],
        [
            [
                105.02130873170523,
                23.733622464388773
            ],
            3.4731518851258434
        ],
        [
            [
                144.8970488032829,
                322.1119237678446
            ],
            5.370917072467783
        ],
        [
            [
                375.47213688151135,
                195.9356975640582
            ],
            5.317550059098359
        ],
        [
            [
                413.18180537054025,
                470.557272740479
            ],
            4.479317655956862
        ],
        [
            [
                380.88543551812387,
                442.93155787144246
            ],
            3.732596685751797
        ],
        [
            [
                374.77471761182755,
                332.14709152007663
            ],
            3.7934191505901484
        ],
        [
            [
                268.57817549697836,
                158.6111934891285
            ],
            4.820559717157296
        ],
        [
            [
                348.64579172501965,
