{
    "start": [
        [
            12.874298136332026,
            306.19468052624626
        ],
        4.0
    ],
    "goal": [
        [
            489.90236426639353,
            406.6555038423151
        ],
        4.0
    ],
    "obstacles": [
        [
            [
                18.963009436158696,
                156.155877838085
            ],
            5.420028674218803
        ],
        [
            [
                216.9061338939089,
                443.08868901305027
            ],
            4.623110311854558
        ],
        [
            [
                342.9860599406933,
                58.04108843607521
            ],
            3.2518770873572693
        ],
        [
            [
                413.21850006659787,
                457.4997438055032
            ],
            3.8231455071858185
        ],
        [
            [
                301.8432946577728,
                478.32262979176244
            ],
            3.7765904267562163
        ],
        [
            [
                477.01490933641355,
                240.1774220718804
            ],
            4.53413228950465
        ],
        [
            [
                439.0542620881658,
                285.7418919321918
            ],
            4.8271328381430205
        ],
        [
            [
                250.16125487059062,
                144.81811977711283
            ],
            3.0042558917277837
        ],
        [
            [
                121.99527633017442,
                407.67035984696446
            ],
            3.3674673451794495
        ],
        [
            [
                195.08142743179212,
                348.50356460734514
            ],
            4.88293095139942
        ],
        [
            [
                331.019848236856,
                485.51935289353867
            ],
            4.3100820346049336
        ],
        [
            [
                190.53607793213834,
                299.3630654485469
            ],
            3.610247716245872
        ],
        [
            [
                110.15614271128665,
                54.62354034928249
            ],
            5.307347621445441
        ],
        [
            [
                461.28048538166763,
                463.4527587704138
            ],
            3.5304556567410676
        ],
        [
            [
                422.2241007378482,
                20.88087780784149
            ],
            4.818893834828838
        ],
        [
            [
                343.44244780094107,
                384.0570478591583
            ],
            3.7660738239397107
        ],
        [
            [
                230.52387093127965,
                414.1950053916279
            ],
            4.852838740461732
        ],
        [
            [
                174.06314972392278,
                400.4060508056393
            ],
            4.68856279647563
        ],
        [
            [
                331.6364348428182,
                300.378156805518
            ],
            5.803592829306794
        ],
        [
            [
                234.7198313489484,
                295.41661242021667
            ],
            5.1056644214579725
        ],
        [
            [
                53.12252022975858,
                440.83190892587754
            ],
            3.9511640815552385
        ],
        [
            [
                417.95330375847277,
                491.9727580211194
            ],
            5.420345383133528
        ],
        [
            [
                281.89221169924787,
                194.56722040424248
            ],
            3.203361838330009
        ],
        [
            [
                115.5107172088822,
                13.258408945750567
            ],
            3.559493948704035
        ],
        [
            [
                504.29754459652156,
                284.8048223694815
            ],
            3.0652739917460043
        ],
        [
            [
                31.80263599072582,
                360.8789680542683
            ],
            3.2513158561048776
        ],
        [
            [
                50.897927722170216,
                20.19437812698612
            ],
            5.176389798350173
        ],
        [
            [
                180.37250351132232,
                126.75247821876103
            ],
            4.642447711591948
        ],
        [
            [
                165.20068545048028,
                263.24250576537105
            ],
            3.7846972856238095
        ],
        [
            [
                483.8921987398643,
                96.84642520876724
            ],
            3.4704284443634696
        ],
        [
            [
                226.89927569026403,
                132.3218526416408
            ],
            4.773721784176901
        ],
        [
            [
                421.11897175735294,
                210.28337444504683
            ],
            4.653938185547358
        ],
        [
            [
                245.54044232169394,
                299.7687845306601
            ],
            5.3810217398169815
        ],
        [
            [
                11.459817832959043,
                320.12309025577724
            ],
            4.567609615671179
        ],
        [
            [
                102.33110485784741,
                474.6139786881686
            ],
            3.738255992061144
        ],
        [
            [
                403.8201186706108,
                69.53096896598547
            ],
            4.16531439274978
        ],
        [
            [
                461.445891084689,
                321.2257742787094
            ],
            4.813139952057733
        ],
        [
            [
                472.46135378162387,
                159.38003371563337
            ],
            4.874333547358912
        ],
        [
            [
                25.30848661267772,
                314.48784244922325
            ],
            4.393339511357619
        ],
        [
            [
                209.3914438956854,
                170.53590980856816
            ],
            5.448488894594498
        ],
        [
            [
                430.42306508200545,
                281.2475195379069
            ],
            3.2240937963047425
        ],
        [
            [
                326.9811053353976,
                266.9560288138391
            ],
            3.9107998171448117
        ],
        [
            [
                55.37680959112081,
                184.50892231289862
            ],
            4.2862150543428275
        ],
        [
            [
                440.09761802228496,
                400.0724062508615
            ],
            4.135823510417842
        ],
        [
            [
                502.0413402728965,
                86.58300345340687
            ],
            3.660019001735974
        ],
        [
            [
                332.5314808992506,
                11.504638222907278
            ],
            3.4601254096577936
        ],
        [
            [
                58.63060991687581,
                255.31739108809424
            ],
            5.043334477172641
        ],
        [
            [
                415.6503594693922,
                414.684474329335
            ],
            5.646996932922483
        ],
        [
            [
                229.7802366129078,
                433.2244351276238
            ],
            3.873810007359935
        ],
        [
            [
                406.932285274543,
                233.93593758625914
            ],
            4.327739065971185
        ],
        [
            [
                80.83782679946667,
                401.9044017618664
            ],
            5.185172522139723
        ],
        [
            [
                23.24310343595507,
