{
    "start": [
        [
            17.601835433354964,
            434.40490612176495
        ],
        4.0
    ],
    "goal": [
        [
            499.48857277833724,
            211.2230337210014
        ],
        4.0
    ],
    "obstacles": [
        [
            [
                417.70633398705695,
                161.66319555692507
            ],
            4.404095834926634
        ],
        [
            [
                223.69241012599755,
                129.49139705983723
            ],
            5.358662370134999
        ],
        [
            [
                455.80443903373873,
                284.7029695782348
            ],
            4.326436611705069
        ],
        [
            [
                143.3574678462307,
                444.4912547819797
            ],
            4.585932671477192
        ],
        [
            [
                410.3199340928283,
                64.7456568664823
            ],
            3.777597736604215
        ],
        [
            [
                180.3533701520987,
                264.0631479972246
            ],
            4.293961544245353
        ],
        [
            [
                241.9714729796625,
                101.63978686798781
            ],
            4.10712785717368
        ],
        [
            [
                253.2706525995989,
                140.62131653466182
            ],
            3.748833584305164
        ],
        [
            [
                326.1397003084176,
                476.3277675588177
            ],
            4.463378639605256
        ],
        [
            [
                324.08160165706914,
                312.0143943523905
            ],
            5.488693067701558
        ],
        [
            [
                449.51592604296275,
                29.26365264888692
            ],
            5.82445075539644
        ],
        [
            [
                430.74660963898646,
                440.5299564565915
            ],
            4.485895636692415
        ],
        [
            [
                50.4397132666345,
                205.34316906429703
            ],
            3.8337720060450535
        ],
        [
            [
                244.66858363718055,
                143.85426099746067
            ],
            3.958861323803849
        ],
        [
            [
                331.9064753965845,
                56.859538009765686
            ],
            5.4634021080013255
        ],
        [
            [
                240.26527965550721,
                479.6127244577105
            ],
            3.999144872161284
        ],
        [
            [
                337.35454367314173,
                294.98135738955307
            ],
            3.3104864344213096
        ],
        [
            [
                287.76796041177096,
                480.440416573744
            ],
            3.6195053649053355
        ],
        [
            [
                33.28590379130676,
                373.56904732432827
            ],
            4.481145966816009
        ],
        [
            [
                278.55266976492874,
                185.1963234911118
            ],
            3.0660803124446803
        ],
        [
            [
                432.62953123391367,
                403.2783665004602
            ],
            3.694007586634153
        ],
        [
            [
                257.31738341415047,
                50.694706562958
            ],
            3.3302149251706146
        ],
        [
            [
                446.1980186806149,
                72.53003865655607
            ],
            3.364800118256622
        ],
        [
            [
                259.4111840978046,
                354.55800095498375
            ],
            3.9994708568227777
        ],
        [
            [
                199.33537381963473,
                275.73105887398367
            ],
            4.901125418392432
        ],
        [
            [
                8.20505656897275,
                18.249638723605173
            ],
            5.817190265538986
        ],
        [
            [
                420.89338821547034,
                252.708296588046
            ],
            3.654995409438916
        ],
        [
            [
                27.774824371270796,
                258.8238296470887
            ],
            5.63357297669369
        ],
        [
            [
                201.56372950868925,
                397.39710934041
            ],
            3.6926536432281156
        ],
        [
            [
                192.801923028647,
                153.48010370609455
            ],
            5.470118226514866
        ],
        [
            [
                341.08559599077756,
                161.59940979110635
            ],
            5.215172811652717
        ],
        [
            [
                214.17826341448713,
                97.00903640826671
            ],
            3.0681714718877235
        ],
        [
            [
                504.4973645255755,
                80.54004585345682
            ],
            4.454339907057187
        ],
        [
            [
                196.10287174597036,
                434.64372109389956
            ],
            5.653219781441742
        ],
        [
            [
                208.67498689299575,
                73.54546198111727
            ],
            3.9939528199950294
        ],
        [
            [
                437.83212025058845,
                173.47251506597405
            ],
            5.9901809471638945
        ],
        [
            [
                378.8158219526233,
                373.59249358777083
            ],
            4.175419366967914
        ],
        [
            [
                468.82409085631417,
                431.0786061511996
            ],
            5.810537824878505
        ],
        [
            [
                282.9744698255976,
                144.86771413190914
            ],
            5.681912590643572
        ],
        [
            [
                357.12047486177835,
                357.994021486663
            ],
            4.881086701518056
        ],
        [
            [
                178.88227851265893,
                237.9354746867618
            ],
            3.827772186670905
        ],
        [
            [
                326.29521524838157,
                136.35776810679621
            ],
            4.64342117887049
        ],
        [
            [
                256.17867936253197,
                328.88943245334275
            ],
            5.6866679333563726
        ],
        [
            [
                83.6052761892367,
                372.72313631845236
            ],
            5.879238464893103
        ],
        [
            [
                331.53583270394887,
                236.40952056186987
            ],
            3.8674226691869245
        ],
        [
            [
                375.9802603208435,
                457.42638177678566
            ],
            4.887858465582977
        ],
        [
            [
                234.43641012144568,
                491.7835819329548
            ],
            5.055140563349905
        ],
        [
            [
                357.85147822965325,
                478.26855210947235
            ],
            4.419981883867846
        ],
        [
            [
                409.3102074833438,
                482.0908048742855
            ],
            4.729855458670979
        ],
        [
            [
                241.70564881250394,
                82.01813531015736
            ],
            5.905009117431753
        ],
        [
            [
                415.91974272989785,
                283.94690648174486
            ],
            5.566295046250318
        ],
        [
            [
                45.25008386158739,
