{
    "start": [
        [
            24.410151212351536,
            358.48241035315897
        ],
        4.0
    ],
    "goal": [
        [
            484.418208424424,
            507.60731873593295
        ],
        4.0
    ],
    "obstacles": [
        [
            [
                261.07008123268025,
                44.588878240040366
            ],
            5.337881639041226
        ],
        [
            [
                410.2043836977071,
                344.86401990305166
            ],
            3.9829162395693274
        ],
        [
            [
                493.94868159537873,
                293.32912022616415
            ],
            5.407904598053441
        ],
        [
            [
                152.83946861830665,
                431.03191486355473
            ],
            3.6975491873342454
        ],
        [
            [
                333.48994229208364,
                190.12909190898122
            ],
            4.532478436326791
        ],
        [
            [
                234.96779409678226,
                214.25540803144014
            ],
            5.443606886244263
        ],
        [
            [
                250.81476656751565,
                209.10198764189204
            ],
            5.926403878613264
        ],
        [
            [
                265.50312787213807,
                481.55022757909984
            ],
            5.455135340189963
        ],
        [
            [
                49.563073218430056,
                396.2333078351857
            ],
            5.786597810012433
        ],
        [
            [
                221.7221867436881,
                379.648056753927
            ],
            5.716148710454972
        ],
        [
            [
                373.39816750936086,
                178.41229223591642
            ],
            5.039123983217017
        ],
        [
            [
                378.4599357474705,
                221.13277570398049
            ],
            4.627259276728969
        ],
        [
            [
                47.91952669329845,
                342.7703361855039
            ],
            3.169422156823682
        ],
        [
            [
                100.94558579248763,
                442.5083984800702
            ],
            5.99634060919526
        ],
        [
            [
                390.5456375060686,
                422.7494648245915
            ],
            3.7971480888084708
        ],
        [
            [
                189.10830489000617,
                437.91984836618957
            ],
            4.503933001398468
        ],
        [
            [
                395.0572715042441,
                501.6410905820936
            ],
            5.4239006626853286
        ],
        [
            [
                157.94798309353382,
                101.13649410300758
            ],
            3.0758591997472733
        ],
        [
            [
                221.1799997627215,
                316.69612742550123
            ],
            5.382069469063108
        ],
        [
            [
                167.09156553249733,
                188.31092887667364
            ],
            4.1574597264942295
        ],
        [
            [
                10.606369239715747,
                418.70887078528
            ],
            5.404974318413345
        ],
        [
            [
                378.5664811893601,
                472.2202519354452
            ],
            5.508083389453693
        ],
        [
            [
                183.83024355997458,
                185.62445879329923
            ],
            4.850587415818342
        ],
        [
            [
                407.0673970606597,
                498.7288648034789
            ],
            4.061131460274917
        ],
        [
            [
                9.179883847565154,
                70.64506398874353
            ],
            4.207808877310064
        ],
        [
            [
                495.3369038568408,
                342.5138772918673
            ],
            4.775067126336095
        ],
        [
            [
                175.06126015653456,
                10.322145808852884
            ],
            3.5242128915211555
        ],
        [
            [
                444.6889048469395,
                166.06683483387897
            ],
            3.4671337135274345
        ],
        [
            [
                93.65349869306635,
                239.60150850257966
            ],
            5.241677365005527
        ],
        [
            [
                486.7373930147025,
                20.313101907404906
            ],
            3.3120313314218977
        ],
        [
            [
                80.78947791351415,
                404.7344209178004
            ],
            4.792765482041669
        ],
        [
            [
                304.0681919857996,
                459.574910045491
            ],
            3.0195114346770184
        ],
        [
            [
                283.3498780656122,
                38.32094654291304
            ],
            4.248335660601804
        ],
        [
            [
                445.01705529965704,
                406.19501134775544
            ],
            3.5701123418023744
        ],
        [
            [
                368.49701898074335,
                313.5620450521746
            ],
            3.6015897688869813
        ],
        [
            [
                87.94769151710578,
                321.0675855610116
            ],
            5.168286578063079
        ],
        [
            [
                123.77766842164858,
                492.0505472632183
            ],
            5.558168756931261
        ],
        [
            [
                264.57617703352275,
                77.90275532762959
            ],
            4.807622999868842
        ],
        [
            [
                202.15292082585418,
                355.58655571156004
            ],
            3.2430236773536616
        ],
        [
            [
                411.12694799689945,
                447.33981296667247
            ],
            3.647323151158524
        ],
        [
            [
                151.96056322452375,
                194.00292548413188
            ],
            4.584774427282939
        ],
        [
            [
                339.81938930563626,
                422.93573106186324
            ],
            3.028934675564245
        ],
        [
            [
                501.60030745146963,
                410.06431750608
            ],
            3.620029954661659
        ],
        [
            [
                202.98739902233146,
                421.1131481144517
            ],
            5.81994653186467
        ],
        [
            [
                151.31663355648985,
                245.02576871188734
            ],
            5.9024106941592995
        ],
        [
            [
                156.49280353225822,
                287.8558017415519
            ],
            4.900260176063389
        ],
        [
            [
                80.27748563656903,
                359.8709367202154
            ],
            5.769261650983958
        ],
        [
            [
                154.11954172371057,
                392.5217565511657
            ],
            4.675533900048599
        ],
        [
            [
                258.4565216157394,
                372.1272527803744
            ],
            5.75792991175446
        ],
        [
            [
                490.3838240073875,
                234.59989224756492
            ],
            5.467705975757214
        ],
        [
            [
                260.34351846775115,
                171.4123122414503
            ],
            4.85198402156683
        ],
        [
            [
                55.42567094975734,
