{
    "start": [
        [
            13.561106593989184,
            10.319288942932076
        ],
        4.0
    ],
    "goal": [
        [
            487.07652000219207,
            475.3974510976203
        ],
        4.0
    ],
    "obstacles": [
        [
            [
                148.8072749606109,
                348.6897585596901
            ],
            5.346635426864218
        ],
        [
            [
                335.83725272147007,
                182.49193591587857
            ],
            5.496945323239091
        ],
        [
            [
                460.26238933667634,
                248.78817288025482
            ],
            5.456117093197589
        ],
        [
            [
                331.91894450517754,
                55.85116974948331
            ],
            4.785388647175135
        ],
        [
            [
                65.57596384296365,
                312.42250449247763
            ],
            5.176296581315817
        ],
        [
            [
                307.1097251675885,
                294.4576195497974
            ],
            3.8562652030086397
        ],
        [
            [
                147.53786448473036,
                156.69650005904722
            ],
            5.920256297920598
        ],
        [
            [
                85.99482351975523,
                419.0266434712196
            ],
            5.789577028462747
        ],
        [
            [
                488.20556368205604,
                180.4569156570842
            ],
            5.8883404622351625
        ],
        [
            [
                411.28296395720884,
                410.075813093993
            ],
            5.3871322282144485
        ],
        [
            [
                27.972864451857966,
                208.49167980568353
            ],
            4.8133667182997355
        ],
        [
            [
                226.37126996356625,
                257.50902781820156
            ],
            5.916681094907464
        ],
        [
            [
                254.21578558462045,
                469.73930547195135
            ],
            4.227854179211857
        ],
        [
            [
                337.4507077117295,
                377.7597868385429
            ],
            4.826427649411552
        ],
        [
            [
                439.8842351250477,
                486.4945589367422
            ],
            3.7333998011012217
        ],
        [
            [
                178.5048781768994,
                94.22468742252276
            ],
            3.391733005618093
        ],
        [
            [
                12.918418124151401,
                296.2421057982853
            ],
            5.8339897422935465
        ],
        [
            [
                469.75935669465457,
                213.88712658349206
            ],
            3.2979849715935243
        ],
        [
            [
                201.6125251362418,
                171.4514490458109
            ],
            3.167109694252379
        ],
        [
            [
                52.45212680899906,
                275.1985228134382
            ],
            3.8493137878160955
        ],
        [
            [
                202.4753683582573,
                26.956023874746876
            ],
            5.2459316242557446
        ],
        [
            [
                103.19819068845682,
                364.6277285349346
            ],
            3.9712901509285103
        ],
        [
            [
                494.24132074766527,
                419.67629761495715
            ],
            4.996625205880086
        ],
        [
            [
                411.0663845845975,
                124.4673646800533
            ],
            4.253410407378373
        ],
        [
            [
                383.9242251143654,
                52.421285915468246
            ],
            5.605907075680898
        ],
        [
            [
                487.67377484240166,
                58.017584128758195
            ],
            5.851919146333727
        ],
        [
            [
                14.048784294788895,
                504.4137068348982
            ],
            4.072748035684366
        ],
        [
            [
                116.35624002524146,
                365.16344542289323
            ],
            5.304175943272759
        ],
        [
            [
                414.39709769386633,
                221.6645548886967
            ],
            5.336192857877249
        ],
        [
            [
                275.51995220138247,
                424.21463194150385
            ],
            5.194412649382183
        ],
        [
            [
                202.90281300595632,
                67.2856055555869
            ],
            5.271252400304098
        ],
        [
            [
                110.36817597323855,
                349.6685220018278
            ],
            3.051269012976851
        ],
        [
            [
                320.84780337618616,
                125.13951082206175
            ],
            5.0959416345718855
        ],
        [
            [
                95.0382355771218,
                297.75061410537927
            ],
            4.796462932317715
        ],
        [
            [
                74.63565726920365,
                409.8222124695226
            ],
            5.605831887401137
        ],
        [
            [
                32.51724680997988,
                164.78681774377344
            ],
            3.0104380600571305
        ],
        [
            [
                191.15688719099222,
                216.04553937589787
            ],
            4.639068984982229
        ],
        [
            [
                11.107105888121145,
                187.99937427451852
            ],
            3.1634663682375184
        ],
        [
            [
                387.31190786732765,
                347.9419026671322
            ],
            3.432445230598454
        ],
        [
            [
                128.06439509886556,
                47.00070223362301
            ],
            4.949744250689974
        ],
        [
            [
                399.33437506322684,
                491.31797987707523
            ],
            5.267093810043351
        ],
        [
            [
                135.16385909141601,
                124.53553568563791
            ],
            5.9353705068662785
        ],
        [
            [
                144.5256579816304,
                445.72066124275034
            ],
            4.90621574811161
        ],
        [
            [
                477.88296615239045,
                273.2968646753436
            ],
            5.195030813497839
        ],
        [
            [
                103.56672699115889,
                448.27772622833027
            ],
            3.014231757068433
        ],
        [
            [
                413.5493961894504,
                58.957389363807586
            ],
            4.716635937547972
        ],
        [
            [
                232.09296042150953,
                223.46307626182687
            ],
            4.681843128081928
        ],
        [
            [
                479.172122673293,
                14.534481580731969
            ],
            3.988706733103186
        ],
        [
            [
                250.25296641106027,
                423.72249628881866
            ],
            5.442407447762229
        ],
        [
            [
                357.38718490728496,
                484.58482133002605
            ],
            5.869933385156109
        ],
        [
            [
                205.1556526286131,
                340.27014510420094
            ],
            5.2119420754926615
        ],
        [
            [
                60.438330993711006,
