{
    "start": [
        [
            5.350228030027205,
            465.6631510720994
        ],
        4.0
    ],
    "goal": [
        [
            505.0022810718389,
            118.5815652035409
        ],
        4.0
    ],
    "obstacles": [
        [
            [
                344.72751748559415,
                473.82071846843047
            ],
            4.437019271371057
        ],
        [
            [
                222.33051926686508,
                11.644358445707033
            ],
            3.1626913194672457
        ],
        [
            [
                351.4233569359262,
                86.38673464985276
            ],
            5.2604721822932925
        ],
        [
            [
                157.27731653476988,
                186.46373104086175
            ],
            4.440848134218007
        ],
        [
            [
                322.97103306711955,
                5.572156135669002
            ],
            4.30511153230678
        ],
        [
            [
                155.93214103986298,
                297.5244684894437
            ],
            3.586561144659172
        ],
        [
            [
                295.6175644604904,
                286.71229387446516
            ],
            3.172542379380726
        ],
        [
            [
                197.1914892986435,
                417.14702633583465
            ],
            4.57537300972115
        ],
        [
            [
                60.22785785027151,
                428.7060713360763
            ],
            5.3896426727078195
        ],
        [
            [
                133.24438373647675,
                420.50325197830387
            ],
            3.1393632380351093
        ],
        [
            [
                236.72841587659738,
                471.6068469744729
            ],
            3.009274544508304
        ],
        [
            [
                233.87800490031452,
                225.67195687430606
            ],
            4.555319377095104
        ],
        [
            [
                254.28887087893875,
                63.698939926166396
            ],
            3.027166392281833
        ],
        [
            [
                46.3014721757547,
                90.89719465714306
            ],
            5.319855894881083
        ],
        [
            [
                372.6066619452471,
                211.53165801248653
            ],
            4.226203591123903
        ],
        [
            [
                182.15947962962653,
                354.63440591449285
            ],
            5.7546720485222735
        ],
        [
            [
                43.51900058813154,
                222.14658861182136
            ],
            5.887024693591064
        ],
        [
            [
                120.75565279086929,
                277.6112426458075
            ],
            5.25271820973027
        ],
        [
            [
                216.45637911312681,
                165.4728087819355
            ],
            4.777441542748379
        ],
        [
            [
                116.7116379958342,
                495.5952022396019
            ],
            5.569294988945449
        ],
        [
            [
                254.65819835815765,
                286.9785357350446
            ],
            3.929856363388958
        ],
        [
            [
                146.34207758949816,
                489.0451832759788
            ],
            5.652835588039313
        ],
        [
            [
                494.0177707441916,
                391.03393044956465
            ],
            4.8005841122440955
        ],
        [
            [
                221.1898670092592,
                122.87378852531414
            ],
            3.2889469367862896
        ],
        [
            [
                217.7754270522388,
                301.6010465642213
            ],
            4.4164626586812865
        ],
        [
            [
                371.71417477009476,
                338.4073332258205
            ],
            3.7464004336787955
        ],
        [
            [
                166.2175462427069,
                425.9494056697296
            ],
            3.3753226742248525
        ],
        [
            [
                18.058002162512373,
                186.2777100727327
            ],
            4.847071738654755
        ],
        [
            [
                363.71349943157037,
                61.30066179437068
            ],
            5.7613738876386345
        ],
        [
            [
                350.3820917227575,
                187.89798306548107
            ],
            3.0404857945134327
        ],
        [
            [
                289.2649319155444,
                120.00021610690162
            ],
            3.4426035818609733
        ],
        [
            [
                43.54344240907065,
                158.2328745234013
            ],
            3.240227472788405
        ],
        [
            [
                147.82692544600354,
                442.87633091384527
            ],
            3.007836399913895
        ],
        [
            [
                339.45993323774303,
                80.06517682745763
            ],
            5.982840616284707
        ],
        [
            [
                252.18325211383248,
                440.9204681792975
            ],
            5.791109541224563
        ],
        [
            [
                157.4760427710963,
                403.58533956811885
            ],
            5.6260824974527885
        ],
        [
            [
                80.68414177906104,
                404.0105101821972
            ],
            5.976588354635359
        ],
        [
            [
                287.4224568075203,
                342.3690062925479
            ],
            3.698830213275633
        ],
        [
            [
                7.042296244080986,
                219.91848337267731
            ],
            5.951180581145602
        ],
        [
            [
                153.1160730126844,
                479.8701901088128
            ],
            4.811766998414602
        ],
        [
            [
                66.0523564381388,
                351.29207123171346
            ],
            4.525818304612564
        ],
        [
            [
                458.52097265373686,
                382.3978327400071
            ],
            3.1867576953877346
        ],
        [
            [
                332.1460565101856,
                231.45686803501164
            ],
            4.829692433830083
        ],
        [
            [
                60.992165988970356,
                73.36194549440668
            ],
            3.4942743350657395
        ],
        [
            [
                294.8934820246309,
                51.57762512295862
            ],
            5.646227179712238
        ],
        [
            [
                338.247019071855,
                185.01695220048222
            ],
            4.6290659464259525
        ],
        [
            [
                148.50646688168675,
                256.8305534535654
            ],
            3.1231300238095834
        ],
        [
            [
                78.67452861239214,
                168.0223858046209
            ],
            5.114439878296553
        ],
        [
            [
                409.2452279859804,
                435.70568013780365
            ],
            3.1897986667903444
        ],
        [
            [
                445.2151719251808,
                237.99026867593005
            ],
            3.097843693109873
        ],
        [
            [
                207.71724316205746,
                251.41947708201127
            ],
            5.4101245984008095
        ],
        [
            [
                87.45141574011362,
