{
    "start": [
        [
            27.427444292964072,
            36.781608292006425
        ],
        4.0
    ],
    "goal": [
        [
            492.94474221251096,
            415.1174384859323
        ],
        4.0
    ],
    "obstacles": [
        [
            [
                164.77429367015918,
                105.77554140190415
            ],
            3.8752834013855932
        ],
        [
            [
                285.15698335840585,
                166.0767532820508
            ],
            5.324210547867942
        ],
        [
            [
                9.412661744266366,
                414.8264453698435
            ],
            5.261504648966865
        ],
        [
            [
                29.21685763420004,
                91.11089754710916
            ],
            4.563684469113211
        ],
        [
            [
                72.24383516558342,
                423.3848069706127
            ],
            3.9961463250094993
        ],
        [
            [
                311.177642196866,
                45.59257097712619
            ],
            3.9987264711482338
        ],
        [
            [
                371.49673107290323,
                286.5747184519097
            ],
            5.372780757087281
        ],
        [
            [
                475.67585493076126,
                435.38455164763405
            ],
            4.858942083875099
        ],
        [
            [
                33.91635587213703,
                64.33681790116285
            ],
            3.226110830670467
        ],
        [
            [
                221.45418552960922,
                77.92899716160572
            ],
            4.406449957339457
        ],
        [
            [
                280.71689754106296,
                207.6123777109191
            ],
            5.5022872337948305
        ],
        [
            [
                86.19722864132112,
                249.2162443509665
            ],
            3.099238879904452
        ],
        [
            [
                498.8888448496545,
                283.16276955204967
            ],
            5.056706094331869
        ],
        [
            [
                458.29956096780313,
                130.53457043236943
            ],
            5.165725697900669
        ],
        [
            [
                21.934259793675448,
                418.4666324195126
            ],
            3.509807387449142
        ],
        [
            [
                74.66493153984689,
                61.66076331831176
            ],
            3.193307324719635
        ],
        [
            [
                314.09993025325474,
                392.9530900069523
            ],
            4.977575854180904
        ],
        [
            [
                115.91530299884745,
                243.15663431416212
            ],
            3.6897886963205013
        ],
        [
            [
                428.21496480255456,
                304.04275251953345
            ],
            3.0256751256223664
        ],
        [
            [
                164.85346515367968,
                433.5489567383074
            ],
            4.830163394780513
        ],
        [
            [
                241.29632497950527,
                32.653259901014145
            ],
            5.458215628956556
        ],
        [
            [
                104.9214653910667,
                272.8935682854411
            ],
            5.068185405434624
        ],
        [
            [
                120.4465456617527,
                67.04568049116693
            ],
            3.004379820636668
        ],
        [
            [
                80.04210483565917,
                398.9666713981046
            ],
            3.5708285120149754
        ],
        [
            [
                399.29438467070315,
                393.63597956366283
            ],
            3.1931311073509194
        ],
        [
            [
                177.171562733708,
                162.0536328277156
            ],
            5.06518898774787
        ],
        [
            [
                187.28523244832527,
                170.37895769050104
            ],
            5.349317755400939
        ],
        [
            [
                74.7947879876967,
                293.1977723765549
            ],
            5.500960304356839
        ],
        [
            [
                307.4492974761616,
                274.78970320920416
            ],
            4.169984558075959
        ],
        [
            [
                184.44637253002065,
                266.7320207926474
            ],
            4.4092401781651045
        ],
        [
            [
                456.6404589214636,
                272.5186255067311
            ],
            3.633586303782608
        ],
        [
            [
                90.63194913786221,
                82.22896514232816
            ],
            4.791320212387906
        ],
        [
            [
                465.57045910384073,
                190.15845426189966
            ],
            5.847531311348973
        ],
        [
            [
                256.9411733452334,
                321.42880961042334
            ],
            5.854297375360371
        ],
        [
            [
                29.833963763862513,
                133.16790022576905
            ],
            5.915138836243669
        ],
        [
            [
                448.81232190968166,
                29.08200384642227
            ],
            3.254943184105038
        ],
        [
            [
                173.13011519425703,
                481.614240261656
            ],
            5.956986622858906
        ],
        [
            [
                494.280975743216,
                242.0440678402238
            ],
            5.537643612911234
        ],
        [
            [
                50.630871666401305,
                151.1902606937982
            ],
            4.226890650092887
        ],
        [
            [
                497.0114829679391,
                88.29050235014219
            ],
            3.693980003831274
        ],
        [
            [
                165.47832203830643,
                113.19934561744807
            ],
            3.0321846664379994
        ],
        [
            [
                202.09036786295852,
                52.768921045135556
            ],
            3.038455356321921
        ],
        [
            [
                379.60951069277365,
                39.40363837063772
            ],
            4.663479342532305
        ],
        [
            [
                245.01930889520483,
                254.76357147395407
            ],
            4.066862775416608
        ],
        [
            [
                270.6154986376711,
                252.97108906775773
            ],
            5.658416904152452
        ],
        [
            [
                396.20833595528285,
                461.5811644875832
            ],
            3.864055074773001
        ],
        [
            [
                35.22464189260861,
                20.64654064696626
            ],
            3.450071396804601
        ],
        [
            [
                332.3640978476048,
                401.42828267605165
            ],
            4.667065373021725
        ],
        [
            [
                383.18335195180964,
                258.6953886922855
            ],
            4.678545540541705
        ],
        [
            [
                10.299105450091307,
                64.95405214853655
            ],
            3.2997269525972652
        ],
        [
            [
                184.4190579807342,
                507.77514391228726
            ],
            3.1196524914824755
        ],
        [
            [
                393.57537836780494,
